ts_code,list_date,delist_date,has_security_master,has_index_membership,has_daily_bar,passed,issue
000001.SZ,1991-04-03,,True,False,False,True,
000002.SZ,1991-01-29,,True,False,False,True,
000003.SZ,1991-01-14,2002-06-14,True,False,False,True,
000004.SZ,1990-12-01,2026-07-14,True,False,True,True,
000005.SZ,1990-12-10,2024-04-26,True,False,True,True,
000006.SZ,1992-04-27,,True,True,True,True,
000007.SZ,1992-04-13,,True,False,False,True,
000008.SZ,1992-05-07,,True,True,True,True,
000009.SZ,1991-06-25,,True,True,True,True,
000010.SZ,1995-10-27,,True,False,False,True,
000011.SZ,1992-03-30,,True,False,False,True,
000012.SZ,1992-02-28,,True,True,True,True,
000013.SZ,1992-05-06,2004-09-20,True,False,False,True,
000014.SZ,1992-06-02,,True,False,False,True,
000015.SZ,1992-06-25,2001-10-25,True,False,False,True,
000016.SZ,1992-03-27,,True,False,False,True,
000017.SZ,1992-03-31,,True,False,False,True,
000018.SZ,1992-06-16,2020-01-07,True,False,True,True,
000019.SZ,1992-10-12,,True,False,False,True,
000020.SZ,1992-04-28,,True,False,False,True,
000021.SZ,1994-02-02,,True,True,True,True,
000023.SZ,1993-04-29,2024-09-02,True,False,True,True,
000024.SZ,1993-06-07,2015-12-30,True,False,True,True,
000025.SZ,1993-06-21,,True,True,True,True,
000026.SZ,1993-06-03,,True,False,False,True,
000027.SZ,1993-09-03,,True,True,True,True,
000028.SZ,1993-08-09,,True,True,True,True,
000029.SZ,1993-09-15,,True,False,False,True,
000030.SZ,1993-09-29,,True,True,True,True,
000031.SZ,1993-10-08,,True,True,True,True,
000032.SZ,1993-10-28,,True,True,True,True,
000033.SZ,1994-01-03,2017-07-07,True,False,True,True,
000034.SZ,1994-05-09,,True,True,True,True,
000035.SZ,1994-04-08,,True,False,False,True,
000036.SZ,1994-06-17,,True,False,False,True,
000037.SZ,1994-07-01,,True,False,False,True,
000038.SZ,1994-08-08,2023-07-12,True,False,True,True,
000039.SZ,1994-04-08,,True,True,True,True,
000040.SZ,1994-08-08,2025-04-30,True,False,True,True,
000042.SZ,1994-09-21,,True,False,False,True,
000045.SZ,1994-08-15,,True,False,False,True,
000046.SZ,1994-09-12,2024-02-07,True,True,True,True,
000047.SZ,1994-10-21,2003-05-30,True,False,False,True,
000048.SZ,1994-11-01,,True,False,False,True,
000049.SZ,1995-03-20,,True,True,True,True,
000050.SZ,1995-03-15,,True,True,True,True,
000055.SZ,1996-04-15,,True,False,False,True,
000056.SZ,1996-07-08,,True,False,False,True,
000058.SZ,1996-12-26,,True,False,False,True,
000059.SZ,1997-01-30,,True,False,False,True,
000060.SZ,1997-01-23,,True,True,True,True,
000061.SZ,1997-01-10,,True,True,True,True,
000062.SZ,1997-01-30,,True,True,True,True,
000063.SZ,1997-11-18,,True,False,False,True,
000065.SZ,1998-06-05,,True,False,False,True,
000066.SZ,1997-06-26,,True,True,True,True,
000068.SZ,1997-06-11,,True,False,False,True,
000069.SZ,1997-09-10,,True,False,False,True,
000070.SZ,2000-05-11,,True,False,False,True,
000078.SZ,1998-12-18,,True,True,True,True,
000088.SZ,1997-07-28,,True,True,True,True,
000089.SZ,1998-04-20,,True,True,True,True,
000090.SZ,1999-07-21,,True,True,True,True,
000096.SZ,2000-07-24,,True,False,False,True,
000099.SZ,2000-07-31,,True,True,True,True,
000100.SZ,2004-01-30,,True,False,False,True,
000150.SZ,2000-08-07,2023-06-09,True,False,True,True,
000151.SZ,2000-09-06,,True,False,False,True,
000153.SZ,2000-09-20,,True,False,False,True,
000155.SZ,2000-09-26,,True,True,True,True,
000156.SZ,2000-09-06,,True,True,True,True,
000157.SZ,2000-10-12,,True,False,False,True,
000158.SZ,2000-07-24,,True,True,True,True,
000159.SZ,2000-09-26,,True,False,False,True,
000166.SZ,2015-01-26,,True,False,False,True,
000301.SZ,2000-05-29,,True,True,True,True,
000333.SZ,2013-09-18,,True,False,False,True,
000338.SZ,2007-04-30,,True,False,False,True,
000400.SZ,1997-04-18,,True,True,True,True,
000401.SZ,1996-06-14,,True,True,True,True,
000402.SZ,1996-06-26,,True,True,True,True,
000403.SZ,1996-06-28,,True,True,True,True,
000404.SZ,1996-06-19,,True,False,False,True,
000405.SZ,1996-06-20,2004-03-19,True,False,False,True,
000406.SZ,1996-06-28,2006-04-21,True,False,False,True,
000407.SZ,1996-07-03,,True,False,False,True,
000408.SZ,1996-06-28,,True,False,False,True,
000409.SZ,1996-06-27,,True,False,False,True,
000410.SZ,1996-07-18,,True,False,False,True,
000411.SZ,1996-07-16,,True,False,False,True,
000412.SZ,1996-07-15,2003-09-19,True,False,False,True,
000413.SZ,1996-09-25,2024-10-11,True,False,True,True,
000415.SZ,1996-07-16,,True,True,True,True,
000416.SZ,1996-07-19,2024-06-05,True,False,True,True,
000417.SZ,1996-08-12,,True,True,True,True,
000418.SZ,1997-03-28,2019-06-21,True,True,True,True,
000419.SZ,1996-08-16,,True,False,False,True,
000420.SZ,1996-08-02,,True,False,False,True,
000421.SZ,1996-08-06,,True,False,False,True,
000422.SZ,1996-08-15,,True,True,True,True,
000423.SZ,1996-07-29,,True,True,True,True,
000425.SZ,1996-08-28,,True,False,False,True,
000426.SZ,1996-08-28,,True,True,True,True,
000428.SZ,1996-08-08,,True,False,False,True,
000429.SZ,1998-02-20,,True,True,True,True,
000430.SZ,1996-08-29,,True,False,False,True,
000488.SZ,2000-11-20,,True,True,True,True,
000498.SZ,1997-06-09,,True,False,False,True,
000501.SZ,1992-11-20,,True,True,True,True,
000502.SZ,1992-11-23,2022-06-27,True,False,True,True,
000503.SZ,1992-11-30,,True,False,False,True,
000504.SZ,1992-12-08,,True,False,False,True,
000505.SZ,1992-12-21,,True,False,False,True,
000506.SZ,1993-03-12,,True,True,True,True,
000507.SZ,1993-03-26,,True,False,False,True,
000508.SZ,1993-04-30,1999-07-12,True,False,False,True,
000509.SZ,1993-05-07,,True,False,False,True,
000510.SZ,1993-05-07,,True,True,True,True,
000511.SZ,1993-05-18,2018-07-18,True,True,True,True,
000513.SZ,1993-10-28,,True,True,True,True,
000514.SZ,1993-07-12,,True,False,False,True,
000515.SZ,1993-07-12,2009-05-06,True,False,False,True,
000516.SZ,1993-08-09,,True,False,False,True,
000517.SZ,1993-08-06,,True,True,True,True,
000518.SZ,1993-09-08,,True,False,False,True,
000519.SZ,1993-10-08,,True,True,True,True,
000520.SZ,1993-10-25,,True,False,False,True,
000521.SZ,1993-10-18,,True,False,False,True,
000522.SZ,1993-11-08,2013-04-26,True,False,False,True,
000523.SZ,1993-11-08,,True,False,False,True,
000524.SZ,1993-11-18,,True,False,False,True,
000525.SZ,1993-10-28,,True,True,True,True,
000526.SZ,1993-11-01,,True,False,False,True,
000527.SZ,1993-11-12,2013-09-18,True,False,False,True,
000528.SZ,1993-11-18,,True,True,True,True,
000529.SZ,1993-11-18,,True,False,False,True,
000530.SZ,1993-12-08,,True,False,False,True,
000531.SZ,1994-01-06,,True,False,False,True,
000532.SZ,1994-01-03,,True,False,False,True,
000533.SZ,1994-01-03,,True,False,False,True,
000534.SZ,1994-01-10,,True,False,False,True,
000535.SZ,1993-11-30,2005-09-21,True,False,False,True,
000536.SZ,1993-11-26,,True,True,True,True,
000537.SZ,1993-12-10,,True,True,True,True,
000538.SZ,1993-12-15,,True,False,False,True,
000539.SZ,1993-11-26,,True,True,True,True,
000540.SZ,1994-02-02,2023-06-30,True,True,True,True,
000541.SZ,1993-11-23,,True,True,True,True,
000542.SZ,1993-12-01,2004-01-13,True,False,False,True,
000543.SZ,1993-12-20,,True,True,True,True,
000544.SZ,1993-12-08,,True,False,False,True,
000545.SZ,1993-12-15,,True,False,False,True,
000546.SZ,1993-12-15,,True,False,False,True,
000547.SZ,1993-11-30,,True,True,True,True,
000548.SZ,1993-12-20,,True,False,False,True,
000549.SZ,1993-12-20,2007-04-27,True,False,False,True,
000550.SZ,1993-12-01,,True,True,True,True,
000551.SZ,1994-01-06,,True,False,False,True,
000552.SZ,1994-01-06,,True,True,True,True,
000553.SZ,1993-12-03,,True,True,True,True,
000554.SZ,1993-12-15,,True,False,False,True,
000555.SZ,1994-04-08,,True,True,True,True,
000556.SZ,1994-05-25,2002-06-03,True,False,False,True,
000557.SZ,1994-06-17,,True,False,False,True,
000558.SZ,1994-05-09,,True,False,False,True,
000559.SZ,1994-01-10,,True,True,True,True,
000560.SZ,1994-02-02,,True,False,False,True,
000561.SZ,1994-05-09,,True,False,False,True,
000562.SZ,1994-02-02,2015-01-26,True,False,True,True,
000563.SZ,1994-01-10,,True,True,True,True,
000564.SZ,1994-01-10,,True,True,True,True,
000565.SZ,1994-04-08,,True,False,False,True,
000566.SZ,1994-05-25,,True,True,True,True,
000567.SZ,1994-05-25,,True,False,False,True,
000568.SZ,1994-05-09,,True,False,False,True,
000569.SZ,1994-04-25,2009-05-06,True,False,False,True,
000570.SZ,1994-07-01,,True,False,False,True,
000571.SZ,1994-05-25,,True,False,False,True,
000572.SZ,1994-08-08,,True,True,True,True,
000573.SZ,1994-08-15,,True,False,False,True,
000576.SZ,1994-09-07,,True,False,False,True,
000578.SZ,1995-03-03,2011-03-22,True,False,False,True,
000581.SZ,1998-09-24,,True,True,True,True,
000582.SZ,1995-11-02,,True,True,True,True,
000583.SZ,1995-11-01,2007-05-21,True,False,False,True,
000584.SZ,1995-11-28,2025-07-11,True,False,True,True,
000585.SZ,1995-12-13,2022-05-24,True,False,True,True,
000586.SZ,1995-12-20,,True,False,False,True,
000587.SZ,1996-04-25,2023-04-03,True,True,True,True,
000588.SZ,1996-01-23,2001-06-16,True,False,False,True,
000589.SZ,1996-03-08,,True,False,False,True,
000590.SZ,1996-01-19,,True,False,False,True,
000591.SZ,1996-02-08,,True,True,True,True,
000592.SZ,1996-03-27,,True,True,True,True,
000593.SZ,1996-03-12,,True,False,False,True,
000594.SZ,1996-03-20,2015-07-13,True,False,True,True,
000595.SZ,1996-04-19,,True,False,False,True,
000596.SZ,1996-09-27,,True,True,True,True,
000597.SZ,1996-05-23,,True,False,False,True,
000598.SZ,1996-05-29,,True,True,True,True,
000599.SZ,1996-04-30,,True,False,False,True,
000600.SZ,1996-06-06,,True,True,True,True,
000601.SZ,1996-08-30,,True,False,False,True,
000602.SZ,1996-08-19,2013-08-14,True,False,False,True,
000603.SZ,1996-08-23,,True,True,True,True,
000605.SZ,1996-09-13,,True,False,False,True,
000606.SZ,1996-10-04,2023-07-06,True,False,True,True,
000607.SZ,1996-08-30,,True,False,False,True,
000608.SZ,1996-09-19,,True,False,False,True,
000609.SZ,1996-10-10,,True,False,False,True,
000610.SZ,1996-09-26,,True,False,False,True,
000611.SZ,1996-10-08,2022-06-28,True,False,True,True,
000612.SZ,1996-09-26,,True,True,True,True,
000613.SZ,1997-01-28,2022-06-29,True,False,True,True,
000615.SZ,1996-10-16,,True,False,False,True,
000616.SZ,1996-11-08,2023-08-23,True,True,True,True,
000617.SZ,1996-10-22,,True,False,False,True,
000618.SZ,1996-10-15,2006-02-20,True,False,False,True,
000619.SZ,1996-10-23,,True,False,False,True,
000620.SZ,1996-10-29,,True,True,True,True,
000621.SZ,1996-11-05,2004-09-27,True,False,False,True,
000622.SZ,1996-11-07,2025-07-16,True,False,True,True,
000623.SZ,1996-10-28,,True,True,True,True,
000625.SZ,1997-06-10,,True,False,False,True,
000626.SZ,1996-11-28,,True,False,False,True,
000627.SZ,1996-11-12,2025-09-30,True,False,True,True,
000628.SZ,1996-11-18,,True,False,False,True,
000629.SZ,1996-11-15,,True,True,True,True,
000630.SZ,1996-11-20,,True,True,True,True,
000631.SZ,1996-11-22,,True,True,True,True,
000632.SZ,1996-11-21,,True,False,False,True,
000633.SZ,1996-11-12,,True,False,False,True,
000635.SZ,1996-11-20,,True,False,False,True,
000636.SZ,1996-11-29,,True,True,True,True,
000637.SZ,1996-11-14,,True,False,False,True,
000638.SZ,1996-11-26,2026-06-03,True,False,True,True,
000639.SZ,1996-11-26,,True,False,False,True,
000650.SZ,1996-12-10,,True,True,True,True,
000651.SZ,1996-11-18,,True,False,False,True,
000652.SZ,1996-11-28,,True,True,True,True,
000653.SZ,1996-11-26,2002-09-13,True,False,False,True,
000655.SZ,1996-11-28,,True,False,False,True,
000656.SZ,1996-11-28,,True,True,True,True,
000657.SZ,1996-12-05,,True,True,True,True,
000658.SZ,1996-12-18,2002-09-20,True,False,False,True,
000659.SZ,1996-12-03,,True,False,False,True,
000660.SZ,1996-12-09,2004-09-13,True,False,False,True,
000661.SZ,1996-12-18,,True,True,True,True,
000662.SZ,1996-12-16,2021-04-12,True,True,True,True,
000663.SZ,1996-12-06,,True,False,False,True,
000665.SZ,1996-12-10,,True,False,False,True,
000666.SZ,1996-12-10,2023-10-26,True,False,True,True,
000667.SZ,1996-12-05,2023-07-14,True,True,True,True,
000668.SZ,1996-12-10,,True,False,False,True,
000669.SZ,1996-12-10,,True,True,True,True,
000670.SZ,1996-12-17,,True,False,False,True,
000671.SZ,1996-12-18,2023-08-16,True,True,True,True,
000672.SZ,1996-12-18,,True,False,False,True,
000673.SZ,1997-01-24,2022-07-04,True,False,True,True,
000675.SZ,1996-12-26,2002-08-20,True,False,False,True,
000676.SZ,1996-12-24,,True,False,False,True,
000677.SZ,1996-12-26,,True,False,False,True,
000678.SZ,1997-01-06,,True,False,False,True,
000679.SZ,1997-01-24,,True,False,False,True,
000680.SZ,1997-01-22,,True,True,True,True,
000681.SZ,1997-01-21,,True,True,True,True,
000682.SZ,1997-01-21,,True,False,False,True,
000683.SZ,1997-01-31,,True,True,True,True,
000685.SZ,1997-01-23,,True,True,True,True,
000686.SZ,1997-02-27,,True,True,True,True,
000687.SZ,1997-02-21,2022-06-17,True,False,True,True,
000688.SZ,1997-01-20,,True,True,True,True,
000689.SZ,1996-12-31,2002-09-05,True,False,False,True,
000690.SZ,1997-01-28,,True,True,True,True,
000691.SZ,1997-02-28,,True,False,False,True,
000692.SZ,1997-02-27,,True,False,False,True,
000693.SZ,1997-02-26,2019-07-09,True,True,True,True,
000695.SZ,1997-02-18,,True,False,False,True,
000697.SZ,1997-03-25,,True,True,True,True,
000698.SZ,1997-02-20,,True,False,False,True,
000699.SZ,1997-03-10,2007-04-04,True,False,False,True,
000700.SZ,1997-02-28,,True,False,False,True,
000701.SZ,1997-02-26,,True,False,False,True,
000702.SZ,1997-03-18,,True,False,False,True,
000703.SZ,1997-03-28,,True,True,True,True,
000705.SZ,1997-04-10,,True,False,False,True,
000707.SZ,1997-04-15,,True,False,False,True,
000708.SZ,1997-03-26,,True,False,False,True,
000709.SZ,1997-04-16,,True,True,True,True,
000710.SZ,1997-04-22,,True,False,False,True,
000711.SZ,1997-04-11,,True,False,False,True,
000712.SZ,1997-04-15,,True,True,True,True,
000713.SZ,1997-04-22,,True,False,False,True,
000715.SZ,1997-05-08,,True,False,False,True,
000716.SZ,1997-04-18,,True,False,False,True,
000717.SZ,1997-05-08,,True,True,True,True,
000718.SZ,1997-04-08,,True,True,True,True,
000719.SZ,1997-03-31,,True,True,True,True,
000720.SZ,1997-05-09,,True,False,False,True,
000721.SZ,1997-04-30,,True,False,False,True,
000722.SZ,1997-05-22,,True,False,False,True,
000723.SZ,1997-05-15,,True,True,True,True,
000725.SZ,2001-01-12,,True,False,False,True,
000726.SZ,2000-12-25,,True,True,True,True,
000727.SZ,1997-05-20,,True,True,True,True,
000728.SZ,1997-06-16,,True,True,True,True,
000729.SZ,1997-07-16,,True,True,True,True,
000730.SZ,1997-05-22,2004-09-24,True,False,False,True,
000731.SZ,1997-06-17,,True,False,False,True,
000732.SZ,1997-07-04,2023-08-04,True,True,True,True,
000733.SZ,1997-07-03,,True,True,True,True,
000735.SZ,1997-06-11,,True,True,True,True,
000736.SZ,1997-04-25,,True,False,False,True,
000737.SZ,1997-04-28,,True,True,True,True,
000738.SZ,1997-06-26,,True,True,True,True,
000739.SZ,1997-05-09,,True,True,True,True,
000748.SZ,1997-07-04,2017-01-18,True,True,True,True,
000750.SZ,1997-07-09,,True,True,True,True,
000751.SZ,1997-06-26,,True,False,False,True,
000752.SZ,1997-06-25,,True,False,False,True,
000753.SZ,1997-06-26,,True,False,False,True,
000755.SZ,1997-06-27,,True,False,False,True,
000756.SZ,1997-08-06,,True,False,False,True,
000757.SZ,1997-06-27,,True,False,False,True,
000758.SZ,1997-04-16,,True,True,True,True,
000759.SZ,1997-05-19,,True,False,False,True,
000760.SZ,1997-06-27,2021-07-23,True,False,True,True,
000761.SZ,1998-01-15,,True,True,True,True,
000762.SZ,1997-07-08,,True,True,True,True,
000763.SZ,1997-09-15,2006-01-04,True,False,False,True,
000765.SZ,1997-11-03,2005-07-04,True,False,False,True,
000766.SZ,1997-04-30,,True,True,True,True,
000767.SZ,1997-06-09,,True,False,False,True,
000768.SZ,1997-06-26,,True,False,False,True,
000769.SZ,1997-05-30,2005-09-21,True,False,False,True,
000776.SZ,1997-06-11,,True,False,False,True,
000777.SZ,1997-07-10,,True,True,True,True,
000778.SZ,1997-06-06,,True,True,True,True,
000779.SZ,1997-05-28,,True,False,False,True,
000780.SZ,1997-06-06,2022-01-24,True,True,True,True,
000782.SZ,1997-06-19,,True,False,False,True,
000783.SZ,1997-07-31,,True,True,True,True,
000785.SZ,1997-07-11,,True,True,True,True,
000786.SZ,1997-06-06,,True,True,True,True,
000787.SZ,1997-06-26,2013-02-08,True,False,False,True,
000788.SZ,1997-06-16,,True,True,True,True,
000789.SZ,1997-09-23,,True,False,False,True,
000790.SZ,1998-03-27,,True,False,False,True,
000791.SZ,1997-10-14,,True,False,False,True,
000792.SZ,1997-09-04,,True,False,False,True,
000793.SZ,1997-07-29,,True,False,False,True,
000795.SZ,1997-08-08,,True,False,False,True,
000796.SZ,1997-07-03,,True,False,False,True,
000797.SZ,1997-07-15,,True,False,False,True,
000798.SZ,1998-02-12,,True,False,False,True,
000799.SZ,1997-07-18,,True,True,True,True,
000800.SZ,1997-06-18,,True,True,True,True,
000801.SZ,1998-05-06,,True,False,False,True,
000802.SZ,1998-01-08,,True,False,False,True,
000803.SZ,1998-03-03,,True,False,False,True,
000805.SZ,1998-05-29,2013-03-27,True,False,False,True,
000806.SZ,1998-04-16,2023-07-06,True,True,True,True,
000807.SZ,1998-04-08,,True,True,True,True,
000809.SZ,1998-06-16,,True,True,True,True,
000810.SZ,1998-06-02,,True,True,True,True,
000811.SZ,1998-05-28,,True,False,False,True,
000812.SZ,1998-06-23,,True,False,False,True,
000813.SZ,1998-05-19,,True,True,True,True,
000815.SZ,1998-06-09,,True,False,False,True,
000816.SZ,1997-08-18,,True,True,True,True,
000817.SZ,1998-05-28,2006-01-04,True,False,False,True,
000818.SZ,1997-10-17,,True,True,True,True,
000819.SZ,1997-06-25,,True,False,False,True,
000820.SZ,1998-06-30,,True,False,False,True,
000821.SZ,1998-06-26,,True,False,False,True,
000822.SZ,1998-07-03,,True,False,False,True,
000823.SZ,1997-10-08,,True,True,True,True,
000825.SZ,1998-10-21,,True,True,True,True,
000826.SZ,1998-02-25,,True,True,True,True,
000827.SZ,1998-10-16,2005-09-21,True,False,False,True,
000828.SZ,1997-06-17,,True,False,False,True,
000829.SZ,1997-12-02,,True,True,True,True,
000830.SZ,1998-08-07,,True,True,True,True,
000831.SZ,1998-09-11,,True,True,True,True,
000832.SZ,1998-08-25,2006-06-29,True,False,False,True,
000833.SZ,1998-11-11,,True,False,False,True,
000835.SZ,1999-06-25,2022-05-23,True,False,True,True,
000836.SZ,1997-09-29,2024-08-12,True,False,True,True,
000837.SZ,1998-09-28,,True,False,False,True,
000838.SZ,1997-06-26,,True,False,False,True,
000839.SZ,1997-10-31,,True,False,False,True,
000848.SZ,1997-11-13,,True,True,True,True,
000850.SZ,1998-10-07,,True,True,True,True,
000851.SZ,1998-06-09,2025-11-11,True,False,True,True,
000852.SZ,1998-11-26,,True,True,True,True,
000856.SZ,1998-08-13,,True,False,False,True,
000858.SZ,1998-04-27,,True,False,False,True,
000859.SZ,1998-11-19,,True,False,False,True,
000860.SZ,1998-11-04,,True,True,True,True,
000861.SZ,1998-10-28,2024-09-18,True,True,True,True,
000862.SZ,1998-09-15,,True,False,False,True,
000863.SZ,1997-09-25,,True,False,False,True,
000866.SZ,1998-05-12,2006-04-21,True,False,False,True,
000868.SZ,1997-07-25,,True,False,False,True,
000869.SZ,2000-10-26,,True,True,True,True,
000875.SZ,2002-09-26,,True,False,False,True,
000876.SZ,1998-03-11,,True,False,False,True,
000877.SZ,1999-01-07,,True,True,True,True,
000878.SZ,1998-06-02,,True,True,True,True,
000880.SZ,1998-04-02,,True,False,False,True,
000881.SZ,1998-09-02,,True,False,False,True,
000882.SZ,1998-06-16,,True,False,False,True,
000883.SZ,1998-05-19,,True,True,True,True,
000885.SZ,1999-03-19,,True,False,False,True,
000886.SZ,1998-01-23,,True,True,True,True,
000887.SZ,1998-12-03,,True,True,True,True,
000888.SZ,1997-10-21,,True,False,False,True,
000889.SZ,1997-12-18,,True,False,False,True,
000890.SZ,1999-01-19,,True,False,False,True,
000892.SZ,1999-01-15,,True,False,False,True,
000893.SZ,1998-12-24,,True,True,True,True,
000895.SZ,1998-12-10,,True,False,False,True,
000897.SZ,1999-04-22,,True,True,True,True,
000898.SZ,1997-12-25,,True,True,True,True,
000899.SZ,1997-11-26,,True,False,False,True,
000900.SZ,1999-01-28,,True,True,True,True,
000901.SZ,1999-04-01,,True,False,False,True,
000902.SZ,1999-04-08,,True,False,False,True,
000903.SZ,1999-04-15,,True,False,False,True,
000905.SZ,1999-04-29,,True,False,False,True,
000906.SZ,1999-07-07,,True,False,False,True,
000908.SZ,1999-02-03,,True,False,False,True,
000909.SZ,1999-05-07,,True,False,False,True,
000910.SZ,1999-06-30,,True,False,False,True,
000911.SZ,1999-05-27,,True,False,False,True,
000912.SZ,1999-06-03,,True,False,False,True,
000913.SZ,1999-05-14,,True,False,False,True,
000915.SZ,1999-06-09,,True,False,False,True,
000916.SZ,1999-09-27,2017-12-25,True,False,True,True,
000917.SZ,1999-03-25,,True,False,False,True,
000918.SZ,1999-07-20,2023-07-28,True,False,True,True,
000919.SZ,1999-11-18,,True,True,True,True,
000920.SZ,1999-06-16,,True,False,False,True,
000921.SZ,1999-07-13,,True,True,True,True,
000922.SZ,1999-06-18,,True,False,False,True,
000923.SZ,1999-07-14,,True,False,False,True,
000925.SZ,1999-06-11,,True,False,False,True,
000926.SZ,1999-06-18,,True,True,True,True,
000927.SZ,1999-07-27,,True,True,True,True,
000928.SZ,1999-03-12,,True,False,False,True,
000929.SZ,1999-06-23,,True,False,False,True,
000930.SZ,1999-07-12,,True,True,True,True,
000931.SZ,1999-07-12,,True,True,True,True,
000932.SZ,1999-08-03,,True,True,True,True,
000933.SZ,1999-08-31,,True,True,True,True,
000935.SZ,1999-08-24,,True,False,False,True,
000936.SZ,1999-08-10,,True,False,False,True,
000937.SZ,1999-09-09,,True,True,True,True,
000938.SZ,1999-11-04,,True,False,False,True,
000939.SZ,1999-09-23,2020-12-17,True,True,True,True,
000948.SZ,1999-10-14,,True,False,False,True,
000949.SZ,1999-10-21,,True,False,False,True,
000950.SZ,1999-09-16,,True,False,False,True,
000951.SZ,1999-11-25,,True,True,True,True,
000952.SZ,1999-11-12,,True,False,False,True,
000953.SZ,1999-12-02,,True,False,False,True,
000955.SZ,1999-12-09,,True,False,False,True,
000956.SZ,1999-11-10,2006-04-21,True,False,False,True,
000957.SZ,2000-01-13,,True,False,False,True,
000958.SZ,1999-12-23,,True,True,True,True,
000959.SZ,1999-12-16,,True,True,True,True,
000960.SZ,2000-02-21,,True,True,True,True,
000961.SZ,2000-03-01,2024-07-11,True,True,True,True,
000962.SZ,2000-01-20,,True,True,True,True,
000963.SZ,2000-01-27,,True,False,False,True,
000965.SZ,2000-04-06,,True,False,False,True,
000966.SZ,2000-03-16,,True,False,False,True,
000967.SZ,2000-03-30,,True,True,True,True,
000968.SZ,2000-06-22,,True,False,False,True,
000969.SZ,2000-05-29,,True,True,True,True,
000970.SZ,2000-04-20,,True,True,True,True,
000971.SZ,2000-04-27,2024-07-24,True,False,True,True,
000972.SZ,2000-09-26,,True,False,False,True,
000973.SZ,2000-05-25,,True,True,True,True,
000975.SZ,2000-06-08,,True,True,True,True,
000976.SZ,2000-06-01,2024-08-27,True,False,True,True,
000977.SZ,2000-06-08,,True,True,True,True,
000978.SZ,2000-05-18,,True,False,False,True,
000979.SZ,2000-06-16,2018-12-28,True,True,True,True,
000980.SZ,2000-06-16,,True,True,True,True,
000981.SZ,2000-06-22,,True,True,True,True,
000982.SZ,2000-07-06,2024-08-12,True,True,True,True,
000983.SZ,2000-07-26,,True,True,True,True,
000985.SZ,2000-07-26,,True,False,False,True,
000987.SZ,2000-07-18,,True,True,True,True,
000988.SZ,2000-06-08,,True,True,True,True,
000989.SZ,2000-06-28,,True,False,False,True,
000990.SZ,2000-07-06,,True,True,True,True,
000993.SZ,2000-07-31,,True,False,False,True,
000995.SZ,2000-08-07,,True,False,False,True,
000996.SZ,2000-07-18,2024-06-28,True,False,True,True,
000997.SZ,2000-08-07,,True,True,True,True,
000998.SZ,2000-12-11,,True,True,True,True,
000999.SZ,2000-03-09,,True,True,True,True,
001201.SZ,2021-04-28,,True,False,False,True,
001202.SZ,2021-04-29,,True,False,False,True,
001203.SZ,2021-05-10,,True,True,True,True,
001205.SZ,2021-05-13,,True,False,False,True,
001206.SZ,2021-05-18,,True,False,False,True,
001207.SZ,2021-06-23,,True,False,False,True,
001208.SZ,2021-06-24,,True,False,False,True,
001209.SZ,2021-07-23,,True,False,False,True,
001210.SZ,2021-07-29,,True,False,False,True,
001211.SZ,2021-08-05,,True,False,False,True,
001212.SZ,2021-08-23,,True,False,False,True,
001213.SZ,2021-09-08,,True,True,True,True,
001215.SZ,2021-09-06,,True,False,False,True,
001216.SZ,2021-10-19,,True,False,False,True,
001217.SZ,2021-09-29,,True,False,False,True,
001218.SZ,2021-10-15,,True,False,False,True,
001219.SZ,2021-10-21,,True,False,False,True,
001220.SZ,2026-02-03,,True,False,False,True,
001221.SZ,2025-07-30,,True,True,True,True,
001222.SZ,2022-08-18,,True,False,False,True,
001223.SZ,2022-12-12,,True,False,False,True,
001225.SZ,2023-02-22,,True,False,False,True,
001226.SZ,2022-06-22,,True,False,False,True,
001227.SZ,2022-01-17,,True,True,True,True,
001228.SZ,2022-04-29,,True,False,False,True,
001229.SZ,2022-08-08,,True,False,False,True,
001230.SZ,2022-07-15,,True,False,False,True,
001231.SZ,2022-08-19,,True,False,False,True,
001233.SZ,2025-11-25,,True,False,False,True,
001234.SZ,2022-01-11,,True,False,False,True,
001236.SZ,2022-08-05,,True,False,False,True,
001237.SZ,2026-05-22,,True,False,False,True,
001238.SZ,2022-09-19,,True,False,False,True,
001239.SZ,2023-12-12,,True,False,False,True,
001248.SZ,2026-07-02,,True,False,False,True,
001255.SZ,2022-09-30,,True,False,False,True,
001256.SZ,2022-12-05,,True,False,False,True,
001257.SZ,2026-03-31,,True,False,False,True,
001258.SZ,2022-07-27,,True,False,False,True,
001259.SZ,2022-08-31,,True,False,False,True,
001260.SZ,2023-02-16,,True,False,False,True,
001266.SZ,2022-02-28,,True,False,False,True,
001267.SZ,2021-11-17,,True,False,False,True,
001268.SZ,2022-06-30,,True,False,False,True,
001269.SZ,2022-09-30,,True,False,False,True,
001270.SZ,2022-06-06,,True,False,False,True,
001277.SZ,2024-09-03,,True,False,False,True,
001278.SZ,2023-03-08,,True,False,False,True,
001279.SZ,2024-10-11,,True,False,False,True,
001280.SZ,2025-12-03,,True,False,False,True,
001282.SZ,2023-05-24,,True,False,False,True,
001283.SZ,2022-09-05,,True,False,False,True,
001285.SZ,2025-09-30,,True,False,False,True,
001286.SZ,2023-04-10,,True,True,True,True,
001287.SZ,2023-04-10,,True,False,False,True,
001288.SZ,2021-11-01,,True,False,False,True,
001289.SZ,2022-01-24,,True,False,False,True,
001296.SZ,2021-12-24,,True,False,False,True,
001298.SZ,2022-10-31,,True,False,False,True,
001299.SZ,2022-10-31,,True,False,False,True,
001300.SZ,2022-10-19,,True,False,False,True,
001301.SZ,2022-12-28,,True,False,False,True,
001306.SZ,2023-11-16,,True,False,False,True,
001308.SZ,2022-03-18,,True,False,False,True,
001309.SZ,2022-07-01,,True,True,True,True,
001311.SZ,2023-02-27,,True,False,False,True,
001312.SZ,2026-04-21,,True,False,False,True,
001313.SZ,2022-02-16,,True,False,False,True,
001314.SZ,2023-02-14,,True,False,False,True,
001316.SZ,2022-06-24,,True,False,False,True,
001317.SZ,2021-11-30,,True,False,False,True,
001318.SZ,2022-05-20,,True,False,False,True,
001319.SZ,2022-05-12,,True,False,False,True,
001322.SZ,2022-10-26,,True,False,False,True,
001323.SZ,2022-06-23,,True,False,False,True,
001324.SZ,2023-05-22,,True,False,False,True,
001325.SZ,2025-12-18,,True,False,False,True,
001326.SZ,2023-11-09,,True,False,False,True,
001328.SZ,2023-04-10,,True,False,False,True,
001330.SZ,2022-08-18,,True,False,False,True,
001331.SZ,2022-09-08,,True,False,False,True,
001332.SZ,2022-09-20,,True,False,False,True,
001333.SZ,2022-12-08,,True,False,False,True,
001335.SZ,2025-04-15,,True,False,False,True,
001336.SZ,2022-07-25,,True,False,False,True,
001337.SZ,2023-03-03,,True,False,False,True,
001338.SZ,2022-11-16,,True,False,False,True,
001339.SZ,2022-08-15,,True,False,False,True,
001356.SZ,2025-01-23,,True,False,False,True,
001358.SZ,2023-12-21,,True,False,False,True,
001359.SZ,2024-03-28,,True,False,False,True,
001360.SZ,2023-04-10,,True,False,False,True,
001365.SZ,2026-05-18,,True,False,False,True,
001366.SZ,2023-03-07,,True,False,False,True,
001367.SZ,2023-04-10,,True,False,False,True,
001368.SZ,2023-03-13,,True,False,False,True,
001369.SZ,2025-12-30,,True,False,False,True,
001373.SZ,2023-06-01,,True,False,False,True,
001376.SZ,2023-11-03,,True,False,False,True,
001378.SZ,2023-10-30,,True,False,False,True,
001379.SZ,2024-01-19,,True,False,False,True,
001380.SZ,2023-05-16,,True,False,False,True,
001382.SZ,2025-03-21,,True,False,False,True,
001386.SZ,2025-10-22,,True,True,True,True,
001387.SZ,2024-01-11,,True,False,False,True,
001388.SZ,2025-07-01,,True,False,False,True,
001389.SZ,2024-04-02,,True,True,True,True,
001390.SZ,2025-05-29,,True,False,False,True,
001391.SZ,2024-12-30,,True,False,False,True,
001393.SZ,2026-05-15,,True,False,False,True,
001395.SZ,2025-01-27,,True,False,False,True,
001396.SZ,2025-12-30,,True,False,False,True,
001399.SZ,2026-06-26,,True,False,False,True,
001400.SZ,2025-04-24,,True,False,False,True,
001696.SZ,1997-03-06,,True,True,True,True,
001872.SZ,1993-05-05,,True,True,True,True,
001896.SZ,1998-01-22,,True,False,False,True,
001914.SZ,1994-09-28,,True,True,True,True,
001965.SZ,2017-12-25,,True,True,True,True,
001979.SZ,2015-12-30,,True,False,False,True,
002001.SZ,2004-06-25,,True,True,True,True,
002002.SZ,2004-06-25,2024-03-18,True,True,True,True,
002003.SZ,2004-06-25,,True,False,False,True,
002004.SZ,2004-06-25,,True,True,True,True,
002005.SZ,2004-06-25,,True,True,True,True,
002006.SZ,2004-06-25,,True,False,False,True,
002007.SZ,2004-06-25,,True,True,True,True,
002008.SZ,2004-06-25,,True,True,True,True,
002009.SZ,2004-06-29,,True,False,False,True,
002010.SZ,2004-06-29,,True,True,True,True,
002011.SZ,2004-07-05,,True,True,True,True,
002012.SZ,2004-07-05,,True,False,False,True,
002013.SZ,2004-07-05,2023-03-17,True,True,True,True,
002014.SZ,2004-07-08,,True,False,False,True,
002015.SZ,2004-07-08,,True,False,False,True,
002016.SZ,2004-07-08,,True,False,False,True,
002017.SZ,2004-07-13,,True,False,False,True,
002018.SZ,2004-07-13,2019-11-01,True,True,True,True,
002019.SZ,2004-07-13,,True,True,True,True,
002020.SZ,2004-07-15,,True,False,False,True,
002021.SZ,2004-07-15,,True,False,False,True,
002022.SZ,2004-07-21,,True,True,True,True,
002023.SZ,2004-07-21,,True,False,False,True,
002024.SZ,2004-07-21,,True,False,False,True,
002025.SZ,2004-07-26,,True,True,True,True,
002026.SZ,2004-07-27,,True,False,False,True,
002027.SZ,2004-08-04,,True,False,False,True,
002028.SZ,2004-08-05,,True,True,True,True,
002029.SZ,2004-08-06,,True,True,True,True,
002030.SZ,2004-08-09,,True,True,True,True,
002031.SZ,2004-08-16,,True,False,False,True,
002032.SZ,2004-08-17,,True,True,True,True,
002033.SZ,2004-08-25,,True,False,False,True,
002034.SZ,2004-08-26,,True,False,False,True,
002035.SZ,2004-09-01,,True,False,False,True,
002036.SZ,2004-09-03,,True,False,False,True,
002037.SZ,2004-09-08,,True,False,False,True,
002038.SZ,2004-09-09,,True,True,True,True,
002039.SZ,2005-03-03,,True,False,False,True,
002040.SZ,2005-03-25,,True,False,False,True,
002041.SZ,2005-04-18,,True,True,True,True,
002042.SZ,2005-04-27,,True,False,False,True,
002043.SZ,2005-05-10,,True,False,False,True,
002044.SZ,2005-05-18,,True,True,True,True,
002045.SZ,2005-05-23,,True,False,False,True,
002046.SZ,2005-05-26,,True,False,False,True,
002047.SZ,2005-05-31,,True,False,False,True,
002048.SZ,2005-06-03,,True,True,True,True,
002049.SZ,2005-06-06,,True,True,True,True,
002050.SZ,2005-06-07,,True,True,True,True,
002051.SZ,2006-06-19,,True,True,True,True,
002052.SZ,2006-06-27,,True,True,True,True,
002053.SZ,2006-06-27,,True,False,False,True,
002054.SZ,2006-07-25,,True,False,False,True,
002055.SZ,2006-07-25,,True,False,False,True,
002056.SZ,2006-08-02,,True,True,True,True,
002057.SZ,2006-08-02,,True,False,False,True,
002058.SZ,2006-08-02,,True,False,False,True,
002059.SZ,2006-08-10,,True,False,False,True,
002060.SZ,2006-08-10,,True,False,False,True,
002061.SZ,2006-08-16,,True,False,False,True,
002062.SZ,2006-08-16,,True,False,False,True,
002063.SZ,2006-08-23,,True,True,True,True,
002064.SZ,2006-08-23,,True,True,True,True,
002065.SZ,2006-08-23,,True,True,True,True,
002066.SZ,2006-08-23,,True,False,False,True,
002067.SZ,2006-09-15,,True,False,False,True,
002068.SZ,2006-09-15,,True,False,False,True,
002069.SZ,2006-09-28,,True,True,True,True,
002070.SZ,2006-10-12,2019-07-09,True,False,True,True,
002071.SZ,2006-10-12,2021-05-07,True,False,True,True,
002072.SZ,2006-10-18,,True,False,False,True,
002073.SZ,2006-10-18,,True,True,True,True,
002074.SZ,2006-10-18,,True,True,True,True,
002075.SZ,2006-10-25,,True,True,True,True,
002076.SZ,2006-10-25,,True,False,False,True,
002077.SZ,2006-11-16,,True,False,False,True,
002078.SZ,2006-11-16,,True,True,True,True,
002079.SZ,2006-11-16,,True,False,False,True,
002080.SZ,2006-11-20,,True,True,True,True,
002081.SZ,2006-11-20,,True,True,True,True,
002082.SZ,2006-11-20,,True,False,False,True,
002083.SZ,2006-11-24,,True,True,True,True,
002084.SZ,2006-11-24,,True,False,False,True,
002085.SZ,2006-11-28,,True,True,True,True,
002086.SZ,2006-11-28,,True,False,False,True,
002087.SZ,2006-11-30,2024-06-28,True,False,True,True,
002088.SZ,2006-11-30,,True,False,False,True,
002089.SZ,2006-11-30,2024-04-18,True,False,True,True,
002090.SZ,2006-12-08,,True,False,False,True,
002091.SZ,2006-12-08,,True,True,True,True,
002092.SZ,2006-12-08,,True,True,True,True,
002093.SZ,2006-12-15,,True,True,True,True,
002094.SZ,2006-12-15,,True,False,False,True,
002095.SZ,2006-12-15,,True,False,False,True,
002096.SZ,2006-12-22,,True,False,False,True,
002097.SZ,2006-12-22,,True,False,False,True,
002098.SZ,2006-12-22,,True,False,False,True,
002099.SZ,2006-12-26,,True,False,False,True,
002100.SZ,2006-12-26,,True,False,False,True,
002101.SZ,2006-12-29,,True,False,False,True,
002102.SZ,2006-12-29,,True,False,False,True,
002103.SZ,2007-01-10,,True,False,False,True,
002104.SZ,2007-01-10,,True,False,False,True,
002105.SZ,2007-01-12,,True,False,False,True,
002106.SZ,2007-01-12,,True,True,True,True,
002107.SZ,2007-01-24,,True,False,False,True,
002108.SZ,2007-01-24,,True,False,False,True,
002109.SZ,2007-01-26,,True,False,False,True,
002110.SZ,2007-01-26,,True,True,True,True,
002111.SZ,2007-01-26,,True,False,False,True,
002112.SZ,2007-02-08,,True,False,False,True,
002113.SZ,2007-02-08,2023-08-11,True,False,True,True,
002114.SZ,2007-02-15,,True,False,False,True,
002115.SZ,2007-02-15,,True,False,False,True,
002116.SZ,2007-02-15,,True,False,False,True,
002117.SZ,2007-03-02,,True,False,False,True,
002118.SZ,2007-03-02,2023-08-04,True,True,True,True,
002119.SZ,2007-03-02,,True,False,False,True,
002120.SZ,2007-03-06,,True,True,True,True,
002121.SZ,2007-03-06,,True,False,False,True,
002122.SZ,2007-03-28,,True,True,True,True,
002123.SZ,2007-03-28,,True,True,True,True,
002124.SZ,2007-04-03,,True,True,True,True,
002125.SZ,2007-04-03,,True,False,False,True,
002126.SZ,2007-04-18,,True,True,True,True,
002127.SZ,2007-04-18,,True,True,True,True,
002128.SZ,2007-04-18,,True,True,True,True,
002129.SZ,2007-04-20,,True,True,True,True,
002130.SZ,2007-04-20,,True,True,True,True,
002131.SZ,2007-04-27,,True,True,True,True,
002132.SZ,2007-04-27,,True,False,False,True,
002133.SZ,2007-04-27,,True,False,False,True,
002134.SZ,2007-05-16,,True,False,False,True,
002135.SZ,2007-05-30,,True,False,False,True,
002136.SZ,2007-05-30,,True,False,False,True,
002137.SZ,2007-06-13,,True,False,False,True,
002138.SZ,2007-06-13,,True,True,True,True,
002139.SZ,2007-06-29,,True,False,False,True,
002140.SZ,2007-07-12,,True,True,True,True,
002141.SZ,2007-07-20,,True,False,False,True,
002142.SZ,2007-07-19,,True,False,False,True,
002143.SZ,2007-07-20,2019-11-29,True,True,True,True,
002144.SZ,2007-08-03,,True,False,False,True,
002145.SZ,2007-08-03,,True,False,False,True,
002146.SZ,2007-08-08,,True,True,True,True,
002147.SZ,2007-08-08,2022-06-23,True,True,True,True,
002148.SZ,2007-08-10,,True,False,False,True,
002149.SZ,2007-08-10,,True,False,False,True,
002150.SZ,2007-08-10,,True,False,False,True,
002151.SZ,2007-08-13,,True,False,False,True,
002152.SZ,2007-08-13,,True,True,True,True,
002153.SZ,2007-08-13,,True,True,True,True,
002154.SZ,2007-08-16,,True,False,False,True,
002155.SZ,2007-08-16,,True,True,True,True,
002156.SZ,2007-08-16,,True,True,True,True,
002157.SZ,2007-08-17,,True,True,True,True,
002158.SZ,2007-08-17,,True,False,False,True,
002159.SZ,2007-08-17,,True,False,False,True,
002160.SZ,2007-08-21,,True,False,False,True,
002161.SZ,2007-08-21,,True,True,True,True,
002162.SZ,2007-08-23,,True,False,False,True,
002163.SZ,2007-08-23,,True,False,False,True,
002164.SZ,2007-08-23,,True,False,False,True,
002165.SZ,2007-09-13,,True,False,False,True,
002166.SZ,2007-09-13,,True,False,False,True,
002167.SZ,2007-09-13,,True,False,False,True,
002168.SZ,2007-09-19,,True,True,True,True,
002169.SZ,2007-09-19,,True,False,False,True,
002170.SZ,2007-09-19,,True,False,False,True,
002171.SZ,2007-09-21,,True,False,False,True,
002172.SZ,2007-09-21,,True,False,False,True,
002173.SZ,2007-09-25,,True,False,False,True,
002174.SZ,2007-09-25,,True,True,True,True,
002175.SZ,2007-10-12,,True,False,False,True,
002176.SZ,2007-10-12,,True,True,True,True,
002177.SZ,2007-11-01,,True,False,False,True,
002178.SZ,2007-11-01,,True,False,False,True,
002179.SZ,2007-11-01,,True,True,True,True,
002180.SZ,2007-11-13,,True,True,True,True,
002181.SZ,2007-11-16,,True,True,True,True,
002182.SZ,2007-11-13,,True,False,False,True,
002183.SZ,2007-11-13,,True,True,True,True,
002184.SZ,2007-11-16,,True,False,False,True,
002185.SZ,2007-11-20,,True,True,True,True,
002186.SZ,2007-11-20,,True,False,False,True,
002187.SZ,2007-11-22,,True,False,False,True,
002188.SZ,2007-11-22,,True,False,False,True,
002189.SZ,2007-12-03,,True,False,False,True,
002190.SZ,2007-12-03,,True,True,True,True,
002191.SZ,2007-12-05,,True,True,True,True,
002192.SZ,2007-12-05,,True,True,True,True,
002193.SZ,2007-12-07,,True,False,False,True,
002194.SZ,2007-12-07,,True,True,True,True,
002195.SZ,2007-12-12,,True,True,True,True,
002196.SZ,2007-12-12,,True,False,False,True,
002197.SZ,2007-12-18,,True,False,False,True,
002198.SZ,2007-12-18,,True,False,False,True,
002199.SZ,2007-12-21,,True,False,False,True,
002200.SZ,2007-12-21,,True,False,False,True,
002201.SZ,2007-12-26,,True,False,False,True,
002202.SZ,2007-12-26,,True,True,True,True,
002203.SZ,2008-01-16,,True,True,True,True,
002204.SZ,2008-01-16,,True,True,True,True,
002205.SZ,2008-01-23,,True,False,False,True,
002206.SZ,2008-01-23,,True,False,False,True,
002207.SZ,2008-01-28,,True,False,False,True,
002208.SZ,2008-01-28,,True,False,False,True,
002209.SZ,2008-01-30,,True,False,False,True,
002210.SZ,2008-01-30,,True,False,False,True,
002211.SZ,2008-02-01,,True,False,False,True,
002212.SZ,2008-02-01,,True,True,True,True,
002213.SZ,2008-02-01,,True,False,False,True,
002214.SZ,2008-02-18,,True,False,False,True,
002215.SZ,2008-02-18,,True,False,False,True,
002216.SZ,2008-02-20,,True,True,True,True,
002217.SZ,2008-02-20,,True,True,True,True,
002218.SZ,2008-02-28,,True,False,False,True,
002219.SZ,2008-03-06,,True,True,True,True,
002220.SZ,2008-02-28,2020-08-11,True,False,True,True,
002221.SZ,2008-03-06,,True,True,True,True,
002222.SZ,2008-03-19,,True,False,False,True,
002223.SZ,2008-04-18,,True,True,True,True,
002224.SZ,2008-04-25,,True,False,False,True,
002225.SZ,2008-04-25,,True,True,True,True,
002226.SZ,2008-05-06,,True,True,True,True,
002227.SZ,2008-05-06,,True,False,False,True,
002228.SZ,2008-05-08,,True,False,False,True,
002229.SZ,2008-05-08,,True,False,False,True,
002230.SZ,2008-05-12,,True,False,False,True,
002231.SZ,2008-05-12,2026-03-27,True,False,True,True,
002232.SZ,2008-05-09,,True,False,False,True,
002233.SZ,2008-05-16,,True,True,True,True,
002234.SZ,2008-05-16,,True,False,False,True,
002235.SZ,2008-05-16,,True,False,False,True,
002236.SZ,2008-05-20,,True,False,False,True,
002237.SZ,2008-05-20,,True,True,True,True,
002238.SZ,2008-05-26,,True,True,True,True,
002239.SZ,2008-05-22,,True,False,False,True,
002240.SZ,2008-05-23,,True,True,True,True,
002241.SZ,2008-05-22,,True,False,False,True,
002242.SZ,2008-05-28,,True,True,True,True,
002243.SZ,2008-05-28,,True,False,False,True,
002244.SZ,2008-05-29,,True,True,True,True,
002245.SZ,2008-06-05,,True,False,False,True,
002246.SZ,2008-06-05,,True,False,False,True,
002247.SZ,2008-06-12,,True,False,False,True,
002248.SZ,2008-06-12,,True,False,False,True,
002249.SZ,2008-06-19,,True,True,True,True,
002250.SZ,2008-06-19,,True,True,True,True,
002251.SZ,2008-06-19,,True,True,True,True,
002252.SZ,2008-06-23,,True,True,True,True,
002253.SZ,2008-06-23,,True,False,False,True,
002254.SZ,2008-06-25,,True,True,True,True,
002255.SZ,2008-06-25,,True,False,False,True,
002256.SZ,2008-06-25,,True,False,False,True,
002258.SZ,2008-07-08,,True,False,False,True,
002259.SZ,2008-07-16,,True,False,False,True,
002260.SZ,2008-07-16,2022-06-17,True,False,True,True,
002261.SZ,2008-07-23,,True,True,True,True,
002262.SZ,2008-07-23,,True,True,True,True,
002263.SZ,2008-07-28,,True,False,False,True,
002264.SZ,2008-07-31,,True,False,False,True,
002265.SZ,2008-08-06,,True,True,True,True,
002266.SZ,2008-08-06,,True,True,True,True,
002267.SZ,2008-08-13,,True,True,True,True,
002268.SZ,2008-08-11,,True,True,True,True,
002269.SZ,2008-08-28,,True,True,True,True,
002270.SZ,2008-09-05,,True,False,False,True,
002271.SZ,2008-09-10,,True,True,True,True,
002272.SZ,2008-09-19,,True,False,False,True,
002273.SZ,2008-09-19,,True,True,True,True,
002274.SZ,2008-09-25,,True,False,False,True,
002275.SZ,2009-07-10,,True,True,True,True,
002276.SZ,2009-07-10,,True,True,True,True,
002277.SZ,2009-07-17,,True,True,True,True,
002278.SZ,2009-08-11,,True,False,False,True,
002279.SZ,2009-08-11,,True,False,False,True,
002280.SZ,2009-08-21,2024-08-16,True,True,True,True,
002281.SZ,2009-08-21,,True,True,True,True,
002282.SZ,2009-08-21,,True,False,False,True,
002283.SZ,2009-08-21,,True,False,False,True,
002284.SZ,2009-08-28,,True,False,False,True,
002285.SZ,2009-08-28,,True,True,True,True,
002286.SZ,2009-08-28,,True,False,False,True,
002287.SZ,2009-08-28,,True,False,False,True,
002288.SZ,2009-09-03,2024-08-19,True,False,True,True,
002289.SZ,2009-09-03,,True,False,False,True,
002290.SZ,2009-09-03,,True,False,False,True,
002291.SZ,2009-09-03,,True,False,False,True,
002292.SZ,2009-09-10,,True,False,False,True,
002293.SZ,2009-09-10,,True,True,True,True,
002294.SZ,2009-09-10,,True,True,True,True,
002295.SZ,2009-09-29,,True,False,False,True,
002296.SZ,2009-09-29,,True,False,False,True,
002297.SZ,2009-09-29,,True,False,False,True,
002298.SZ,2009-09-29,,True,False,False,True,
002299.SZ,2009-10-21,,True,True,True,True,
002300.SZ,2009-10-21,,True,False,False,True,
002301.SZ,2009-10-21,,True,False,False,True,
002302.SZ,2009-11-03,,True,True,True,True,
002303.SZ,2009-11-03,,True,False,False,True,
002304.SZ,2009-11-06,,True,False,False,True,
002305.SZ,2009-11-06,,True,False,False,True,
002306.SZ,2009-11-11,,True,False,False,True,
002307.SZ,2009-11-11,,True,False,False,True,
002308.SZ,2009-11-27,2024-09-27,True,True,True,True,
002309.SZ,2009-11-27,,True,True,True,True,
002310.SZ,2009-11-27,,True,True,True,True,
002311.SZ,2009-11-27,,True,True,True,True,
002312.SZ,2009-12-03,,True,True,True,True,
002313.SZ,2009-12-03,,True,False,False,True,
002314.SZ,2009-12-03,,True,False,False,True,
002315.SZ,2009-12-09,,True,True,True,True,
002316.SZ,2009-12-09,,True,False,False,True,
002317.SZ,2009-12-11,,True,True,True,True,
002318.SZ,2009-12-11,,True,True,True,True,
002319.SZ,2009-12-11,,True,False,False,True,
002320.SZ,2009-12-16,,True,True,True,True,
002321.SZ,2009-12-16,,True,False,False,True,
002322.SZ,2009-12-18,,True,False,False,True,
002323.SZ,2009-12-18,,True,False,False,True,
002324.SZ,2009-12-18,,True,False,False,True,
002325.SZ,2009-12-22,2024-08-15,True,True,True,True,
002326.SZ,2009-12-22,,True,True,True,True,
002327.SZ,2009-12-30,,True,True,True,True,
002328.SZ,2009-12-30,,True,False,False,True,
002329.SZ,2010-01-06,,True,False,False,True,
002330.SZ,2010-01-06,,True,False,False,True,
002331.SZ,2010-01-06,,True,False,False,True,
002332.SZ,2010-01-12,,True,True,True,True,
002333.SZ,2010-01-12,,True,False,False,True,
002334.SZ,2010-01-13,,True,False,False,True,
002335.SZ,2010-01-13,,True,True,True,True,
002336.SZ,2010-01-13,2025-07-04,True,False,True,True,
002337.SZ,2010-01-15,,True,False,False,True,
002338.SZ,2010-01-15,,True,False,False,True,
002339.SZ,2010-01-22,,True,False,False,True,
002340.SZ,2010-01-22,,True,True,True,True,
002341.SZ,2010-01-22,2024-08-23,True,False,True,True,
002342.SZ,2010-01-26,,True,True,True,True,
002343.SZ,2010-01-26,,True,False,False,True,
002344.SZ,2010-01-26,,True,True,True,True,
002345.SZ,2010-01-28,,True,True,True,True,
002346.SZ,2010-01-28,,True,False,False,True,
002347.SZ,2010-01-28,,True,False,False,True,
002348.SZ,2010-02-03,,True,False,False,True,
002349.SZ,2010-02-03,,True,False,False,True,
002350.SZ,2010-02-03,,True,False,False,True,
002351.SZ,2010-02-05,,True,False,False,True,
002352.SZ,2010-02-05,,True,False,False,True,
002353.SZ,2010-02-05,,True,True,True,True,
002354.SZ,2010-02-09,,True,True,True,True,
002355.SZ,2010-02-09,,True,False,False,True,
002356.SZ,2010-02-09,,True,False,False,True,
002357.SZ,2010-02-10,,True,False,False,True,
002358.SZ,2010-02-10,,True,True,True,True,
002359.SZ,2010-02-10,2021-07-23,True,True,True,True,
002360.SZ,2010-03-03,,True,False,False,True,
002361.SZ,2010-03-03,,True,False,False,True,
002362.SZ,2010-03-03,,True,False,False,True,
002363.SZ,2010-03-05,,True,False,False,True,
002364.SZ,2010-03-05,,True,False,False,True,
002365.SZ,2010-03-05,,True,False,False,True,
002366.SZ,2010-03-12,,True,True,True,True,
002367.SZ,2010-03-12,,True,False,False,True,
002368.SZ,2010-03-12,,True,True,True,True,
002369.SZ,2010-03-16,,True,False,False,True,
002370.SZ,2010-03-16,,True,False,False,True,
002371.SZ,2010-03-16,,True,True,True,True,
002372.SZ,2010-03-18,,True,True,True,True,
002373.SZ,2010-03-18,,True,True,True,True,
002374.SZ,2010-03-18,,True,False,False,True,
002375.SZ,2010-03-23,,True,True,True,True,
002376.SZ,2010-03-23,,True,False,False,True,
002377.SZ,2010-03-23,,True,False,False,True,
002378.SZ,2010-03-31,,True,False,False,True,
002379.SZ,2010-03-31,,True,False,False,True,
002380.SZ,2010-03-31,,True,False,False,True,
002381.SZ,2010-04-02,,True,False,False,True,
002382.SZ,2010-04-02,,True,True,True,True,
002383.SZ,2010-04-02,,True,False,False,True,
002384.SZ,2010-04-09,,True,True,True,True,
002385.SZ,2010-04-09,,True,True,True,True,
002386.SZ,2010-04-09,,True,False,False,True,
002387.SZ,2010-04-13,,True,True,True,True,
002388.SZ,2010-04-13,,True,False,False,True,
002389.SZ,2010-04-13,,True,False,False,True,
002390.SZ,2010-04-16,,True,True,True,True,
002391.SZ,2010-04-16,,True,False,False,True,
002392.SZ,2010-04-23,,True,True,True,True,
002393.SZ,2010-04-23,,True,True,True,True,
002394.SZ,2010-04-23,,True,False,False,True,
002395.SZ,2010-04-29,,True,False,False,True,
002396.SZ,2010-06-23,,True,True,True,True,
002397.SZ,2010-04-29,,True,False,False,True,
002398.SZ,2010-05-06,,True,False,False,True,
002399.SZ,2010-05-06,,True,True,True,True,
002400.SZ,2010-05-06,,True,True,True,True,
002401.SZ,2010-05-06,,True,False,False,True,
002402.SZ,2010-05-11,,True,True,True,True,
002403.SZ,2010-05-11,,True,False,False,True,
002404.SZ,2010-05-11,,True,False,False,True,
002405.SZ,2010-05-18,,True,True,True,True,
002406.SZ,2010-05-18,,True,False,False,True,
002407.SZ,2010-05-18,,True,True,True,True,
002408.SZ,2010-05-18,,True,True,True,True,
002409.SZ,2010-05-25,,True,True,True,True,
002410.SZ,2010-05-25,,True,True,True,True,
002411.SZ,2010-05-25,2023-07-12,True,False,True,True,
002412.SZ,2010-05-25,,True,False,False,True,
002413.SZ,2010-05-28,,True,False,False,True,
002414.SZ,2010-07-16,,True,True,True,True,
002415.SZ,2010-05-28,,True,False,False,True,
002416.SZ,2010-05-28,,True,True,True,True,
002417.SZ,2010-06-01,2023-07-10,True,False,True,True,
002418.SZ,2010-06-01,,True,False,False,True,
002419.SZ,2010-06-01,,True,True,True,True,
002420.SZ,2010-06-01,,True,False,False,True,
002421.SZ,2010-06-03,,True,False,False,True,
002422.SZ,2010-06-03,,True,True,True,True,
002423.SZ,2010-06-03,,True,True,True,True,
002424.SZ,2010-06-03,,True,True,True,True,
002425.SZ,2010-06-08,,True,False,False,True,
002426.SZ,2010-06-08,,True,True,True,True,
002427.SZ,2010-06-08,,True,False,False,True,
002428.SZ,2010-06-08,,True,True,True,True,
002429.SZ,2010-06-10,,True,True,True,True,
002430.SZ,2010-06-10,,True,True,True,True,
002431.SZ,2010-06-10,,True,True,True,True,
002432.SZ,2010-06-10,,True,True,True,True,
002433.SZ,2010-06-18,2024-07-05,True,False,True,True,
002434.SZ,2010-06-18,,True,True,True,True,
002435.SZ,2010-06-18,2024-08-15,True,False,True,True,
002436.SZ,2010-06-18,,True,True,True,True,
002437.SZ,2010-06-23,,True,True,True,True,
002438.SZ,2010-06-23,,True,False,False,True,
002439.SZ,2010-06-23,,True,True,True,True,
002440.SZ,2010-07-06,,True,True,True,True,
002441.SZ,2010-07-06,,True,False,False,True,
002442.SZ,2010-07-06,,True,False,False,True,
002443.SZ,2010-07-06,,True,False,False,True,
002444.SZ,2010-07-13,,True,True,True,True,
002445.SZ,2010-07-13,,True,False,False,True,
002446.SZ,2010-07-13,,True,False,False,True,
002447.SZ,2010-07-13,2022-06-27,True,False,True,True,
002448.SZ,2010-07-16,,True,False,False,True,
002449.SZ,2010-07-16,,True,False,False,True,
002450.SZ,2010-07-16,2021-05-31,True,False,True,True,
002451.SZ,2010-07-20,,True,False,False,True,
002452.SZ,2010-07-20,,True,False,False,True,
002453.SZ,2010-07-20,,True,False,False,True,
002454.SZ,2010-07-20,,True,False,False,True,
002455.SZ,2010-08-03,,True,False,False,True,
002456.SZ,2010-08-03,,True,False,False,True,
002457.SZ,2010-08-03,,True,False,False,True,
002458.SZ,2010-08-10,,True,True,True,True,
002459.SZ,2010-08-10,,True,False,False,True,
002460.SZ,2010-08-10,,True,True,True,True,
002461.SZ,2010-08-18,,True,True,True,True,
002462.SZ,2010-08-18,,True,False,False,True,
002463.SZ,2010-08-18,,True,True,True,True,
002464.SZ,2010-08-31,2022-06-28,True,False,True,True,
002465.SZ,2010-08-31,,True,True,True,True,
002466.SZ,2010-08-31,,True,True,True,True,
002467.SZ,2010-09-08,,True,False,False,True,
002468.SZ,2010-09-08,,True,True,True,True,
002469.SZ,2010-09-08,,True,False,False,True,
002470.SZ,2010-09-08,,True,True,True,True,
002471.SZ,2010-09-10,,True,False,False,True,
002472.SZ,2010-09-10,,True,True,True,True,
002473.SZ,2010-09-10,2022-06-22,True,False,True,True,
002474.SZ,2010-09-15,,True,False,False,True,
002475.SZ,2010-09-15,,True,False,False,True,
002476.SZ,2010-09-15,,True,False,False,True,
002477.SZ,2010-09-15,2019-10-16,True,True,True,True,
002478.SZ,2010-09-21,,True,False,False,True,
002479.SZ,2010-09-21,,True,True,True,True,
002480.SZ,2010-09-21,,True,True,True,True,
002481.SZ,2010-09-21,,True,False,False,True,
002482.SZ,2010-09-29,,True,True,True,True,
002483.SZ,2010-09-29,,True,False,False,True,
002484.SZ,2010-09-29,,True,False,False,True,
002485.SZ,2010-10-15,,True,False,False,True,
002486.SZ,2010-10-15,,True,False,False,True,
002487.SZ,2010-10-15,,True,True,True,True,
002488.SZ,2010-10-21,,True,False,False,True,
002489.SZ,2010-10-21,,True,True,True,True,
002490.SZ,2010-10-21,,True,True,True,True,
002491.SZ,2010-10-21,,True,True,True,True,
002492.SZ,2010-11-02,,True,False,False,True,
002493.SZ,2010-11-02,,True,True,True,True,
002494.SZ,2010-11-02,,True,False,False,True,
002495.SZ,2010-11-02,,True,False,False,True,
002496.SZ,2010-11-09,,True,False,False,True,
002497.SZ,2010-11-09,,True,True,True,True,
002498.SZ,2010-11-09,,True,True,True,True,
002499.SZ,2010-11-09,2023-04-18,True,False,True,True,
002500.SZ,2010-11-15,,True,True,True,True,
002501.SZ,2010-11-17,,True,False,False,True,
002502.SZ,2010-11-17,2024-09-05,True,False,True,True,
002503.SZ,2010-11-17,2023-08-11,True,True,True,True,
002504.SZ,2010-11-18,2023-08-21,True,False,True,True,
002505.SZ,2010-11-18,2024-08-30,True,True,True,True,
002506.SZ,2010-11-18,,True,True,True,True,
002507.SZ,2010-11-23,,True,True,True,True,
002508.SZ,2010-11-23,,True,True,True,True,
002509.SZ,2010-11-23,2020-07-20,True,True,True,True,
002510.SZ,2010-11-25,,True,False,False,True,
002511.SZ,2010-11-25,,True,True,True,True,
002512.SZ,2010-12-03,,True,True,True,True,
002513.SZ,2010-12-03,,True,False,False,True,
002514.SZ,2010-12-03,,True,False,False,True,
002515.SZ,2010-12-03,,True,False,False,True,
002516.SZ,2010-12-07,,True,False,False,True,
002517.SZ,2010-12-07,,True,True,True,True,
002518.SZ,2010-12-07,,True,True,True,True,
002519.SZ,2010-12-07,,True,False,False,True,
002520.SZ,2010-12-10,,True,False,False,True,
002521.SZ,2010-12-10,,True,False,False,True,
002522.SZ,2010-12-10,,True,False,False,True,
002523.SZ,2010-12-10,,True,False,False,True,
002524.SZ,2010-12-17,,True,False,False,True,
002526.SZ,2010-12-17,,True,False,False,True,
002527.SZ,2010-12-24,,True,False,False,True,
002528.SZ,2010-12-24,,True,False,False,True,
002529.SZ,2010-12-24,,True,False,False,True,
002530.SZ,2010-12-31,,True,False,False,True,
002531.SZ,2010-12-31,,True,True,True,True,
002532.SZ,2010-12-31,,True,True,True,True,
002533.SZ,2010-12-31,,True,False,False,True,
002534.SZ,2011-01-10,,True,False,False,True,
002535.SZ,2011-01-11,,True,False,False,True,
002536.SZ,2011-01-11,,True,False,False,True,
002537.SZ,2011-01-10,,True,False,False,True,
002538.SZ,2011-01-18,,True,False,False,True,
002539.SZ,2011-01-18,,True,False,False,True,
002540.SZ,2011-01-18,,True,False,False,True,
002541.SZ,2011-01-18,,True,False,False,True,
002542.SZ,2011-01-28,,True,False,False,True,
002543.SZ,2011-01-28,,True,False,False,True,
002544.SZ,2011-01-28,,True,True,True,True,
002545.SZ,2011-02-11,,True,False,False,True,
002546.SZ,2011-02-11,,True,False,False,True,
002547.SZ,2011-02-18,,True,False,False,True,
002548.SZ,2011-02-18,,True,False,False,True,
002549.SZ,2011-02-18,,True,False,False,True,
002550.SZ,2011-02-18,,True,False,False,True,
002551.SZ,2011-02-25,,True,True,True,True,
002552.SZ,2011-02-25,,True,False,False,True,
002553.SZ,2011-02-25,,True,False,False,True,
002554.SZ,2011-02-25,,True,False,False,True,
002555.SZ,2011-03-02,,True,False,False,True,
002556.SZ,2011-03-02,,True,False,False,True,
002557.SZ,2011-03-02,,True,True,True,True,
002558.SZ,2011-03-02,,True,True,True,True,
002559.SZ,2011-03-03,,True,False,False,True,
002560.SZ,2011-03-03,,True,False,False,True,
002561.SZ,2011-03-03,,True,False,False,True,
002562.SZ,2011-03-10,,True,False,False,True,
002563.SZ,2011-03-11,,True,True,True,True,
002564.SZ,2011-03-10,,True,False,False,True,
002565.SZ,2011-03-18,,True,False,False,True,
002566.SZ,2011-03-18,,True,False,False,True,
002567.SZ,2011-03-25,,True,False,False,True,
002568.SZ,2011-03-25,,True,True,True,True,
002569.SZ,2011-04-12,,True,False,False,True,
002570.SZ,2011-04-12,,True,False,False,True,
002571.SZ,2011-04-12,,True,False,False,True,
002572.SZ,2011-04-12,,True,True,True,True,
002573.SZ,2011-04-22,,True,True,True,True,
002574.SZ,2011-04-22,,True,True,True,True,
002575.SZ,2011-04-22,,True,False,False,True,
002576.SZ,2011-04-28,,True,False,False,True,
002577.SZ,2011-04-28,,True,False,False,True,
002578.SZ,2011-04-28,,True,False,False,True,
002579.SZ,2011-05-06,,True,False,False,True,
002580.SZ,2011-05-06,,True,False,False,True,
002581.SZ,2011-05-20,,True,True,True,True,
002582.SZ,2011-05-20,,True,False,False,True,
002583.SZ,2011-05-27,,True,True,True,True,
002584.SZ,2011-06-02,,True,False,False,True,
002585.SZ,2011-06-02,,True,False,False,True,
002586.SZ,2011-06-02,,True,False,False,True,
002587.SZ,2011-06-10,,True,False,False,True,
002588.SZ,2011-06-10,,True,True,True,True,
002589.SZ,2011-06-10,,True,True,True,True,
002590.SZ,2011-06-10,,True,False,False,True,
002591.SZ,2011-06-21,,True,False,False,True,
002592.SZ,2011-11-11,,True,False,False,True,
002593.SZ,2011-06-28,,True,False,False,True,
002594.SZ,2011-06-30,,True,False,False,True,
002595.SZ,2011-06-28,,True,True,True,True,
002596.SZ,2011-07-07,,True,False,False,True,
002597.SZ,2011-07-07,,True,False,False,True,
002598.SZ,2011-07-07,,True,False,False,True,
002599.SZ,2011-07-15,,True,False,False,True,
002600.SZ,2011-07-15,,True,True,True,True,
002601.SZ,2011-07-15,,True,True,True,True,
002602.SZ,2011-07-28,,True,True,True,True,
002603.SZ,2011-07-28,,True,True,True,True,
002604.SZ,2011-07-28,2020-07-15,True,False,True,True,
002605.SZ,2011-08-05,,True,False,False,True,
002606.SZ,2011-08-05,,True,False,False,True,
002607.SZ,2011-08-10,,True,True,True,True,
002608.SZ,2011-08-10,,True,True,True,True,
002609.SZ,2011-08-15,,True,False,False,True,
002610.SZ,2011-08-15,2024-08-12,True,False,True,True,
002611.SZ,2011-08-30,,True,False,False,True,
002612.SZ,2011-08-30,,True,True,True,True,
002613.SZ,2011-08-30,,True,False,False,True,
002614.SZ,2011-09-09,,True,False,False,True,
002615.SZ,2011-09-09,,True,False,False,True,
002616.SZ,2011-09-20,,True,False,False,True,
002617.SZ,2011-09-20,,True,False,False,True,
002618.SZ,2011-09-20,2022-06-22,True,False,True,True,
002619.SZ,2011-09-29,2022-04-28,True,False,True,True,
002620.SZ,2011-09-29,,True,False,False,True,
002621.SZ,2011-09-29,2024-08-05,True,False,True,True,
002622.SZ,2011-10-18,,True,False,False,True,
002623.SZ,2011-10-13,,True,False,False,True,
002624.SZ,2011-10-28,,True,True,True,True,
002625.SZ,2011-11-03,,True,True,True,True,
002626.SZ,2011-10-28,,True,False,False,True,
002627.SZ,2011-11-03,,True,False,False,True,
002628.SZ,2011-11-03,,True,False,False,True,
002629.SZ,2011-11-03,,True,False,False,True,
002630.SZ,2011-11-11,,True,False,False,True,
002631.SZ,2011-11-11,,True,False,False,True,
002632.SZ,2011-11-22,,True,False,False,True,
002633.SZ,2011-11-22,,True,False,False,True,
002634.SZ,2011-12-05,,True,False,False,True,
002635.SZ,2011-11-25,,True,True,True,True,
002636.SZ,2011-11-25,,True,False,False,True,
002637.SZ,2011-11-25,,True,False,False,True,
002638.SZ,2011-11-25,,True,False,False,True,
002639.SZ,2011-12-05,,True,False,False,True,
002640.SZ,2011-12-08,,True,True,True,True,
002641.SZ,2011-12-08,,True,False,False,True,
002642.SZ,2011-12-20,,True,True,True,True,
002643.SZ,2011-12-20,,True,False,False,True,
002644.SZ,2011-12-22,,True,False,False,True,
002645.SZ,2011-12-20,,True,False,False,True,
002646.SZ,2011-12-22,,True,True,True,True,
002647.SZ,2011-12-28,,True,False,False,True,
002648.SZ,2011-12-28,,True,True,True,True,
002649.SZ,2012-01-06,,True,False,False,True,
002650.SZ,2012-01-06,,True,False,False,True,
002651.SZ,2012-01-06,,True,False,False,True,
002652.SZ,2012-01-19,,True,False,False,True,
002653.SZ,2012-01-17,,True,True,True,True,
002654.SZ,2012-02-17,,True,False,False,True,
002655.SZ,2012-02-17,,True,False,False,True,
002656.SZ,2012-02-28,,True,False,False,True,
002657.SZ,2012-02-28,,True,True,True,True,
002658.SZ,2012-03-09,,True,False,False,True,
002659.SZ,2012-03-09,,True,False,False,True,
002660.SZ,2012-03-16,,True,False,False,True,
002661.SZ,2012-03-16,,True,False,False,True,
002662.SZ,2012-03-09,,True,True,True,True,
002663.SZ,2012-03-16,,True,True,True,True,
002664.SZ,2012-03-16,,True,False,False,True,
002665.SZ,2012-03-27,2024-08-26,True,True,True,True,
002666.SZ,2012-03-27,,True,False,False,True,
002667.SZ,2012-03-29,,True,False,False,True,
002668.SZ,2012-04-16,,True,False,False,True,
002669.SZ,2012-04-16,,True,False,False,True,
002670.SZ,2012-04-16,,True,True,True,True,
002671.SZ,2012-04-26,,True,False,False,True,
002672.SZ,2012-04-26,,True,True,True,True,
002673.SZ,2012-05-03,,True,True,True,True,
002674.SZ,2012-05-07,,True,False,False,True,
002675.SZ,2012-05-25,,True,False,False,True,
002676.SZ,2012-05-25,,True,False,False,True,
002677.SZ,2012-05-25,,True,False,False,True,
002678.SZ,2012-05-30,,True,True,True,True,
002679.SZ,2012-06-05,,True,False,False,True,
002680.SZ,2012-06-05,2019-11-27,True,False,True,True,
002681.SZ,2012-06-05,,True,True,True,True,
002682.SZ,2012-06-12,,True,False,False,True,
002683.SZ,2012-06-12,,True,True,True,True,
002684.SZ,2012-06-12,2022-06-27,True,False,True,True,
002685.SZ,2012-06-12,,True,False,False,True,
002686.SZ,2012-07-03,,True,False,False,True,
002687.SZ,2012-07-13,,True,False,False,True,
002688.SZ,2012-07-13,,True,False,False,True,
002689.SZ,2012-07-17,,True,False,False,True,
002690.SZ,2012-07-31,,True,True,True,True,
002691.SZ,2012-07-31,,True,False,False,True,
002692.SZ,2012-08-08,,True,False,False,True,
002693.SZ,2012-08-08,,True,False,False,True,
002694.SZ,2012-08-16,,True,False,False,True,
002695.SZ,2012-09-05,,True,False,False,True,
002696.SZ,2012-09-05,,True,False,False,True,
002697.SZ,2012-09-05,,True,False,False,True,
002698.SZ,2012-09-11,,True,True,True,True,
002699.SZ,2012-09-11,2024-06-05,True,True,True,True,
002700.SZ,2012-09-21,,True,False,False,True,
002701.SZ,2012-10-11,,True,True,True,True,
002702.SZ,2012-10-11,,True,False,False,True,
002703.SZ,2012-11-02,,True,False,False,True,
002705.SZ,2014-01-21,,True,True,True,True,
002706.SZ,2014-01-21,,True,False,False,True,
002707.SZ,2014-01-23,,True,True,True,True,
002708.SZ,2014-01-21,,True,False,False,True,
002709.SZ,2014-01-23,,True,True,True,True,
002711.SZ,2014-01-27,2021-07-15,True,False,True,True,
002712.SZ,2014-01-23,,True,False,False,True,
002713.SZ,2014-02-19,,True,False,False,True,
002714.SZ,2014-01-28,,True,True,True,True,
002715.SZ,2014-02-19,,True,False,False,True,
002716.SZ,2014-01-28,,True,False,False,True,
002717.SZ,2014-02-19,,True,False,False,True,
002718.SZ,2014-01-28,,True,False,False,True,
002719.SZ,2014-01-28,,True,False,False,True,
002721.SZ,2014-01-27,,True,False,False,True,
002722.SZ,2014-01-28,,True,False,False,True,
002723.SZ,2014-01-29,,True,False,False,True,
002724.SZ,2014-11-04,,True,False,False,True,
002725.SZ,2014-01-29,,True,False,False,True,
002726.SZ,2014-06-26,,True,False,False,True,
002727.SZ,2014-07-02,,True,True,True,True,
002728.SZ,2014-07-31,,True,False,False,True,
002729.SZ,2014-09-12,,True,False,False,True,
002730.SZ,2014-10-09,,True,False,False,True,
002731.SZ,2014-11-04,,True,False,False,True,
002732.SZ,2014-12-05,,True,False,False,True,
002733.SZ,2014-12-03,,True,False,False,True,
002734.SZ,2015-01-27,,True,False,False,True,
002735.SZ,2014-12-03,,True,False,False,True,
002736.SZ,2014-12-29,,True,False,False,True,
002737.SZ,2014-12-30,,True,False,False,True,
002738.SZ,2014-12-30,,True,True,True,True,
002739.SZ,2015-01-22,,True,True,True,True,
002740.SZ,2015-01-22,2024-03-04,True,False,True,True,
002741.SZ,2015-02-16,,True,False,False,True,
002742.SZ,2015-02-17,,True,False,False,True,
002743.SZ,2015-02-17,,True,False,False,True,
002745.SZ,2015-02-17,,True,True,True,True,
002746.SZ,2015-02-16,,True,False,False,True,
002747.SZ,2015-03-20,,True,False,False,True,
002748.SZ,2015-03-19,,True,False,False,True,
002749.SZ,2015-03-20,,True,False,False,True,
002750.SZ,2015-03-24,2025-06-27,True,False,True,True,
002751.SZ,2015-04-24,2023-07-13,True,False,True,True,
002752.SZ,2015-04-22,,True,False,False,True,
002753.SZ,2015-05-19,,True,False,False,True,
002755.SZ,2015-05-15,,True,False,False,True,
002756.SZ,2015-05-15,,True,True,True,True,
002757.SZ,2015-05-27,,True,False,False,True,
002758.SZ,2015-05-27,,True,False,False,True,
002759.SZ,2015-05-28,,True,False,False,True,
002760.SZ,2015-06-11,,True,False,False,True,
002761.SZ,2015-06-10,,True,True,True,True,
002762.SZ,2015-06-10,,True,False,False,True,
002763.SZ,2015-06-10,,True,False,False,True,
002765.SZ,2015-06-12,,True,False,False,True,
002766.SZ,2015-06-11,,True,False,False,True,
002767.SZ,2015-06-12,,True,False,False,True,
002768.SZ,2015-06-30,,True,False,False,True,
002769.SZ,2015-06-29,,True,False,False,True,
002770.SZ,2015-06-30,2022-06-23,True,False,True,True,
002771.SZ,2015-06-29,,True,False,False,True,
002772.SZ,2015-06-26,,True,False,False,True,
002773.SZ,2015-06-26,,True,True,True,True,
002774.SZ,2017-03-24,,True,False,False,True,
002775.SZ,2015-06-29,,True,False,False,True,
002776.SZ,2015-06-26,2024-01-25,True,False,True,True,
002777.SZ,2015-12-31,,True,False,False,True,
002778.SZ,2016-01-06,,True,False,False,True,
002779.SZ,2015-12-09,,True,False,False,True,
002780.SZ,2015-12-09,,True,False,False,True,
002781.SZ,2015-12-22,2023-07-05,True,False,True,True,
002782.SZ,2015-12-22,,True,False,False,True,
002783.SZ,2015-12-09,,True,False,False,True,
002785.SZ,2015-12-23,,True,False,False,True,
002786.SZ,2015-12-23,,True,False,False,True,
002787.SZ,2015-12-31,,True,False,False,True,
002788.SZ,2016-02-18,,True,False,False,True,
002789.SZ,2016-03-11,,True,False,False,True,
002790.SZ,2016-03-08,,True,False,False,True,
002791.SZ,2016-03-29,,True,True,True,True,
002792.SZ,2016-03-28,,True,False,False,True,
002793.SZ,2016-04-15,,True,False,False,True,
002795.SZ,2016-04-28,,True,False,False,True,
002796.SZ,2016-05-10,,True,False,False,True,
002797.SZ,2016-05-11,,True,True,True,True,
002798.SZ,2016-05-25,,True,False,False,True,
002799.SZ,2016-06-08,,True,False,False,True,
002800.SZ,2016-05-30,,True,False,False,True,
002801.SZ,2016-06-22,,True,False,False,True,
002802.SZ,2016-06-29,,True,False,False,True,
002803.SZ,2016-07-12,,True,False,False,True,
002805.SZ,2016-07-07,,True,False,False,True,
002806.SZ,2016-07-26,,True,False,False,True,
002807.SZ,2016-09-02,,True,True,True,True,
002808.SZ,2016-08-12,2026-07-14,True,False,True,True,
002809.SZ,2016-08-23,,True,False,False,True,
002810.SZ,2016-08-26,,True,False,False,True,
002811.SZ,2016-09-08,,True,False,False,True,
002812.SZ,2016-09-14,,True,True,True,True,
002813.SZ,2016-10-12,,True,False,False,True,
002815.SZ,2016-10-12,,True,True,True,True,
002816.SZ,2016-10-25,,True,False,False,True,
002817.SZ,2016-10-25,,True,False,False,True,
002818.SZ,2016-11-09,,True,True,True,True,
002819.SZ,2016-11-11,,True,False,False,True,
002820.SZ,2016-11-18,,True,False,False,True,
002821.SZ,2016-11-18,,True,True,True,True,
002822.SZ,2016-11-29,,True,False,False,True,
002823.SZ,2016-11-24,,True,False,False,True,
002824.SZ,2017-01-12,,True,False,False,True,
002825.SZ,2016-11-29,,True,False,False,True,
002826.SZ,2016-12-09,,True,False,False,True,
002827.SZ,2016-12-09,,True,False,False,True,
002828.SZ,2016-12-08,,True,False,False,True,
002829.SZ,2016-12-13,,True,False,False,True,
002830.SZ,2016-12-13,,True,False,False,True,
002831.SZ,2016-12-16,,True,True,True,True,
002832.SZ,2016-12-23,,True,False,False,True,
002833.SZ,2016-12-28,,True,False,False,True,
002835.SZ,2016-12-28,,True,False,False,True,
002836.SZ,2016-12-29,,True,False,False,True,
002837.SZ,2016-12-29,,True,True,True,True,
002838.SZ,2017-01-06,,True,False,False,True,
002839.SZ,2017-01-24,,True,True,True,True,
002840.SZ,2017-01-10,,True,False,False,True,
002841.SZ,2017-01-19,,True,True,True,True,
002842.SZ,2017-01-19,,True,False,False,True,
002843.SZ,2017-01-20,,True,False,False,True,
002845.SZ,2017-01-25,,True,False,False,True,
002846.SZ,2017-02-07,,True,False,False,True,
002847.SZ,2017-02-08,,True,False,False,True,
002848.SZ,2017-02-13,,True,False,False,True,
002849.SZ,2017-02-17,,True,False,False,True,
002850.SZ,2017-03-02,,True,True,True,True,
002851.SZ,2017-03-06,,True,True,True,True,
002852.SZ,2017-03-10,,True,False,False,True,
002853.SZ,2017-03-10,,True,False,False,True,
002855.SZ,2017-03-21,,True,False,False,True,
002856.SZ,2017-03-20,,True,False,False,True,
002857.SZ,2017-03-23,,True,False,False,True,
002858.SZ,2017-03-24,,True,False,False,True,
002859.SZ,2017-04-07,,True,False,False,True,
002860.SZ,2017-04-12,,True,False,False,True,
002861.SZ,2017-04-13,,True,False,False,True,
002862.SZ,2017-04-11,,True,False,False,True,
002863.SZ,2017-04-18,,True,False,False,True,
002864.SZ,2017-11-16,,True,False,False,True,
002865.SZ,2017-04-25,,True,True,True,True,
002866.SZ,2017-04-26,,True,False,False,True,
002867.SZ,2017-04-27,,True,True,True,True,
002868.SZ,2017-05-03,,True,False,False,True,
002869.SZ,2017-05-15,,True,False,False,True,
002870.SZ,2017-05-15,,True,False,False,True,
002871.SZ,2017-05-11,,True,False,False,True,
002872.SZ,2017-05-19,,True,False,False,True,
002873.SZ,2017-05-19,,True,False,False,True,
002875.SZ,2017-06-01,,True,False,False,True,
002876.SZ,2017-05-25,,True,False,False,True,
002877.SZ,2017-06-05,,True,False,False,True,
002878.SZ,2017-06-06,,True,False,False,True,
002879.SZ,2017-07-07,,True,False,False,True,
002880.SZ,2017-06-16,,True,False,False,True,
002881.SZ,2017-06-22,,True,False,False,True,
002882.SZ,2017-07-17,,True,False,False,True,
002883.SZ,2017-06-20,,True,False,False,True,
002884.SZ,2017-07-11,,True,False,False,True,
002885.SZ,2017-06-27,,True,False,False,True,
002886.SZ,2017-06-27,,True,False,False,True,
002887.SZ,2017-08-01,,True,False,False,True,
002888.SZ,2017-07-21,,True,False,False,True,
002889.SZ,2017-07-31,,True,False,False,True,
002890.SZ,2017-08-02,,True,False,False,True,
002891.SZ,2017-08-21,,True,False,False,True,
002892.SZ,2017-08-17,,True,False,False,True,
002893.SZ,2017-09-15,,True,False,False,True,
002895.SZ,2017-08-25,,True,False,False,True,
002896.SZ,2017-08-29,,True,False,False,True,
002897.SZ,2017-09-07,,True,False,False,True,
002898.SZ,2017-09-12,2026-07-17,True,False,True,True,
002899.SZ,2017-09-15,,True,False,False,True,
002900.SZ,2017-09-22,,True,False,False,True,
002901.SZ,2017-09-22,,True,True,True,True,
002902.SZ,2017-09-29,,True,False,False,True,
002903.SZ,2017-10-13,,True,False,False,True,
002905.SZ,2017-10-16,,True,False,False,True,
002906.SZ,2017-10-13,,True,False,False,True,
002907.SZ,2017-10-20,,True,False,False,True,
002908.SZ,2017-10-20,,True,False,False,True,
002909.SZ,2017-10-26,,True,False,False,True,
002910.SZ,2017-10-31,,True,False,False,True,
002911.SZ,2017-11-22,,True,False,False,True,
002912.SZ,2017-11-21,,True,False,False,True,
002913.SZ,2017-12-01,,True,False,False,True,
002915.SZ,2017-12-05,,True,False,False,True,
002916.SZ,2017-12-13,,True,True,True,True,
002917.SZ,2017-12-08,,True,False,False,True,
002918.SZ,2017-12-19,,True,False,False,True,
002919.SZ,2017-12-18,,True,False,False,True,
002920.SZ,2017-12-26,,True,True,True,True,
002921.SZ,2017-12-27,,True,False,False,True,
002922.SZ,2017-12-29,,True,False,False,True,
002923.SZ,2018-01-05,,True,False,False,True,
002925.SZ,2018-01-15,,True,True,True,True,
002926.SZ,2018-02-05,,True,True,True,True,
002927.SZ,2018-02-23,,True,False,False,True,
002928.SZ,2018-03-02,,True,False,False,True,
002929.SZ,2018-03-01,,True,False,False,True,
002930.SZ,2018-03-28,,True,False,False,True,
002931.SZ,2018-04-03,,True,False,False,True,
002932.SZ,2018-07-10,,True,False,False,True,
002933.SZ,2018-08-28,,True,False,False,True,
002935.SZ,2018-09-03,,True,False,False,True,
002936.SZ,2018-09-19,,True,True,True,True,
002937.SZ,2018-09-26,,True,False,False,True,
002938.SZ,2018-09-18,,True,False,False,True,
002939.SZ,2018-10-26,,True,True,True,True,
002940.SZ,2018-10-23,,True,False,False,True,
002941.SZ,2018-11-28,,True,True,True,True,
002942.SZ,2018-12-05,,True,False,False,True,
002943.SZ,2018-11-29,,True,False,False,True,
002945.SZ,2019-01-17,,True,True,True,True,
002946.SZ,2019-01-25,,True,True,True,True,
002947.SZ,2019-02-01,,True,False,False,True,
002948.SZ,2019-01-16,,True,True,True,True,
002949.SZ,2019-02-26,,True,False,False,True,
002950.SZ,2019-03-11,,True,False,False,True,
002951.SZ,2019-03-15,,True,False,False,True,
002952.SZ,2019-03-28,,True,False,False,True,
002953.SZ,2019-05-09,,True,False,False,True,
002955.SZ,2019-05-23,,True,False,False,True,
002956.SZ,2019-06-19,,True,False,False,True,
002957.SZ,2019-07-26,,True,True,True,True,
002958.SZ,2019-03-26,,True,True,True,True,
002959.SZ,2019-08-23,,True,False,False,True,
002960.SZ,2019-08-09,,True,False,False,True,
002961.SZ,2019-09-05,,True,False,False,True,
002962.SZ,2019-09-17,,True,False,False,True,
002963.SZ,2019-10-28,,True,False,False,True,
002965.SZ,2019-10-25,,True,False,False,True,
002966.SZ,2019-08-02,,True,True,True,True,
002967.SZ,2019-11-08,,True,False,False,True,
002968.SZ,2019-12-03,,True,False,False,True,
002969.SZ,2019-12-02,,True,False,False,True,
002970.SZ,2019-12-17,,True,False,False,True,
002971.SZ,2020-01-13,,True,False,False,True,
002972.SZ,2019-12-27,,True,False,False,True,
002973.SZ,2020-01-06,,True,False,False,True,
002975.SZ,2020-02-05,,True,False,False,True,
002976.SZ,2020-03-06,,True,False,False,True,
002977.SZ,2020-03-17,,True,False,False,True,
002978.SZ,2020-04-17,,True,False,False,True,
002979.SZ,2020-04-08,,True,False,False,True,
002980.SZ,2020-04-15,,True,False,False,True,
002981.SZ,2020-04-17,,True,False,False,True,
002982.SZ,2020-04-24,,True,False,False,True,
002983.SZ,2020-04-28,,True,False,False,True,
002984.SZ,2020-09-11,,True,True,True,True,
002985.SZ,2020-04-29,,True,True,True,True,
002986.SZ,2020-06-02,,True,False,False,True,
002987.SZ,2020-05-07,,True,False,False,True,
002988.SZ,2020-05-18,,True,False,False,True,
002989.SZ,2020-06-10,,True,False,False,True,
002990.SZ,2020-05-25,,True,False,False,True,
002991.SZ,2020-07-31,,True,False,False,True,
002992.SZ,2020-08-03,,True,False,False,True,
002993.SZ,2020-08-17,,True,False,False,True,
002995.SZ,2020-08-05,,True,False,False,True,
002996.SZ,2020-08-28,,True,False,False,True,
002997.SZ,2020-09-03,,True,False,False,True,
002998.SZ,2020-09-25,,True,False,False,True,
002999.SZ,2020-09-03,,True,False,False,True,
003000.SZ,2020-09-14,,True,False,False,True,
003001.SZ,2020-10-13,,True,False,False,True,
003002.SZ,2020-09-22,,True,False,False,True,
003003.SZ,2020-09-21,,True,False,False,True,
003004.SZ,2020-11-26,,True,False,False,True,
003005.SZ,2020-09-22,,True,False,False,True,
003006.SZ,2020-09-21,,True,False,False,True,
003007.SZ,2020-09-23,,True,False,False,True,
003008.SZ,2020-09-23,,True,False,False,True,
003009.SZ,2020-09-25,,True,False,False,True,
003010.SZ,2020-09-25,,True,False,False,True,
003011.SZ,2020-09-30,,True,False,False,True,
003012.SZ,2020-10-19,,True,False,False,True,
003013.SZ,2020-10-22,,True,False,False,True,
003015.SZ,2020-10-21,,True,False,False,True,
003016.SZ,2020-10-26,,True,False,False,True,
003017.SZ,2020-10-26,,True,False,False,True,
003018.SZ,2020-11-06,,True,False,False,True,
003019.SZ,2020-11-17,,True,False,False,True,
003020.SZ,2020-12-15,,True,False,False,True,
003021.SZ,2020-12-04,,True,True,True,True,
003022.SZ,2020-12-08,,True,True,True,True,
003023.SZ,2020-12-11,,True,False,False,True,
003025.SZ,2020-12-11,,True,False,False,True,
003026.SZ,2020-12-18,,True,False,False,True,
003027.SZ,2020-12-18,,True,False,False,True,
003028.SZ,2020-12-28,,True,False,False,True,
003029.SZ,2020-12-24,,True,False,False,True,
003030.SZ,2021-01-06,,True,False,False,True,
003031.SZ,2021-01-04,,True,True,True,True,
003032.SZ,2021-01-12,,True,False,False,True,
003033.SZ,2021-01-11,,True,False,False,True,
003035.SZ,2021-01-19,,True,True,True,True,
003036.SZ,2021-01-28,,True,False,False,True,
003037.SZ,2021-02-04,,True,False,False,True,
003038.SZ,2021-02-10,,True,False,False,True,
003039.SZ,2021-03-08,,True,False,False,True,
003040.SZ,2021-03-22,,True,False,False,True,
003041.SZ,2021-04-06,,True,False,False,True,
003042.SZ,2021-04-06,,True,False,False,True,
003043.SZ,2021-04-06,,True,False,False,True,
003816.SZ,2019-08-26,,True,False,False,True,
300001.SZ,2009-10-30,,True,True,True,True,
300002.SZ,2009-10-30,,True,True,True,True,
300003.SZ,2009-10-30,,True,True,True,True,
300004.SZ,2009-10-30,,True,False,False,True,
300005.SZ,2009-10-30,,True,False,False,True,
300006.SZ,2009-10-30,,True,False,False,True,
300007.SZ,2009-10-30,,True,False,False,True,
300008.SZ,2009-10-30,,True,False,False,True,
300009.SZ,2009-10-30,,True,True,True,True,
300010.SZ,2009-10-30,,True,True,True,True,
300011.SZ,2009-10-30,,True,False,False,True,
300012.SZ,2009-10-30,,True,True,True,True,
300013.SZ,2009-10-30,,True,False,False,True,
300014.SZ,2009-10-30,,True,True,True,True,
300015.SZ,2009-10-30,,True,False,False,True,
300016.SZ,2009-10-30,,True,False,False,True,
300017.SZ,2009-10-30,,True,True,True,True,
300018.SZ,2009-10-30,,True,False,False,True,
300019.SZ,2009-10-30,,True,False,False,True,
300020.SZ,2009-10-30,,True,False,False,True,
300021.SZ,2009-10-30,,True,False,False,True,
300022.SZ,2009-10-30,,True,False,False,True,
300023.SZ,2009-10-30,2022-06-29,True,False,True,True,
300024.SZ,2009-10-30,,True,True,True,True,
300025.SZ,2009-10-30,,True,False,False,True,
300026.SZ,2009-10-30,,True,True,True,True,
300027.SZ,2009-10-30,,True,True,True,True,
300028.SZ,2009-10-30,2020-08-03,True,False,True,True,
300029.SZ,2009-12-25,2026-07-10,True,False,True,True,
300030.SZ,2009-12-25,,True,False,False,True,
300031.SZ,2009-12-25,,True,False,False,True,
300032.SZ,2009-12-25,,True,True,True,True,
300033.SZ,2009-12-25,,True,True,True,True,
300034.SZ,2009-12-25,,True,False,False,True,
300035.SZ,2009-12-25,,True,False,False,True,
300036.SZ,2009-12-25,,True,False,False,True,
300037.SZ,2010-01-08,,True,True,True,True,
300038.SZ,2010-01-08,2022-06-30,True,False,True,True,
300039.SZ,2010-01-08,,True,True,True,True,
300040.SZ,2010-01-08,,True,False,False,True,
300041.SZ,2010-01-08,,True,False,False,True,
300042.SZ,2010-01-08,,True,False,False,True,
300043.SZ,2010-01-20,,True,True,True,True,
300044.SZ,2010-01-20,,True,False,False,True,
300045.SZ,2010-01-20,,True,False,False,True,
300046.SZ,2010-01-20,,True,False,False,True,
300047.SZ,2010-01-20,,True,False,False,True,
300048.SZ,2010-01-20,,True,False,False,True,
300049.SZ,2010-01-20,,True,False,False,True,
300050.SZ,2010-01-20,,True,False,False,True,
300051.SZ,2010-02-11,,True,False,False,True,
300052.SZ,2010-02-11,,True,False,False,True,
300053.SZ,2010-02-11,,True,False,False,True,
300054.SZ,2010-02-11,,True,True,True,True,
300055.SZ,2010-02-26,,True,True,True,True,
300056.SZ,2010-02-26,,True,False,False,True,
300057.SZ,2010-02-26,,True,False,False,True,
300058.SZ,2010-02-26,,True,True,True,True,
300059.SZ,2010-03-19,,True,True,True,True,
300061.SZ,2010-03-19,,True,False,False,True,
300062.SZ,2010-03-19,,True,False,False,True,
300063.SZ,2010-03-26,,True,False,False,True,
300064.SZ,2010-03-26,2022-06-27,True,False,True,True,
300065.SZ,2010-03-26,,True,False,False,True,
300066.SZ,2010-03-26,,True,False,False,True,
300067.SZ,2010-04-21,,True,False,False,True,
300068.SZ,2010-04-21,,True,False,False,True,
300069.SZ,2010-04-21,,True,False,False,True,
300070.SZ,2010-04-21,,True,True,True,True,
300071.SZ,2010-04-21,,True,False,False,True,
300072.SZ,2010-04-27,,True,True,True,True,
300073.SZ,2010-04-27,,True,True,True,True,
300074.SZ,2010-04-27,,True,False,False,True,
300075.SZ,2010-04-27,,True,False,False,True,
300076.SZ,2010-04-30,,True,False,False,True,
300077.SZ,2010-04-30,,True,False,False,True,
300078.SZ,2010-04-30,,True,False,False,True,
300079.SZ,2010-04-30,,True,False,False,True,
300080.SZ,2010-06-25,,True,False,False,True,
300081.SZ,2010-05-20,,True,False,False,True,
300082.SZ,2010-05-20,,True,False,False,True,
300083.SZ,2010-05-20,,True,False,False,True,
300084.SZ,2010-05-20,,True,False,False,True,
300085.SZ,2010-05-26,,True,True,True,True,
300086.SZ,2010-05-26,,True,False,False,True,
300087.SZ,2010-05-26,,True,False,False,True,
300088.SZ,2010-05-26,,True,True,True,True,
300089.SZ,2010-06-25,2023-07-13,True,False,True,True,
300090.SZ,2010-06-25,2020-08-25,True,False,True,True,
300091.SZ,2010-06-25,,True,False,False,True,
300092.SZ,2010-07-08,,True,False,False,True,
300093.SZ,2010-07-08,,True,False,False,True,
300094.SZ,2010-07-08,,True,False,False,True,
300095.SZ,2010-07-28,,True,False,False,True,
300096.SZ,2010-07-28,,True,False,False,True,
300097.SZ,2010-07-28,,True,False,False,True,
300098.SZ,2010-07-28,,True,False,False,True,
300099.SZ,2010-08-06,,True,False,False,True,
300100.SZ,2010-08-06,,True,True,True,True,
300101.SZ,2010-08-06,,True,False,False,True,
300102.SZ,2010-08-12,,True,False,False,True,
300103.SZ,2010-08-12,,True,False,False,True,
300104.SZ,2010-08-12,2020-07-21,True,False,True,True,
300105.SZ,2010-08-20,,True,False,False,True,
300106.SZ,2010-08-20,,True,False,False,True,
300107.SZ,2010-08-20,,True,False,False,True,
300108.SZ,2010-08-25,2025-05-29,True,False,True,True,
300109.SZ,2010-08-25,,True,False,False,True,
300110.SZ,2010-08-25,,True,False,False,True,
300111.SZ,2010-08-27,,True,False,False,True,
300112.SZ,2010-08-27,,True,False,False,True,
300113.SZ,2010-08-27,,True,True,True,True,
300115.SZ,2010-09-02,,True,True,True,True,
300116.SZ,2010-09-02,2024-07-25,True,True,True,True,
300117.SZ,2010-09-02,2025-04-30,True,False,True,True,
300118.SZ,2010-09-02,,True,True,True,True,
300119.SZ,2010-09-17,,True,False,False,True,
300120.SZ,2010-09-17,,True,False,False,True,
300121.SZ,2010-09-17,,True,False,False,True,
300122.SZ,2010-09-28,,True,True,True,True,
300123.SZ,2010-09-28,,True,False,False,True,
300124.SZ,2010-09-28,,True,False,False,True,
300125.SZ,2010-10-13,,True,False,False,True,
300126.SZ,2010-10-13,,True,False,False,True,
300127.SZ,2010-10-13,,True,False,False,True,
300128.SZ,2010-10-13,,True,False,False,True,
300129.SZ,2010-10-19,,True,False,False,True,
300130.SZ,2010-10-19,,True,False,False,True,
300131.SZ,2010-10-19,,True,False,False,True,
300132.SZ,2010-10-26,,True,False,False,True,
300133.SZ,2010-10-26,,True,True,True,True,
300134.SZ,2010-10-26,,True,True,True,True,
300135.SZ,2010-10-26,,True,False,False,True,
300136.SZ,2010-11-05,,True,True,True,True,
300137.SZ,2010-11-05,,True,False,False,True,
300138.SZ,2010-11-05,,True,False,False,True,
300139.SZ,2010-11-12,,True,False,False,True,
300140.SZ,2010-11-12,,True,True,True,True,
300141.SZ,2010-11-12,,True,False,False,True,
300142.SZ,2010-11-12,,True,True,True,True,
300143.SZ,2010-12-09,,True,False,False,True,
300144.SZ,2010-12-09,,True,True,True,True,
300145.SZ,2010-12-09,,True,False,False,True,
300146.SZ,2010-12-15,,True,True,True,True,
300147.SZ,2010-12-15,,True,True,True,True,
300148.SZ,2010-12-15,,True,False,False,True,
300149.SZ,2010-12-22,,True,False,False,True,
300150.SZ,2010-12-22,,True,False,False,True,
300151.SZ,2010-12-22,,True,False,False,True,
300152.SZ,2010-12-29,,True,False,False,True,
300153.SZ,2010-12-29,,True,False,False,True,
300154.SZ,2010-12-29,,True,False,False,True,
300155.SZ,2011-01-07,,True,False,False,True,
300156.SZ,2011-01-07,2020-08-25,True,True,True,True,
300157.SZ,2011-01-07,,True,False,False,True,
300158.SZ,2011-01-07,,True,False,False,True,
300159.SZ,2011-01-07,,True,True,True,True,
300160.SZ,2011-01-13,,True,False,False,True,
300161.SZ,2011-01-13,,True,False,False,True,
300162.SZ,2011-01-13,,True,False,False,True,
300163.SZ,2011-01-13,,True,False,False,True,
300164.SZ,2011-01-13,,True,False,False,True,
300165.SZ,2011-01-25,,True,False,False,True,
300166.SZ,2011-01-25,,True,True,True,True,
300167.SZ,2011-01-25,,True,False,False,True,
300168.SZ,2011-01-25,,True,True,True,True,
300169.SZ,2011-01-25,,True,False,False,True,
300170.SZ,2011-02-01,,True,False,False,True,
300171.SZ,2011-02-01,,True,False,False,True,
300172.SZ,2011-02-01,,True,False,False,True,
300173.SZ,2011-02-01,,True,False,False,True,
300174.SZ,2011-02-01,,True,False,False,True,
300175.SZ,2011-02-15,,True,False,False,True,
300176.SZ,2011-02-15,,True,False,False,True,
300177.SZ,2011-02-15,,True,False,False,True,
300178.SZ,2011-02-15,2022-06-22,True,False,True,True,
300179.SZ,2011-02-15,,True,False,False,True,
300180.SZ,2011-02-22,,True,True,True,True,
300181.SZ,2011-02-22,,True,False,False,True,
300182.SZ,2011-02-22,,True,True,True,True,
300183.SZ,2011-02-22,,True,False,False,True,
300184.SZ,2011-02-22,,True,False,False,True,
300185.SZ,2011-03-08,,True,False,False,True,
300186.SZ,2011-03-08,2015-11-02,True,False,True,True,
300187.SZ,2011-03-08,,True,False,False,True,
300188.SZ,2011-03-16,,True,False,False,True,
300189.SZ,2011-03-16,,True,False,False,True,
300190.SZ,2011-03-16,,True,False,False,True,
300191.SZ,2011-03-16,,True,False,False,True,
300192.SZ,2011-03-22,,True,False,False,True,
300193.SZ,2011-03-22,,True,False,False,True,
300194.SZ,2011-03-22,,True,False,False,True,
300195.SZ,2011-03-29,,True,False,False,True,
300196.SZ,2011-03-29,,True,False,False,True,
300197.SZ,2011-03-29,,True,True,True,True,
300198.SZ,2011-04-07,,True,False,False,True,
300199.SZ,2011-04-07,,True,True,True,True,
300200.SZ,2011-04-07,,True,False,False,True,
300201.SZ,2011-04-07,,True,False,False,True,
300202.SZ,2011-04-15,2022-07-04,True,True,True,True,
300203.SZ,2011-04-15,,True,False,False,True,
300204.SZ,2011-04-15,,True,False,False,True,
300205.SZ,2011-04-21,,True,False,False,True,
300206.SZ,2011-04-21,,True,False,False,True,
300207.SZ,2011-04-21,,True,True,True,True,
300208.SZ,2011-04-26,2025-07-21,True,False,True,True,
300209.SZ,2011-04-26,,True,False,False,True,
300210.SZ,2011-04-26,,True,False,False,True,
300211.SZ,2011-05-05,,True,False,False,True,
300212.SZ,2011-05-05,,True,True,True,True,
300213.SZ,2011-05-05,,True,False,False,True,
300214.SZ,2011-05-11,,True,False,False,True,
300215.SZ,2011-05-11,,True,False,False,True,
300216.SZ,2011-05-11,2020-09-16,True,False,True,True,
300217.SZ,2011-05-18,,True,False,False,True,
300218.SZ,2011-05-18,,True,False,False,True,
300219.SZ,2011-05-18,,True,False,False,True,
300220.SZ,2011-05-25,,True,False,False,True,
300221.SZ,2011-05-25,,True,False,False,True,
300222.SZ,2011-05-25,,True,False,False,True,
300223.SZ,2011-05-31,,True,True,True,True,
300224.SZ,2011-05-31,,True,False,False,True,
300225.SZ,2011-05-31,,True,False,False,True,
300226.SZ,2011-06-08,,True,False,False,True,
300227.SZ,2011-06-08,,True,False,False,True,
300228.SZ,2011-06-08,,True,False,False,True,
300229.SZ,2011-06-15,,True,False,False,True,
300230.SZ,2011-06-15,,True,False,False,True,
300231.SZ,2011-06-15,,True,False,False,True,
300232.SZ,2011-06-22,,True,False,False,True,
300233.SZ,2011-06-22,,True,False,False,True,
300234.SZ,2011-06-22,,True,False,False,True,
300235.SZ,2011-06-29,,True,False,False,True,
300236.SZ,2011-06-29,,True,False,False,True,
300237.SZ,2011-06-29,,True,False,False,True,
300238.SZ,2011-07-06,,True,False,False,True,
300239.SZ,2011-07-06,,True,False,False,True,
300240.SZ,2011-07-06,,True,False,False,True,
300241.SZ,2011-07-12,,True,False,False,True,
300242.SZ,2011-07-12,,True,False,False,True,
300243.SZ,2011-07-12,,True,False,False,True,
300244.SZ,2011-07-19,,True,True,True,True,
300245.SZ,2011-07-19,,True,False,False,True,
300246.SZ,2011-07-19,,True,False,False,True,
300247.SZ,2011-07-29,,True,False,False,True,
300248.SZ,2011-07-29,,True,False,False,True,
300249.SZ,2011-08-03,,True,False,False,True,
300250.SZ,2011-08-03,,True,False,False,True,
300251.SZ,2011-08-03,,True,True,True,True,
300252.SZ,2011-08-18,,True,False,False,True,
300253.SZ,2011-08-18,,True,True,True,True,
300254.SZ,2011-08-19,,True,False,False,True,
300255.SZ,2011-08-19,,True,False,False,True,
300256.SZ,2011-08-19,,True,False,False,True,
300257.SZ,2011-08-19,,True,True,True,True,
300258.SZ,2011-08-26,,True,False,False,True,
300259.SZ,2011-08-31,,True,False,False,True,
300260.SZ,2011-09-06,,True,False,False,True,
300261.SZ,2011-09-06,,True,False,False,True,
300262.SZ,2011-09-16,2024-08-19,True,False,True,True,
300263.SZ,2011-09-16,,True,False,False,True,
300264.SZ,2011-09-16,,True,False,False,True,
300265.SZ,2011-09-16,,True,False,False,True,
300266.SZ,2011-09-27,,True,True,True,True,
300267.SZ,2011-09-27,,True,True,True,True,
300268.SZ,2011-09-27,,True,False,False,True,
300269.SZ,2011-10-12,,True,False,False,True,
300270.SZ,2011-10-12,,True,False,False,True,
300271.SZ,2011-10-26,,True,True,True,True,
300272.SZ,2011-11-02,,True,False,False,True,
300273.SZ,2011-10-26,2023-07-06,True,True,True,True,
300274.SZ,2011-11-02,,True,True,True,True,
300275.SZ,2011-11-02,,True,False,False,True,
300276.SZ,2011-11-15,,True,False,False,True,
300277.SZ,2011-11-23,,True,False,False,True,
300278.SZ,2011-12-16,,True,False,False,True,
300279.SZ,2011-12-29,,True,False,False,True,
300280.SZ,2011-12-29,2025-10-14,True,False,True,True,
300281.SZ,2011-12-29,,True,False,False,True,
300282.SZ,2011-12-29,2024-07-18,True,False,True,True,
300283.SZ,2012-01-10,,True,False,False,True,
300284.SZ,2012-01-10,,True,False,False,True,
300285.SZ,2012-01-13,,True,True,True,True,
300286.SZ,2012-01-13,,True,False,False,True,
300287.SZ,2012-02-01,,True,True,True,True,
300288.SZ,2012-02-16,,True,False,False,True,
300289.SZ,2012-02-16,,True,False,False,True,
300290.SZ,2012-02-16,,True,False,False,True,
300291.SZ,2012-02-09,,True,True,True,True,
300292.SZ,2012-02-29,,True,False,False,True,
300293.SZ,2012-03-08,,True,False,False,True,
300294.SZ,2012-03-08,,True,False,False,True,
300295.SZ,2012-03-15,,True,False,False,True,
300296.SZ,2012-03-15,,True,True,True,True,
300297.SZ,2012-03-15,2023-07-31,True,True,True,True,
300298.SZ,2012-03-19,,True,False,False,True,
300299.SZ,2012-03-19,,True,False,False,True,
300300.SZ,2012-03-19,,True,False,False,True,
300301.SZ,2012-03-21,,True,False,False,True,
300302.SZ,2012-03-21,,True,False,False,True,
300303.SZ,2012-03-19,,True,False,False,True,
300304.SZ,2012-03-21,,True,False,False,True,
300305.SZ,2012-03-29,,True,False,False,True,
300306.SZ,2012-03-29,,True,False,False,True,
300307.SZ,2012-03-29,,True,False,False,True,
300308.SZ,2012-04-10,,True,True,True,True,
300309.SZ,2012-04-10,2023-05-30,True,False,True,True,
300310.SZ,2012-04-25,,True,False,False,True,
300311.SZ,2012-04-25,,True,False,False,True,
300312.SZ,2012-05-08,2022-07-04,True,False,True,True,
300313.SZ,2012-04-25,,True,False,False,True,
300314.SZ,2012-05-08,,True,False,False,True,
300315.SZ,2012-05-11,,True,True,True,True,
300316.SZ,2012-05-11,,True,True,True,True,
300317.SZ,2012-05-11,,True,False,False,True,
300318.SZ,2012-05-23,,True,False,False,True,
300319.SZ,2012-05-23,,True,False,False,True,
300320.SZ,2012-06-01,,True,False,False,True,
300321.SZ,2012-05-23,,True,False,False,True,
300322.SZ,2012-06-08,,True,False,False,True,
300323.SZ,2012-06-01,,True,False,False,True,
300324.SZ,2012-06-08,,True,True,True,True,
300325.SZ,2012-06-01,2022-06-28,True,False,True,True,
300326.SZ,2012-06-13,,True,False,False,True,
300327.SZ,2012-06-13,,True,False,False,True,
300328.SZ,2012-06-19,,True,False,False,True,
300329.SZ,2012-06-19,,True,False,False,True,
300330.SZ,2012-06-19,2023-05-24,True,False,True,True,
300331.SZ,2012-06-28,,True,False,False,True,
300332.SZ,2012-06-28,,True,False,False,True,
300333.SZ,2012-06-28,,True,False,False,True,
300334.SZ,2012-07-05,,True,False,False,True,
300335.SZ,2012-07-10,,True,False,False,True,
300336.SZ,2012-07-10,2023-07-05,True,False,True,True,
300337.SZ,2012-07-18,,True,False,False,True,
300338.SZ,2012-07-26,,True,False,False,True,
300339.SZ,2012-07-18,,True,True,True,True,
300340.SZ,2012-07-26,,True,False,False,True,
300341.SZ,2012-07-26,,True,False,False,True,
300342.SZ,2012-07-26,,True,False,False,True,
300343.SZ,2012-08-01,,True,False,False,True,
300344.SZ,2012-08-01,2026-04-22,True,False,True,True,
300345.SZ,2012-08-01,,True,False,False,True,
300346.SZ,2012-08-07,,True,True,True,True,
300347.SZ,2012-08-17,,True,True,True,True,
300348.SZ,2012-08-17,,True,False,False,True,
300349.SZ,2012-08-17,,True,False,False,True,
300350.SZ,2012-08-21,,True,False,False,True,
300351.SZ,2012-09-20,,True,False,False,True,
300352.SZ,2012-09-12,,True,False,False,True,
300353.SZ,2012-09-27,,True,False,False,True,
300354.SZ,2012-09-20,,True,False,False,True,
300355.SZ,2012-09-27,,True,False,False,True,
300356.SZ,2012-10-09,2023-07-13,True,False,True,True,
300357.SZ,2014-01-21,,True,True,True,True,
300358.SZ,2014-01-21,,True,False,False,True,
300359.SZ,2014-01-21,,True,False,False,True,
300360.SZ,2014-01-21,,True,False,False,True,
300362.SZ,2014-01-21,2021-08-30,True,False,True,True,
300363.SZ,2014-01-29,,True,True,True,True,
300364.SZ,2015-01-21,,True,False,False,True,
300365.SZ,2014-01-23,,True,False,False,True,
300366.SZ,2014-01-27,,True,False,False,True,
300367.SZ,2014-01-29,2022-06-30,True,False,True,True,
300368.SZ,2014-01-23,,True,False,False,True,
300369.SZ,2014-01-29,,True,False,False,True,
300370.SZ,2014-01-23,,True,False,False,True,
300371.SZ,2014-01-23,,True,False,False,True,
300372.SZ,2014-01-27,2017-08-28,True,False,True,True,
300373.SZ,2014-01-23,,True,True,True,True,
300374.SZ,2015-03-19,,True,False,False,True,
300375.SZ,2014-01-27,,True,False,False,True,
300376.SZ,2014-01-27,,True,True,True,True,
300377.SZ,2014-01-27,,True,False,False,True,
300378.SZ,2014-01-27,,True,False,False,True,
300379.SZ,2014-01-28,2026-01-22,True,False,True,True,
300380.SZ,2014-01-28,,True,False,False,True,
300381.SZ,2014-01-28,,True,False,False,True,
300382.SZ,2014-01-29,,True,False,False,True,
300383.SZ,2014-01-29,,True,True,True,True,
300384.SZ,2014-08-01,,True,False,False,True,
300385.SZ,2014-06-26,,True,False,False,True,
300386.SZ,2014-06-26,,True,False,False,True,
300387.SZ,2014-07-02,,True,False,False,True,
300388.SZ,2014-08-01,,True,False,False,True,
300389.SZ,2014-08-01,,True,False,False,True,
300390.SZ,2014-07-31,,True,True,True,True,
300391.SZ,2014-08-01,2026-04-13,True,False,True,True,
300392.SZ,2014-09-10,2023-07-10,True,False,True,True,
300393.SZ,2014-09-12,,True,False,False,True,
300394.SZ,2015-02-17,,True,True,True,True,
300395.SZ,2014-09-10,,True,True,True,True,
300396.SZ,2014-09-10,,True,False,False,True,
300397.SZ,2014-09-10,,True,False,False,True,
300398.SZ,2014-10-09,,True,False,False,True,
300399.SZ,2014-10-09,,True,False,False,True,
300400.SZ,2014-10-10,,True,False,False,True,
300401.SZ,2014-10-09,,True,False,False,True,
300402.SZ,2014-10-10,,True,False,False,True,
300403.SZ,2014-10-30,,True,False,False,True,
300404.SZ,2015-04-24,,True,False,False,True,
300405.SZ,2014-10-30,,True,False,False,True,
300406.SZ,2014-10-30,,True,False,False,True,
300407.SZ,2014-12-03,,True,False,False,True,
300408.SZ,2014-12-03,,True,False,False,True,
300409.SZ,2014-12-03,,True,False,False,True,
300410.SZ,2014-12-31,,True,False,False,True,
300411.SZ,2014-12-31,,True,False,False,True,
300412.SZ,2014-12-31,,True,False,False,True,
300413.SZ,2015-01-21,,True,True,True,True,
300414.SZ,2015-05-13,,True,False,False,True,
300415.SZ,2015-01-23,,True,False,False,True,
300416.SZ,2015-01-22,,True,False,False,True,
300417.SZ,2015-01-23,,True,False,False,True,
300418.SZ,2015-01-21,,True,True,True,True,
300419.SZ,2015-01-22,,True,False,False,True,
300420.SZ,2015-02-17,,True,False,False,True,
300421.SZ,2015-02-17,,True,False,False,True,
300422.SZ,2015-02-17,,True,False,False,True,
300423.SZ,2015-02-17,,True,False,False,True,
300424.SZ,2015-04-22,,True,False,False,True,
300425.SZ,2015-02-16,,True,False,False,True,
300426.SZ,2015-02-17,,True,False,False,True,
300427.SZ,2015-02-17,,True,False,False,True,
300428.SZ,2015-03-19,,True,False,False,True,
300429.SZ,2015-03-24,,True,False,False,True,
300430.SZ,2015-03-19,,True,False,False,True,
300431.SZ,2015-03-24,2020-11-10,True,False,True,True,
300432.SZ,2015-03-19,,True,True,True,True,
300433.SZ,2015-03-18,,True,False,False,True,
300434.SZ,2015-04-24,,True,False,False,True,
300435.SZ,2015-03-26,,True,False,False,True,
300436.SZ,2015-04-22,,True,False,False,True,
300437.SZ,2015-04-23,,True,False,False,True,
300438.SZ,2015-04-24,,True,True,True,True,
300439.SZ,2015-04-22,,True,False,False,True,
300440.SZ,2015-04-23,,True,False,False,True,
300441.SZ,2015-04-23,,True,False,False,True,
300442.SZ,2015-04-24,,True,True,True,True,
300443.SZ,2015-04-22,,True,False,False,True,
300444.SZ,2015-04-23,,True,False,False,True,
300445.SZ,2015-04-24,,True,False,False,True,
300446.SZ,2015-04-23,,True,False,False,True,
300447.SZ,2015-04-22,,True,False,False,True,
300448.SZ,2015-04-24,,True,False,False,True,
300449.SZ,2015-04-22,,True,False,False,True,
300450.SZ,2015-05-18,,True,True,True,True,
300451.SZ,2015-05-14,,True,False,False,True,
300452.SZ,2015-05-15,,True,False,False,True,
300453.SZ,2015-05-15,,True,False,False,True,
300454.SZ,2018-05-16,,True,True,True,True,
300455.SZ,2015-05-15,,True,False,False,True,
300456.SZ,2015-05-14,,True,False,False,True,
300457.SZ,2015-05-14,,True,False,False,True,
300458.SZ,2015-05-15,,True,True,True,True,
300459.SZ,2015-05-15,,True,True,True,True,
300460.SZ,2015-05-15,,True,False,False,True,
300461.SZ,2015-05-19,,True,False,False,True,
300462.SZ,2015-05-27,,True,False,False,True,
300463.SZ,2015-05-28,,True,True,True,True,
300464.SZ,2015-06-10,,True,False,False,True,
300465.SZ,2015-05-28,,True,False,False,True,
300466.SZ,2015-05-28,,True,False,False,True,
300467.SZ,2015-05-27,,True,False,False,True,
300468.SZ,2015-05-27,,True,False,False,True,
300469.SZ,2015-06-11,,True,False,False,True,
300470.SZ,2015-06-12,,True,False,False,True,
300471.SZ,2015-06-11,,True,False,False,True,
300472.SZ,2015-06-11,,True,False,False,True,
300473.SZ,2015-06-12,,True,False,False,True,
300474.SZ,2016-03-31,,True,True,True,True,
300475.SZ,2015-06-10,,True,True,True,True,
300476.SZ,2015-06-11,,True,True,True,True,
300477.SZ,2015-06-10,,True,False,False,True,
300478.SZ,2015-06-10,,True,False,False,True,
300479.SZ,2015-06-12,,True,False,False,True,
300480.SZ,2015-07-02,,True,False,False,True,
300481.SZ,2015-06-30,,True,False,False,True,
300482.SZ,2015-06-30,,True,True,True,True,
300483.SZ,2015-06-30,,True,False,False,True,
300484.SZ,2016-03-22,,True,False,False,True,
300485.SZ,2015-06-26,,True,False,False,True,
300486.SZ,2015-06-30,,True,False,False,True,
300487.SZ,2015-07-02,,True,True,True,True,
300488.SZ,2015-07-01,,True,False,False,True,
300489.SZ,2015-07-01,,True,False,False,True,
300490.SZ,2015-12-31,,True,False,False,True,
300491.SZ,2015-12-31,,True,False,False,True,
300492.SZ,2015-12-23,,True,False,False,True,
300493.SZ,2015-12-10,,True,False,False,True,
300494.SZ,2015-12-31,,True,False,False,True,
300495.SZ,2015-12-22,2024-09-20,True,False,True,True,
300496.SZ,2015-12-10,,True,True,True,True,
300497.SZ,2015-12-22,,True,False,False,True,
300498.SZ,2015-11-02,,True,False,False,True,
300499.SZ,2016-02-02,,True,False,False,True,
300500.SZ,2016-02-04,,True,False,False,True,
300501.SZ,2016-02-04,,True,False,False,True,
300502.SZ,2016-03-03,,True,True,True,True,
300503.SZ,2016-03-09,,True,False,False,True,
300504.SZ,2018-03-30,,True,False,False,True,
300505.SZ,2016-03-15,,True,False,False,True,
300506.SZ,2016-03-24,,True,False,False,True,
300507.SZ,2016-04-29,,True,False,False,True,
300508.SZ,2016-04-19,,True,False,False,True,
300509.SZ,2016-04-25,,True,False,False,True,
300510.SZ,2016-05-06,,True,False,False,True,
300511.SZ,2016-05-04,,True,False,False,True,
300512.SZ,2016-05-26,,True,False,False,True,
300513.SZ,2016-05-30,,True,False,False,True,
300514.SZ,2017-04-26,,True,False,False,True,
300515.SZ,2016-06-08,,True,False,False,True,
300516.SZ,2016-06-02,,True,False,False,True,
300517.SZ,2016-07-19,,True,False,False,True,
300518.SZ,2016-06-24,,True,False,False,True,
300519.SZ,2016-06-24,,True,False,False,True,
300520.SZ,2016-07-08,,True,False,False,True,
300521.SZ,2016-07-05,,True,False,False,True,
300522.SZ,2016-07-05,,True,False,False,True,
300523.SZ,2016-07-26,,True,False,False,True,
300525.SZ,2016-07-26,,True,False,False,True,
300526.SZ,2016-08-02,2023-07-12,True,False,True,True,
300527.SZ,2016-08-05,,True,False,False,True,
300528.SZ,2016-08-08,,True,False,False,True,
300529.SZ,2016-08-02,,True,True,True,True,
300530.SZ,2016-08-09,,True,False,False,True,
300531.SZ,2016-08-09,,True,False,False,True,
300532.SZ,2016-08-18,,True,False,False,True,
300533.SZ,2016-08-18,,True,False,False,True,
300534.SZ,2016-09-13,,True,False,False,True,
300535.SZ,2016-08-12,,True,False,False,True,
300536.SZ,2016-09-20,,True,False,False,True,
300537.SZ,2016-08-30,,True,False,False,True,
300538.SZ,2016-08-26,,True,False,False,True,
300539.SZ,2016-08-30,,True,False,False,True,
300540.SZ,2016-08-23,,True,False,False,True,
300541.SZ,2016-09-13,,True,False,False,True,
300542.SZ,2016-09-20,,True,False,False,True,
300543.SZ,2016-09-08,,True,False,False,True,
300545.SZ,2016-09-28,,True,False,False,True,
300546.SZ,2016-09-28,,True,False,False,True,
300547.SZ,2016-09-30,,True,False,False,True,
300548.SZ,2016-10-12,,True,True,True,True,
300549.SZ,2016-09-30,,True,False,False,True,
300550.SZ,2016-10-18,,True,False,False,True,
300551.SZ,2016-10-18,,True,False,False,True,
300552.SZ,2016-10-21,,True,False,False,True,
300553.SZ,2016-10-21,,True,False,False,True,
300554.SZ,2017-04-21,,True,False,False,True,
300555.SZ,2016-10-18,,True,False,False,True,
300556.SZ,2016-11-04,,True,False,False,True,
300557.SZ,2016-11-01,,True,False,False,True,
300558.SZ,2016-11-07,,True,True,True,True,
300559.SZ,2016-11-01,,True,False,False,True,
300560.SZ,2016-11-01,,True,False,False,True,
300561.SZ,2016-11-17,,True,False,False,True,
300562.SZ,2016-11-16,,True,False,False,True,
300563.SZ,2016-11-14,,True,False,False,True,
300564.SZ,2019-11-08,,True,False,False,True,
300565.SZ,2016-11-22,,True,False,False,True,
300566.SZ,2016-11-15,,True,False,False,True,
300567.SZ,2016-11-22,,True,True,True,True,
300568.SZ,2016-12-01,,True,True,True,True,
300569.SZ,2016-11-25,,True,False,False,True,
300570.SZ,2016-12-06,,True,True,True,True,
300571.SZ,2016-12-13,,True,False,False,True,
300572.SZ,2016-12-06,,True,False,False,True,
300573.SZ,2016-12-08,,True,True,True,True,
300575.SZ,2016-12-20,,True,False,False,True,
300576.SZ,2016-12-20,,True,False,False,True,
300577.SZ,2016-12-21,,True,False,False,True,
300578.SZ,2017-01-25,,True,False,False,True,
300579.SZ,2016-12-23,,True,False,False,True,
300580.SZ,2017-01-11,,True,False,False,True,
300581.SZ,2016-12-20,,True,False,False,True,
300582.SZ,2016-12-28,,True,False,False,True,
300583.SZ,2017-01-06,,True,False,False,True,
300584.SZ,2017-01-12,,True,False,False,True,
300585.SZ,2016-12-29,,True,False,False,True,
300586.SZ,2017-01-04,,True,False,False,True,
300587.SZ,2017-01-05,,True,False,False,True,
300588.SZ,2017-01-05,,True,False,False,True,
300589.SZ,2017-01-13,,True,False,False,True,
300590.SZ,2017-01-11,,True,False,False,True,
300591.SZ,2017-01-10,,True,False,False,True,
300592.SZ,2017-01-20,,True,False,False,True,
300593.SZ,2017-01-13,,True,False,False,True,
300594.SZ,2019-06-21,,True,False,False,True,
300595.SZ,2017-01-17,,True,True,True,True,
300596.SZ,2017-01-19,,True,False,False,True,
300597.SZ,2017-01-23,,True,False,False,True,
300598.SZ,2017-01-20,,True,False,False,True,
300599.SZ,2017-01-23,,True,False,False,True,
300600.SZ,2017-01-25,,True,False,False,True,
300601.SZ,2017-02-07,,True,True,True,True,
300602.SZ,2017-01-26,,True,False,False,True,
300603.SZ,2017-01-26,,True,False,False,True,
300604.SZ,2017-04-17,,True,True,True,True,
300605.SZ,2017-02-08,,True,False,False,True,
300606.SZ,2017-02-08,,True,False,False,True,
300607.SZ,2017-02-09,,True,False,False,True,
300608.SZ,2017-02-13,,True,False,False,True,
300609.SZ,2017-02-15,,True,False,False,True,
300610.SZ,2017-02-13,,True,False,False,True,
300611.SZ,2017-02-20,,True,False,False,True,
300612.SZ,2017-02-15,,True,False,False,True,
300613.SZ,2017-02-20,,True,False,False,True,
300614.SZ,2021-05-25,,True,False,False,True,
300615.SZ,2017-02-15,,True,False,False,True,
300616.SZ,2017-03-07,,True,False,False,True,
300617.SZ,2017-02-28,,True,False,False,True,
300618.SZ,2017-03-06,,True,True,True,True,
300619.SZ,2017-03-01,,True,False,False,True,
300620.SZ,2017-03-10,,True,True,True,True,
300621.SZ,2017-03-16,,True,False,False,True,
300622.SZ,2017-03-15,,True,False,False,True,
300623.SZ,2017-03-14,,True,True,True,True,
300624.SZ,2018-01-18,,True,False,False,True,
300625.SZ,2017-03-17,,True,False,False,True,
300626.SZ,2017-03-20,,True,False,False,True,
300627.SZ,2017-03-21,,True,True,True,True,
300628.SZ,2017-03-17,,True,False,False,True,
300629.SZ,2017-03-24,,True,False,False,True,
300630.SZ,2017-03-28,2025-05-22,True,True,True,True,
300631.SZ,2017-03-23,,True,False,False,True,
300632.SZ,2017-04-06,,True,False,False,True,
300633.SZ,2017-04-06,,True,False,False,True,
300634.SZ,2018-03-23,,True,False,False,True,
300635.SZ,2017-03-31,,True,False,False,True,
300636.SZ,2017-03-31,,True,False,False,True,
300637.SZ,2017-04-12,,True,False,False,True,
300638.SZ,2017-04-13,,True,False,False,True,
300639.SZ,2017-04-12,,True,False,False,True,
300640.SZ,2017-04-17,,True,False,False,True,
300641.SZ,2017-04-18,,True,False,False,True,
300642.SZ,2017-04-21,,True,False,False,True,
300643.SZ,2017-05-05,,True,False,False,True,
300644.SZ,2018-02-06,,True,False,False,True,
300645.SZ,2017-04-21,,True,False,False,True,
300647.SZ,2017-05-03,,True,False,False,True,
300648.SZ,2017-04-25,,True,False,False,True,
300649.SZ,2017-05-05,,True,False,False,True,
300650.SZ,2017-05-03,,True,False,False,True,
300651.SZ,2017-05-09,,True,False,False,True,
300652.SZ,2017-05-16,,True,False,False,True,
300653.SZ,2017-05-16,,True,False,False,True,
300654.SZ,2017-09-26,,True,False,False,True,
300655.SZ,2017-05-23,,True,False,False,True,
300656.SZ,2017-05-19,,True,False,False,True,
300657.SZ,2017-05-23,,True,False,False,True,
300658.SZ,2017-06-02,,True,False,False,True,
300659.SZ,2017-05-26,,True,False,False,True,
300660.SZ,2017-06-02,,True,False,False,True,
300661.SZ,2017-06-06,,True,False,False,True,
300662.SZ,2017-06-08,,True,False,False,True,
300663.SZ,2017-06-08,,True,False,False,True,
300664.SZ,2018-01-05,,True,False,False,True,
300665.SZ,2017-06-13,,True,False,False,True,
300666.SZ,2017-06-15,,True,True,True,True,
300667.SZ,2017-06-19,,True,False,False,True,
300668.SZ,2017-06-19,,True,False,False,True,
300669.SZ,2017-06-29,,True,False,False,True,
300670.SZ,2017-07-03,,True,False,False,True,
300671.SZ,2017-07-05,,True,False,False,True,
300672.SZ,2017-07-12,,True,False,False,True,
300673.SZ,2017-07-11,,True,False,False,True,
300674.SZ,2018-11-07,,True,False,False,True,
300675.SZ,2017-07-19,,True,False,False,True,
300676.SZ,2017-07-14,,True,True,True,True,
300677.SZ,2017-07-21,,True,True,True,True,
300678.SZ,2017-07-28,,True,False,False,True,
300679.SZ,2017-07-31,,True,True,True,True,
300680.SZ,2017-07-25,,True,False,False,True,
300681.SZ,2017-07-25,,True,False,False,True,
300682.SZ,2017-08-01,,True,True,True,True,
300683.SZ,2017-08-08,,True,False,False,True,
300684.SZ,2017-12-27,,True,False,False,True,
300685.SZ,2017-08-02,,True,False,False,True,
300686.SZ,2017-08-04,,True,False,False,True,
300687.SZ,2017-08-03,,True,False,False,True,
300688.SZ,2017-08-10,,True,False,False,True,
300689.SZ,2017-08-09,,True,False,False,True,
300690.SZ,2017-08-08,,True,False,False,True,
300691.SZ,2017-08-11,,True,False,False,True,
300692.SZ,2017-08-21,,True,False,False,True,
300693.SZ,2017-08-22,,True,False,False,True,
300694.SZ,2018-10-15,,True,False,False,True,
300695.SZ,2017-09-08,,True,False,False,True,
300696.SZ,2017-08-22,,True,False,False,True,
300697.SZ,2017-09-07,,True,False,False,True,
300698.SZ,2017-08-31,,True,False,False,True,
300699.SZ,2017-09-01,,True,True,True,True,
300700.SZ,2017-09-12,,True,False,False,True,
300701.SZ,2017-09-15,,True,False,False,True,
300702.SZ,2017-09-19,,True,False,False,True,
300703.SZ,2017-09-19,,True,False,False,True,
300705.SZ,2017-10-10,,True,False,False,True,
300706.SZ,2017-09-26,,True,False,False,True,
300707.SZ,2017-10-10,,True,False,False,True,
300708.SZ,2017-10-16,,True,False,False,True,
300709.SZ,2017-10-19,,True,False,False,True,
300710.SZ,2017-10-19,,True,False,False,True,
300711.SZ,2017-11-01,,True,False,False,True,
300712.SZ,2017-10-31,,True,False,False,True,
300713.SZ,2017-11-01,,True,False,False,True,
300715.SZ,2017-10-26,,True,False,False,True,
300716.SZ,2017-11-09,,True,False,False,True,
300717.SZ,2017-11-06,,True,False,False,True,
300718.SZ,2017-11-06,,True,True,True,True,
300719.SZ,2017-11-09,,True,False,False,True,
300720.SZ,2017-11-06,,True,False,False,True,
300721.SZ,2017-11-15,,True,False,False,True,
300722.SZ,2017-11-10,,True,False,False,True,
300723.SZ,2017-11-16,,True,False,False,True,
300724.SZ,2018-08-10,,True,True,True,True,
300725.SZ,2017-11-10,,True,False,False,True,
300726.SZ,2017-11-21,,True,False,False,True,
300727.SZ,2017-11-27,,True,False,False,True,
300729.SZ,2017-12-01,,True,False,False,True,
300730.SZ,2017-12-05,,True,False,False,True,
300731.SZ,2017-12-08,,True,False,False,True,
300732.SZ,2017-12-12,,True,False,False,True,
300733.SZ,2018-01-16,,True,False,False,True,
300735.SZ,2017-12-29,,True,True,True,True,
300736.SZ,2018-01-09,,True,False,False,True,
300737.SZ,2018-01-25,,True,False,False,True,
300738.SZ,2018-01-19,,True,False,False,True,
300739.SZ,2018-02-01,,True,False,False,True,
300740.SZ,2018-02-08,,True,False,False,True,
300741.SZ,2018-03-01,,True,True,True,True,
300742.SZ,2018-05-08,2024-07-22,True,False,True,True,
300743.SZ,2018-04-27,,True,False,False,True,
300745.SZ,2018-05-23,,True,False,False,True,
300746.SZ,2018-05-25,,True,False,False,True,
300747.SZ,2018-06-25,,True,False,False,True,
300748.SZ,2018-09-21,,True,True,True,True,
300749.SZ,2018-09-25,,True,False,False,True,
300750.SZ,2018-06-11,,True,False,False,True,
300751.SZ,2018-11-09,,True,True,True,True,
300752.SZ,2018-11-30,,True,False,False,True,
300753.SZ,2018-12-13,,True,False,False,True,
300755.SZ,2019-01-29,,True,False,False,True,
300756.SZ,2018-12-28,,True,False,False,True,
300757.SZ,2019-01-08,,True,True,True,True,
300758.SZ,2019-02-22,,True,False,False,True,
300759.SZ,2019-01-28,,True,True,True,True,
300760.SZ,2018-10-16,,True,False,False,True,
300761.SZ,2019-02-18,,True,False,False,True,
300762.SZ,2019-03-14,,True,False,False,True,
300763.SZ,2019-03-19,,True,True,True,True,
300765.SZ,2019-03-22,,True,True,True,True,
300766.SZ,2019-03-25,,True,False,False,True,
300767.SZ,2019-03-29,,True,False,False,True,
300768.SZ,2019-04-12,,True,False,False,True,
300769.SZ,2019-04-15,,True,True,True,True,
300770.SZ,2019-04-19,,True,False,False,True,
300771.SZ,2019-04-22,,True,False,False,True,
300772.SZ,2019-04-26,,True,False,False,True,
300773.SZ,2019-04-25,,True,False,False,True,
300774.SZ,2021-08-04,,True,False,False,True,
300775.SZ,2019-05-21,,True,False,False,True,
300776.SZ,2019-05-17,,True,True,True,True,
300777.SZ,2019-05-16,,True,False,False,True,
300778.SZ,2019-05-10,,True,False,False,True,
300779.SZ,2019-05-22,,True,False,False,True,
300780.SZ,2019-05-31,,True,False,False,True,
300781.SZ,2019-06-06,,True,False,False,True,
300782.SZ,2019-06-18,,True,False,False,True,
300783.SZ,2019-07-12,,True,False,False,True,
300784.SZ,2024-06-07,,True,False,False,True,
300785.SZ,2019-07-15,,True,False,False,True,
300786.SZ,2019-07-23,,True,False,False,True,
300787.SZ,2019-08-15,,True,False,False,True,
300788.SZ,2019-07-05,,True,False,False,True,
300789.SZ,2019-08-28,,True,False,False,True,
300790.SZ,2019-09-20,,True,False,False,True,
300791.SZ,2019-09-25,,True,False,False,True,
300792.SZ,2019-09-27,,True,False,False,True,
300793.SZ,2019-10-18,,True,False,False,True,
300795.SZ,2019-10-22,,True,False,False,True,
300796.SZ,2019-11-15,,True,False,False,True,
300797.SZ,2019-11-01,,True,False,False,True,
300798.SZ,2019-11-22,,True,False,False,True,
300799.SZ,2019-10-29,2024-07-29,True,False,True,True,
300800.SZ,2019-11-06,,True,False,False,True,
300801.SZ,2019-11-28,,True,False,False,True,
300802.SZ,2019-11-14,,True,False,False,True,
300803.SZ,2019-11-18,,True,True,True,True,
300804.SZ,2023-06-27,,True,False,False,True,
300805.SZ,2019-11-21,,True,False,False,True,
300806.SZ,2019-11-25,,True,False,False,True,
300807.SZ,2019-12-19,,True,False,False,True,
300808.SZ,2019-11-29,,True,False,False,True,
300809.SZ,2019-12-04,,True,False,False,True,
300810.SZ,2019-12-06,,True,False,False,True,
300811.SZ,2019-12-30,,True,False,False,True,
300812.SZ,2020-01-09,,True,False,False,True,
300813.SZ,2020-01-14,,True,False,False,True,
300814.SZ,2021-08-12,,True,False,False,True,
300815.SZ,2020-01-23,,True,False,False,True,
300816.SZ,2020-02-10,,True,False,False,True,
300817.SZ,2020-02-18,,True,False,False,True,
300818.SZ,2020-02-12,,True,False,False,True,
300819.SZ,2020-03-12,,True,False,False,True,
300820.SZ,2020-02-13,,True,False,False,True,
300821.SZ,2020-03-12,,True,False,False,True,
300822.SZ,2020-03-13,,True,False,False,True,
300823.SZ,2020-03-19,,True,False,False,True,
300824.SZ,2020-06-19,,True,False,False,True,
300825.SZ,2020-03-27,,True,False,False,True,
300826.SZ,2020-04-03,,True,False,False,True,
300827.SZ,2020-04-10,,True,False,False,True,
300828.SZ,2020-04-21,,True,False,False,True,
300829.SZ,2020-04-22,,True,False,False,True,
300830.SZ,2020-05-06,,True,False,False,True,
300831.SZ,2020-05-07,,True,False,False,True,
300832.SZ,2020-05-12,,True,True,True,True,
300833.SZ,2020-05-20,,True,False,False,True,
300834.SZ,2022-01-13,,True,False,False,True,
300835.SZ,2020-05-25,,True,False,False,True,
300836.SZ,2020-05-28,,True,False,False,True,
300837.SZ,2020-06-05,,True,False,False,True,
300838.SZ,2020-06-08,,True,False,False,True,
300839.SZ,2020-06-30,,True,False,False,True,
300840.SZ,2020-07-08,,True,False,False,True,
300841.SZ,2020-06-16,,True,False,False,True,
300842.SZ,2020-06-18,,True,False,False,True,
300843.SZ,2020-07-02,,True,False,False,True,
300844.SZ,2021-08-13,,True,False,False,True,
300845.SZ,2020-07-03,,True,False,False,True,
300846.SZ,2020-07-01,,True,False,False,True,
300847.SZ,2020-07-09,,True,False,False,True,
300848.SZ,2020-07-20,,True,False,False,True,
300849.SZ,2020-07-10,,True,False,False,True,
300850.SZ,2020-07-13,,True,True,True,True,
300851.SZ,2020-07-17,,True,False,False,True,
300852.SZ,2020-07-13,,True,False,False,True,
300853.SZ,2020-07-24,,True,False,False,True,
300854.SZ,2021-09-16,,True,False,False,True,
300855.SZ,2020-07-23,,True,False,False,True,
300856.SZ,2020-07-22,,True,False,False,True,
300857.SZ,2020-07-27,,True,True,True,True,
300858.SZ,2020-07-27,,True,False,False,True,
300859.SZ,2020-08-06,,True,False,False,True,
300860.SZ,2020-08-24,,True,False,False,True,
300861.SZ,2020-08-24,,True,True,True,True,
300862.SZ,2020-08-24,,True,False,False,True,
300863.SZ,2020-08-24,,True,False,False,True,
300864.SZ,2020-08-24,,True,False,False,True,
300865.SZ,2020-08-24,,True,False,False,True,
300866.SZ,2020-08-24,,True,True,True,True,
300867.SZ,2020-08-24,,True,False,False,True,
300868.SZ,2020-08-24,,True,False,False,True,
300869.SZ,2020-08-24,,True,True,True,True,
300870.SZ,2020-08-24,,True,False,False,True,
300871.SZ,2020-08-24,,True,False,False,True,
300872.SZ,2020-08-24,,True,False,False,True,
300873.SZ,2020-08-24,,True,False,False,True,
300875.SZ,2020-08-24,,True,False,False,True,
300876.SZ,2020-08-24,,True,False,False,True,
300877.SZ,2020-08-24,,True,False,False,True,
300878.SZ,2020-08-24,,True,False,False,True,
300879.SZ,2020-09-01,,True,False,False,True,
300880.SZ,2020-09-01,,True,False,False,True,
300881.SZ,2020-09-01,,True,False,False,True,
300882.SZ,2020-09-10,,True,False,False,True,
300883.SZ,2020-09-10,,True,False,False,True,
300884.SZ,2020-11-12,,True,False,False,True,
300885.SZ,2020-09-10,,True,False,False,True,
300886.SZ,2020-09-16,,True,False,False,True,
300887.SZ,2020-09-16,,True,False,False,True,
300888.SZ,2020-09-17,,True,True,True,True,
300889.SZ,2020-09-16,,True,False,False,True,
300890.SZ,2020-09-17,,True,False,False,True,
300891.SZ,2020-09-17,,True,False,False,True,
300892.SZ,2020-09-24,,True,False,False,True,
300893.SZ,2020-09-24,,True,False,False,True,
300894.SZ,2020-12-31,,True,False,False,True,
300895.SZ,2020-09-24,,True,False,False,True,
300896.SZ,2020-09-28,,True,False,False,True,
300897.SZ,2020-09-28,,True,False,False,True,
300898.SZ,2020-10-16,,True,False,False,True,
300899.SZ,2020-10-16,,True,False,False,True,
300900.SZ,2020-10-29,,True,False,False,True,
300901.SZ,2020-10-29,,True,False,False,True,
300902.SZ,2020-10-29,,True,False,False,True,
300903.SZ,2020-11-05,,True,False,False,True,
300904.SZ,2023-08-09,,True,False,False,True,
300905.SZ,2020-11-05,,True,False,False,True,
300906.SZ,2020-11-05,,True,False,False,True,
300907.SZ,2020-11-18,,True,False,False,True,
300908.SZ,2020-11-23,,True,False,False,True,
300909.SZ,2020-11-18,,True,False,False,True,
300910.SZ,2020-11-27,,True,False,False,True,
300911.SZ,2020-12-03,,True,False,False,True,
300912.SZ,2020-12-07,,True,False,False,True,
300913.SZ,2020-12-07,,True,False,False,True,
300915.SZ,2020-12-02,,True,False,False,True,
300916.SZ,2020-12-02,,True,False,False,True,
300917.SZ,2020-12-21,,True,False,False,True,
300918.SZ,2020-12-22,,True,False,False,True,
300919.SZ,2020-12-23,,True,True,True,True,
300920.SZ,2020-12-25,,True,False,False,True,
300921.SZ,2020-12-22,,True,False,False,True,
300922.SZ,2020-12-25,,True,False,False,True,
300923.SZ,2020-12-24,,True,False,False,True,
300925.SZ,2020-12-30,,True,False,False,True,
300926.SZ,2021-01-07,,True,False,False,True,
300927.SZ,2021-01-07,,True,False,False,True,
300928.SZ,2021-01-06,,True,False,False,True,
300929.SZ,2021-01-20,,True,False,False,True,
300930.SZ,2021-01-21,,True,False,False,True,
300931.SZ,2021-01-21,,True,False,False,True,
300932.SZ,2021-01-22,,True,False,False,True,
300933.SZ,2021-01-22,,True,False,False,True,
300935.SZ,2021-01-20,,True,False,False,True,
300936.SZ,2021-01-26,,True,False,False,True,
300937.SZ,2021-01-27,,True,False,False,True,
300938.SZ,2021-01-27,,True,False,False,True,
300939.SZ,2021-01-28,,True,False,False,True,
300940.SZ,2021-02-03,,True,False,False,True,
300941.SZ,2021-02-09,,True,False,False,True,
300942.SZ,2021-02-09,,True,False,False,True,
300943.SZ,2021-02-10,,True,False,False,True,
300945.SZ,2021-02-10,,True,False,False,True,
300946.SZ,2021-02-08,,True,False,False,True,
300947.SZ,2021-02-10,,True,False,False,True,
300948.SZ,2021-02-25,,True,False,False,True,
300949.SZ,2021-02-26,,True,False,False,True,
300950.SZ,2021-03-03,,True,False,False,True,
300951.SZ,2021-02-26,,True,False,False,True,
300952.SZ,2021-03-11,,True,False,False,True,
300953.SZ,2021-03-18,,True,True,True,True,
300955.SZ,2021-03-24,,True,False,False,True,
300956.SZ,2021-03-26,,True,False,False,True,
300957.SZ,2021-03-25,,True,True,True,True,
300958.SZ,2021-03-29,,True,False,False,True,
300959.SZ,2021-03-22,,True,False,False,True,
300960.SZ,2021-03-29,,True,False,False,True,
300961.SZ,2021-03-30,,True,False,False,True,
300962.SZ,2021-04-09,,True,False,False,True,
300963.SZ,2021-04-09,,True,False,False,True,
300964.SZ,2021-08-05,,True,False,False,True,
300965.SZ,2021-04-02,,True,False,False,True,
300966.SZ,2021-04-09,,True,False,False,True,
300967.SZ,2021-04-13,,True,False,False,True,
300968.SZ,2021-04-15,,True,False,False,True,
300969.SZ,2021-04-12,,True,False,False,True,
300970.SZ,2021-04-12,,True,False,False,True,
300971.SZ,2021-04-15,,True,False,False,True,
300972.SZ,2021-04-19,,True,True,True,True,
300973.SZ,2021-04-15,,True,False,False,True,
300975.SZ,2021-04-21,,True,False,False,True,
300976.SZ,2021-04-19,,True,False,False,True,
300977.SZ,2021-04-20,,True,False,False,True,
300978.SZ,2021-04-26,,True,False,False,True,
300979.SZ,2021-04-26,,True,False,False,True,
300980.SZ,2021-04-21,,True,False,False,True,
300981.SZ,2021-04-27,,True,False,False,True,
300982.SZ,2021-04-27,,True,False,False,True,
300983.SZ,2021-04-20,,True,False,False,True,
300984.SZ,2021-06-18,,True,False,False,True,
300985.SZ,2021-04-29,,True,False,False,True,
300986.SZ,2021-04-30,,True,False,False,True,
300987.SZ,2021-05-11,,True,False,False,True,
300988.SZ,2021-05-12,,True,False,False,True,
300989.SZ,2021-05-07,,True,False,False,True,
300990.SZ,2021-05-12,,True,False,False,True,
300991.SZ,2021-05-20,,True,False,False,True,
300992.SZ,2021-05-25,,True,False,False,True,
300993.SZ,2021-05-24,,True,False,False,True,
300994.SZ,2021-08-12,,True,False,False,True,
300995.SZ,2021-05-26,,True,False,False,True,
300996.SZ,2021-06-03,,True,False,False,True,
300997.SZ,2021-06-02,,True,False,False,True,
300998.SZ,2021-06-02,,True,False,False,True,
300999.SZ,2020-10-15,,True,False,False,True,
301000.SZ,2021-05-28,,True,False,False,True,
301001.SZ,2021-05-28,,True,False,False,True,
301002.SZ,2021-06-07,,True,False,False,True,
301003.SZ,2021-06-01,,True,False,False,True,
301004.SZ,2021-06-25,,True,False,False,True,
301005.SZ,2021-06-01,,True,False,False,True,
301006.SZ,2021-06-07,,True,False,False,True,
301007.SZ,2021-06-16,,True,False,False,True,
301008.SZ,2021-06-11,,True,False,False,True,
301009.SZ,2021-06-17,,True,False,False,True,
301010.SZ,2021-06-18,,True,False,False,True,
301011.SZ,2021-06-17,,True,False,False,True,
301012.SZ,2021-06-22,,True,False,False,True,
301013.SZ,2021-06-29,,True,False,False,True,
301015.SZ,2021-06-30,,True,False,False,True,
301016.SZ,2021-06-30,,True,False,False,True,
301017.SZ,2021-07-05,,True,False,False,True,
301018.SZ,2021-07-07,,True,False,False,True,
301019.SZ,2021-06-28,,True,False,False,True,
301020.SZ,2021-07-06,,True,False,False,True,
301021.SZ,2021-07-06,,True,False,False,True,
301022.SZ,2021-07-02,,True,False,False,True,
301023.SZ,2021-07-07,,True,False,False,True,
301024.SZ,2021-07-28,,True,False,False,True,
301025.SZ,2021-07-19,,True,False,False,True,
301026.SZ,2021-07-16,,True,False,False,True,
301027.SZ,2021-07-15,,True,False,False,True,
301028.SZ,2021-07-20,,True,False,False,True,
301029.SZ,2021-07-23,,True,True,True,True,
301030.SZ,2021-07-22,,True,False,False,True,
301031.SZ,2021-07-15,,True,False,False,True,
301032.SZ,2021-07-22,,True,False,False,True,
301033.SZ,2021-07-26,,True,False,False,True,
301035.SZ,2021-07-28,,True,False,False,True,
301036.SZ,2021-07-29,,True,False,False,True,
301037.SZ,2021-07-30,,True,False,False,True,
301038.SZ,2021-08-04,,True,False,False,True,
301039.SZ,2021-07-08,,True,False,False,True,
301040.SZ,2021-08-03,,True,False,False,True,
301041.SZ,2021-08-11,,True,False,False,True,
301042.SZ,2021-08-05,,True,False,False,True,
301043.SZ,2021-08-11,,True,False,False,True,
301045.SZ,2021-08-13,,True,False,False,True,
301046.SZ,2021-08-17,,True,False,False,True,
301047.SZ,2021-08-16,,True,False,False,True,
301048.SZ,2021-08-18,,True,False,False,True,
301049.SZ,2021-08-24,,True,False,False,True,
301050.SZ,2021-08-24,,True,False,False,True,
301051.SZ,2021-08-27,,True,False,False,True,
301052.SZ,2021-08-30,,True,False,False,True,
301053.SZ,2021-09-01,,True,False,False,True,
301055.SZ,2021-09-06,,True,False,False,True,
301056.SZ,2021-09-07,,True,False,False,True,
301057.SZ,2021-09-09,,True,False,False,True,
301058.SZ,2021-09-09,,True,False,False,True,
301059.SZ,2021-09-13,,True,False,False,True,
301060.SZ,2021-09-13,,True,False,False,True,
301061.SZ,2021-09-13,,True,False,False,True,
301062.SZ,2021-09-14,,True,False,False,True,
301063.SZ,2021-09-24,,True,False,False,True,
301065.SZ,2021-09-14,,True,False,False,True,
301066.SZ,2021-09-22,,True,False,False,True,
301067.SZ,2021-09-22,,True,False,False,True,
301068.SZ,2021-09-28,,True,False,False,True,
301069.SZ,2021-09-27,,True,False,False,True,
301070.SZ,2021-09-23,,True,False,False,True,
301071.SZ,2021-09-24,,True,False,False,True,
301072.SZ,2021-09-29,,True,False,False,True,
301073.SZ,2021-09-30,,True,False,False,True,
301075.SZ,2021-09-29,,True,False,False,True,
301076.SZ,2021-10-11,,True,False,False,True,
301077.SZ,2021-09-30,,True,False,False,True,
301078.SZ,2021-10-14,,True,False,False,True,
301079.SZ,2021-10-19,,True,False,False,True,
301080.SZ,2021-10-18,,True,False,False,True,
301081.SZ,2021-10-20,,True,False,False,True,
301082.SZ,2021-10-27,,True,False,False,True,
301083.SZ,2021-10-21,,True,False,False,True,
301085.SZ,2021-10-18,,True,False,False,True,
301086.SZ,2021-10-20,,True,False,False,True,
301087.SZ,2021-10-25,,True,False,False,True,
301088.SZ,2021-10-28,,True,False,False,True,
301089.SZ,2021-10-27,,True,False,False,True,
301090.SZ,2021-10-26,,True,False,False,True,
301091.SZ,2021-10-29,,True,False,False,True,
301092.SZ,2021-11-02,,True,False,False,True,
301093.SZ,2021-11-01,,True,False,False,True,
301095.SZ,2022-08-05,,True,False,False,True,
301096.SZ,2021-12-20,,True,False,False,True,
301097.SZ,2022-04-07,,True,False,False,True,
301098.SZ,2021-11-12,,True,False,False,True,
301099.SZ,2021-11-22,,True,False,False,True,
301100.SZ,2021-12-17,,True,False,False,True,
301101.SZ,2021-12-16,,True,False,False,True,
301102.SZ,2022-03-28,,True,False,False,True,
301103.SZ,2022-03-22,,True,False,False,True,
301105.SZ,2022-12-30,,True,False,False,True,
301106.SZ,2022-01-28,,True,False,False,True,
301107.SZ,2022-05-24,,True,False,False,True,
301108.SZ,2021-12-03,,True,False,False,True,
301109.SZ,2022-04-13,,True,False,False,True,
301110.SZ,2022-03-11,,True,False,False,True,
301111.SZ,2021-12-07,,True,False,False,True,
301112.SZ,2022-06-29,,True,False,False,True,
301113.SZ,2021-12-22,,True,False,False,True,
301115.SZ,2022-08-31,,True,False,False,True,
301116.SZ,2022-01-18,,True,False,False,True,
301117.SZ,2022-01-17,,True,False,False,True,
301118.SZ,2021-11-18,,True,False,False,True,
301119.SZ,2021-11-22,,True,False,False,True,
301120.SZ,2022-04-19,,True,False,False,True,
301121.SZ,2022-08-08,,True,False,False,True,
301122.SZ,2022-01-26,,True,False,False,True,
301123.SZ,2022-01-25,,True,False,False,True,
301125.SZ,2022-06-08,,True,False,False,True,
301126.SZ,2021-12-07,,True,False,False,True,
301127.SZ,2021-12-30,,True,False,False,True,
301128.SZ,2021-11-10,,True,False,False,True,
301129.SZ,2021-11-02,,True,False,False,True,
301130.SZ,2022-02-23,,True,False,False,True,
301131.SZ,2022-03-14,,True,False,False,True,
301132.SZ,2022-08-10,,True,False,False,True,
301133.SZ,2021-11-26,,True,False,False,True,
301135.SZ,2022-04-12,,True,False,False,True,
301136.SZ,2022-01-11,,True,False,False,True,
301137.SZ,2022-03-22,,True,False,False,True,
301138.SZ,2021-12-15,,True,False,False,True,
301139.SZ,2022-07-08,,True,False,False,True,
301141.SZ,2023-04-03,,True,False,False,True,
301148.SZ,2022-04-21,,True,False,False,True,
301149.SZ,2021-11-10,,True,False,False,True,
301150.SZ,2022-04-21,,True,False,False,True,
301151.SZ,2022-04-11,,True,False,False,True,
301152.SZ,2022-08-29,,True,False,False,True,
301153.SZ,2022-05-18,,True,False,False,True,
301155.SZ,2021-11-24,,True,False,False,True,
301156.SZ,2022-06-17,,True,False,False,True,
301157.SZ,2023-03-09,,True,False,False,True,
301158.SZ,2022-01-17,,True,False,False,True,
301159.SZ,2022-01-07,,True,False,False,True,
301160.SZ,2022-06-06,,True,False,False,True,
301161.SZ,2022-09-14,,True,False,False,True,
301162.SZ,2022-04-29,,True,False,False,True,
301163.SZ,2022-04-19,,True,False,False,True,
301165.SZ,2022-11-21,,True,True,True,True,
301166.SZ,2021-12-28,,True,False,False,True,
301167.SZ,2021-12-06,,True,False,False,True,
301168.SZ,2021-12-10,,True,False,False,True,
301169.SZ,2021-11-03,,True,False,False,True,
301170.SZ,2023-06-27,,True,False,False,True,
301171.SZ,2022-08-19,,True,False,False,True,
301172.SZ,2023-07-26,,True,False,False,True,
301173.SZ,2025-03-03,,True,False,False,True,
301175.SZ,2022-07-08,,True,False,False,True,
301176.SZ,2022-09-28,,True,False,False,True,
301177.SZ,2021-12-15,,True,False,False,True,
301178.SZ,2021-11-12,,True,False,False,True,
301179.SZ,2021-12-08,,True,False,False,True,
301180.SZ,2021-11-16,,True,False,False,True,
301181.SZ,2022-02-21,,True,False,False,True,
301182.SZ,2021-12-23,,True,False,False,True,
301183.SZ,2022-05-24,,True,False,False,True,
301185.SZ,2021-11-19,,True,False,False,True,
301186.SZ,2021-12-23,,True,False,False,True,
301187.SZ,2022-04-22,,True,False,False,True,
301188.SZ,2021-11-11,,True,False,False,True,
301189.SZ,2021-12-28,,True,False,False,True,
301190.SZ,2021-12-24,,True,False,False,True,
301191.SZ,2022-05-26,,True,False,False,True,
301192.SZ,2022-08-11,,True,False,False,True,
301193.SZ,2021-12-09,,True,False,False,True,
301195.SZ,2022-08-01,,True,False,False,True,
301196.SZ,2022-01-11,,True,False,False,True,
301197.SZ,2022-08-08,,True,False,False,True,
301198.SZ,2021-12-02,,True,False,False,True,
301199.SZ,2021-12-07,,True,False,False,True,
301200.SZ,2022-02-28,,True,True,True,True,
301201.SZ,2022-01-20,,True,False,False,True,
301202.SZ,2023-07-05,,True,False,False,True,
301203.SZ,2023-04-04,,True,False,False,True,
301205.SZ,2022-09-13,,True,False,False,True,
301206.SZ,2022-02-10,,True,False,False,True,
301207.SZ,2022-02-18,,True,False,False,True,
301208.SZ,2022-07-07,,True,False,False,True,
301209.SZ,2022-08-25,,True,False,False,True,
301210.SZ,2023-06-30,,True,False,False,True,
301211.SZ,2021-12-22,,True,False,False,True,
301212.SZ,2022-04-19,,True,False,False,True,
301213.SZ,2021-12-06,,True,False,False,True,
301215.SZ,2022-03-08,,True,False,False,True,
301216.SZ,2022-03-29,,True,False,False,True,
301217.SZ,2022-01-27,,True,False,False,True,
301218.SZ,2022-03-07,,True,False,False,True,
301219.SZ,2022-03-17,,True,False,False,True,
301220.SZ,2022-06-22,,True,False,False,True,
301221.SZ,2021-12-22,,True,False,False,True,
301222.SZ,2022-03-09,,True,False,False,True,
301223.SZ,2022-10-26,,True,False,False,True,
301225.SZ,2023-06-16,,True,False,False,True,
301226.SZ,2022-03-25,,True,False,False,True,
301227.SZ,2022-09-26,,True,False,False,True,
301228.SZ,2022-01-28,,True,False,False,True,
301229.SZ,2022-02-22,,True,False,False,True,
301230.SZ,2022-11-01,,True,False,False,True,
301231.SZ,2022-09-08,,True,False,False,True,
301232.SZ,2023-06-15,,True,False,False,True,
301233.SZ,2022-07-06,,True,False,False,True,
301234.SZ,2022-07-05,,True,False,False,True,
301235.SZ,2022-01-28,,True,False,False,True,
301236.SZ,2022-03-15,,True,True,True,True,
301237.SZ,2022-03-23,,True,False,False,True,
301238.SZ,2022-06-17,,True,False,False,True,
301239.SZ,2022-07-05,,True,False,False,True,
301246.SZ,2023-03-20,,True,False,False,True,
301248.SZ,2022-04-20,,True,False,False,True,
301251.SZ,2023-09-06,,True,False,False,True,
301252.SZ,2023-05-25,,True,False,False,True,
301255.SZ,2022-12-27,,True,False,False,True,
301256.SZ,2022-03-22,,True,False,False,True,
301257.SZ,2022-05-17,,True,False,False,True,
301258.SZ,2022-03-29,,True,False,False,True,
301259.SZ,2022-04-26,,True,False,False,True,
301260.SZ,2023-02-08,,True,False,False,True,
301261.SZ,2023-07-10,,True,False,False,True,
301262.SZ,2023-06-20,,True,False,False,True,
301263.SZ,2022-03-29,,True,False,False,True,
301265.SZ,2022-12-16,,True,False,False,True,
301266.SZ,2022-06-08,,True,False,False,True,
301267.SZ,2022-11-07,,True,True,True,True,
301268.SZ,2022-04-07,,True,False,False,True,
301269.SZ,2022-07-29,,True,False,False,True,
301270.SZ,2022-08-31,,True,False,False,True,
301272.SZ,2023-07-13,,True,False,False,True,
301273.SZ,2022-10-25,,True,False,False,True,
301275.SZ,2025-03-11,,True,False,False,True,
301276.SZ,2022-09-09,,True,False,False,True,
301277.SZ,2022-11-16,,True,False,False,True,
301278.SZ,2022-08-04,,True,False,False,True,
301279.SZ,2022-04-13,,True,False,False,True,
301280.SZ,2022-12-26,,True,False,False,True,
301281.SZ,2023-04-04,,True,False,False,True,
301282.SZ,2022-08-26,,True,False,False,True,
301283.SZ,2022-09-02,,True,False,False,True,
301285.SZ,2022-09-28,,True,False,False,True,
301286.SZ,2022-06-14,,True,False,False,True,
301287.SZ,2023-06-14,,True,False,False,True,
301288.SZ,2022-04-22,,True,False,False,True,
301289.SZ,2022-06-22,,True,False,False,True,
301290.SZ,2022-11-30,,True,False,False,True,
301291.SZ,2023-06-30,,True,False,False,True,
301292.SZ,2023-07-07,,True,False,False,True,
301293.SZ,2023-05-05,,True,False,False,True,
301295.SZ,2023-06-28,,True,False,False,True,
301296.SZ,2022-09-02,,True,False,False,True,
301297.SZ,2022-12-30,,True,False,False,True,
301298.SZ,2022-06-06,,True,False,False,True,
301299.SZ,2022-10-19,,True,False,False,True,
301300.SZ,2022-08-19,,True,False,False,True,
301301.SZ,2022-12-27,,True,True,True,True,
301302.SZ,2022-06-23,,True,False,False,True,
301303.SZ,2023-02-20,,True,False,False,True,
301305.SZ,2023-05-23,,True,False,False,True,
301306.SZ,2022-07-26,,True,False,False,True,
301307.SZ,2023-04-24,,True,False,False,True,
301308.SZ,2022-08-05,,True,True,True,True,
301309.SZ,2022-09-19,,True,False,False,True,
301310.SZ,2023-06-02,,True,False,False,True,
301311.SZ,2022-11-30,,True,False,False,True,
301312.SZ,2022-07-11,,True,False,False,True,
301313.SZ,2022-09-30,,True,False,False,True,
301314.SZ,2023-03-28,,True,False,False,True,
301315.SZ,2023-06-21,,True,False,False,True,
301316.SZ,2022-10-13,,True,False,False,True,
301317.SZ,2023-01-19,,True,False,False,True,
301318.SZ,2022-08-10,,True,False,False,True,
301319.SZ,2022-09-29,,True,False,False,True,
301320.SZ,2023-06-09,,True,False,False,True,
301321.SZ,2022-08-18,,True,False,False,True,
301322.SZ,2023-03-06,,True,False,False,True,
301323.SZ,2023-06-06,,True,False,False,True,
301325.SZ,2023-05-12,,True,False,False,True,
301326.SZ,2022-09-21,,True,False,False,True,
301327.SZ,2022-09-19,,True,False,False,True,
301328.SZ,2022-09-08,,True,False,False,True,
301329.SZ,2023-07-17,,True,False,False,True,
301330.SZ,2022-08-17,,True,False,False,True,
301331.SZ,2022-09-21,,True,False,False,True,
301332.SZ,2023-05-18,,True,False,False,True,
301333.SZ,2022-08-02,,True,False,False,True,
301335.SZ,2022-11-18,,True,False,False,True,
301336.SZ,2022-08-12,,True,False,False,True,
301337.SZ,2023-05-26,,True,False,False,True,
301338.SZ,2022-08-16,,True,False,False,True,
301339.SZ,2022-09-09,,True,False,False,True,
301345.SZ,2023-03-21,,True,False,False,True,
301348.SZ,2023-08-10,,True,False,False,True,
301349.SZ,2022-09-09,,True,False,False,True,
301353.SZ,2023-05-30,,True,False,False,True,
301355.SZ,2023-06-12,,True,False,False,True,
301356.SZ,2022-11-14,,True,False,False,True,
301357.SZ,2023-04-18,,True,False,False,True,
301358.SZ,2023-02-09,,True,True,True,True,
301359.SZ,2022-11-09,,True,False,False,True,
301360.SZ,2023-04-25,,True,False,False,True,
301361.SZ,2022-11-16,,True,False,False,True,
301362.SZ,2023-08-04,,True,False,False,True,
301363.SZ,2022-10-12,,True,False,False,True,
301365.SZ,2022-11-22,,True,False,False,True,
301366.SZ,2022-09-26,,True,False,False,True,
301367.SZ,2022-11-01,,True,False,False,True,
301368.SZ,2022-12-15,,True,False,False,True,
301369.SZ,2022-09-22,,True,False,False,True,
301370.SZ,2023-07-12,,True,False,False,True,
301371.SZ,2023-08-01,,True,False,False,True,
301372.SZ,2023-08-11,,True,False,False,True,
301373.SZ,2023-02-08,,True,False,False,True,
301376.SZ,2023-06-21,,True,False,False,True,
301377.SZ,2022-11-22,,True,True,True,True,
301378.SZ,2023-03-20,,True,False,False,True,
301379.SZ,2022-11-01,,True,False,False,True,
301380.SZ,2022-10-25,,True,False,False,True,
301381.SZ,2023-07-12,,True,False,False,True,
301382.SZ,2023-05-17,,True,False,False,True,
301383.SZ,2023-06-09,,True,False,False,True,
301386.SZ,2023-03-29,,True,False,False,True,
301387.SZ,2023-04-18,,True,False,False,True,
301388.SZ,2022-11-09,,True,False,False,True,
301389.SZ,2022-10-31,,True,False,False,True,
301390.SZ,2023-05-08,,True,False,False,True,
301391.SZ,2022-12-01,,True,False,False,True,
301392.SZ,2024-06-05,,True,False,False,True,
301393.SZ,2023-07-12,,True,False,False,True,
301395.SZ,2023-07-03,,True,False,False,True,
301396.SZ,2022-11-11,,True,False,False,True,
301397.SZ,2023-06-28,,True,False,False,True,
301398.SZ,2022-12-15,,True,False,False,True,
301399.SZ,2023-05-23,,True,False,False,True,
301408.SZ,2023-03-01,,True,False,False,True,
301413.SZ,2023-12-18,,True,False,False,True,
301418.SZ,2023-08-21,,True,False,False,True,
301419.SZ,2023-02-09,,True,False,False,True,
301421.SZ,2023-08-23,,True,False,False,True,
301428.SZ,2023-05-19,,True,False,False,True,
301429.SZ,2023-04-17,,True,False,False,True,
301439.SZ,2023-03-17,,True,False,False,True,
301446.SZ,2023-07-25,,True,False,False,True,
301448.SZ,2023-06-19,,True,False,False,True,
301449.SZ,2025-12-23,,True,False,False,True,
301456.SZ,2023-07-14,,True,False,False,True,
301458.SZ,2025-01-10,,True,False,False,True,
301459.SZ,2023-12-13,,True,False,False,True,
301468.SZ,2023-07-24,,True,False,False,True,
301469.SZ,2023-08-22,,True,False,False,True,
301479.SZ,2025-03-18,,True,False,False,True,
301486.SZ,2023-07-07,,True,False,False,True,
301487.SZ,2023-08-09,,True,False,False,True,
301488.SZ,2023-07-04,,True,False,False,True,
301489.SZ,2023-10-24,,True,False,False,True,
301491.SZ,2025-08-06,,True,False,False,True,
301498.SZ,2023-08-16,,True,True,True,True,
301499.SZ,2023-07-21,,True,False,False,True,
301500.SZ,2023-09-21,,True,False,False,True,
301501.SZ,2025-03-19,,True,False,False,True,
301502.SZ,2024-02-02,,True,False,False,True,
301503.SZ,2023-07-17,,True,False,False,True,
301505.SZ,2023-07-19,,True,False,False,True,
301507.SZ,2023-09-05,,True,False,False,True,
301508.SZ,2023-12-01,,True,False,False,True,
301509.SZ,2023-08-03,,True,False,False,True,
301510.SZ,2023-08-15,,True,False,False,True,
301511.SZ,2023-08-17,,True,False,False,True,
301512.SZ,2023-07-20,,True,False,False,True,
301513.SZ,2026-04-17,,True,False,False,True,
301515.SZ,2023-07-25,,True,False,False,True,
301516.SZ,2023-12-08,,True,False,False,True,
301517.SZ,2023-10-17,,True,False,False,True,
301518.SZ,2023-08-03,,True,False,False,True,
301519.SZ,2023-07-27,,True,False,False,True,
301520.SZ,2023-09-25,,True,False,False,True,
301522.SZ,2024-10-16,,True,False,False,True,
301525.SZ,2023-08-30,,True,False,False,True,
301526.SZ,2023-12-26,,True,True,True,True,
301528.SZ,2023-08-28,,True,False,False,True,
301529.SZ,2023-09-11,,True,False,False,True,
301531.SZ,2026-05-11,,True,False,False,True,
301533.SZ,2023-08-18,,True,False,False,True,
301535.SZ,2025-03-27,,True,False,False,True,
301536.SZ,2024-03-28,,True,True,True,True,
301538.SZ,2024-03-20,,True,False,False,True,
301539.SZ,2024-04-15,,True,False,False,True,
301548.SZ,2023-09-20,,True,False,False,True,
301550.SZ,2023-09-15,,True,False,False,True,
301551.SZ,2024-09-26,,True,False,False,True,
301552.SZ,2024-07-22,,True,False,False,True,
301555.SZ,2023-10-31,,True,False,False,True,
301556.SZ,2024-10-17,,True,False,False,True,
301557.SZ,2025-03-04,,True,False,False,True,
301558.SZ,2023-09-28,,True,False,False,True,
301559.SZ,2023-10-11,,True,False,False,True,
301560.SZ,2025-04-25,,True,False,False,True,
301563.SZ,2025-09-30,,True,False,False,True,
301565.SZ,2024-06-20,,True,False,False,True,
301566.SZ,2023-12-29,,True,False,False,True,
301567.SZ,2024-01-16,,True,False,False,True,
301568.SZ,2023-11-28,,True,False,False,True,
301571.SZ,2024-08-21,,True,False,False,True,
301575.SZ,2025-09-10,,True,False,False,True,
301577.SZ,2024-01-24,,True,False,False,True,
301578.SZ,2023-12-28,,True,False,False,True,
301580.SZ,2024-06-26,,True,False,False,True,
301581.SZ,2025-01-03,,True,False,False,True,
301583.SZ,2026-07-10,,True,False,False,True,
301584.SZ,2025-09-25,,True,False,False,True,
301585.SZ,2024-12-20,,True,False,False,True,
301586.SZ,2024-08-28,,True,False,False,True,
301587.SZ,2024-04-08,,True,False,False,True,
301588.SZ,2024-03-13,,True,False,False,True,
301589.SZ,2024-02-08,,True,False,False,True,
301590.SZ,2025-06-05,,True,False,False,True,
301591.SZ,2024-02-28,,True,False,False,True,
301592.SZ,2024-10-24,,True,False,False,True,
301595.SZ,2025-05-19,,True,False,False,True,
301596.SZ,2024-05-13,,True,False,False,True,
301598.SZ,2024-12-20,,True,False,False,True,
301599.SZ,2026-04-30,,True,False,False,True,
301600.SZ,2024-09-11,,True,False,False,True,
301601.SZ,2025-01-15,,True,False,False,True,
301602.SZ,2025-01-22,,True,False,False,True,
301603.SZ,2024-07-10,,True,False,False,True,
301606.SZ,2024-07-26,,True,True,True,True,
301607.SZ,2024-09-04,,True,False,False,True,
301608.SZ,2024-08-01,,True,False,False,True,
301609.SZ,2025-07-23,,True,False,False,True,
301611.SZ,2024-08-16,,True,True,True,True,
301613.SZ,2024-10-25,,True,False,False,True,
301616.SZ,2025-03-27,,True,False,False,True,
301617.SZ,2024-12-11,,True,False,False,True,
301618.SZ,2024-09-30,,True,False,False,True,
301622.SZ,2024-12-04,,True,False,False,True,
301626.SZ,2024-10-24,,True,False,False,True,
301628.SZ,2024-10-31,,True,False,False,True,
301629.SZ,2025-03-24,,True,False,False,True,
301630.SZ,2025-07-10,,True,False,False,True,
301631.SZ,2024-11-22,,True,False,False,True,
301632.SZ,2025-08-12,,True,False,False,True,
301633.SZ,2024-11-07,,True,False,False,True,
301636.SZ,2025-05-16,,True,False,False,True,
301638.SZ,2025-11-18,,True,False,False,True,
301656.SZ,2025-09-25,,True,False,False,True,
301658.SZ,2025-04-02,,True,False,False,True,
301662.SZ,2025-04-17,,True,False,False,True,
301665.SZ,2025-04-11,,True,False,False,True,
301666.SZ,2026-04-16,,True,False,False,True,
301667.SZ,2025-12-23,,True,False,False,True,
301668.SZ,2025-09-26,,True,False,False,True,
301669.SZ,2026-06-09,,True,False,False,True,
301678.SZ,2025-06-20,,True,False,False,True,
301680.SZ,2026-03-06,,True,False,False,True,
301682.SZ,2026-03-25,,True,False,False,True,
301683.SZ,2026-04-01,,True,False,False,True,
301687.SZ,2025-12-31,,True,False,False,True,
301696.SZ,2026-04-10,,True,False,False,True,
302132.SZ,2010-08-27,,True,True,True,True,
600000.SH,1999-11-10,,True,False,False,True,
600001.SH,1998-01-22,2009-12-29,True,False,False,True,
600002.SH,1998-04-08,2006-04-24,True,False,False,True,
600003.SH,1999-08-10,2010-02-26,True,False,False,True,
600004.SH,2003-04-28,,True,True,True,True,
600005.SH,1999-08-03,2017-02-14,True,False,True,True,
600006.SH,1999-07-27,,True,True,True,True,
600007.SH,1999-03-12,,True,True,True,True,
600008.SH,2000-04-27,,True,True,True,True,
600009.SH,1998-02-18,,True,False,False,True,
600010.SH,2001-03-09,,True,False,False,True,
600011.SH,2001-12-06,,True,False,False,True,
600012.SH,2003-01-07,,True,False,False,True,
600015.SH,2003-09-12,,True,False,False,True,
600016.SH,2000-12-19,,True,False,False,True,
600017.SH,2006-10-17,,True,True,True,True,
600018.SH,2000-07-19,,True,False,False,True,
600019.SH,2000-12-12,,True,False,False,True,
600020.SH,2003-08-08,,True,False,False,True,
600021.SH,2003-10-29,,True,True,True,True,
600022.SH,2004-06-29,,True,True,True,True,
600023.SH,2013-12-19,,True,False,False,True,
600025.SH,2017-12-15,,True,False,False,True,
600026.SH,2002-05-23,,True,True,True,True,
600027.SH,2005-02-03,,True,True,True,True,
600028.SH,2001-08-08,,True,False,False,True,
600029.SH,2003-07-25,,True,False,False,True,
600030.SH,2003-01-06,,True,False,False,True,
600031.SH,2003-07-03,,True,False,False,True,
600032.SH,2021-05-25,,True,True,True,True,
600033.SH,2001-02-09,,True,False,False,True,
600035.SH,2004-03-10,,True,False,False,True,
600036.SH,2002-04-09,,True,False,False,True,
600037.SH,2001-02-08,,True,True,True,True,
600038.SH,2000-12-18,,True,True,True,True,
600039.SH,2003-03-25,,True,True,True,True,
600048.SH,2006-07-31,,True,False,False,True,
600050.SH,2002-10-09,,True,False,False,True,
600051.SH,1997-04-10,,True,False,False,True,
600052.SH,1997-04-15,,True,False,False,True,
600053.SH,1997-04-18,,True,True,True,True,
600054.SH,1997-05-06,,True,False,False,True,
600055.SH,1997-05-19,,True,False,False,True,
600056.SH,1997-05-15,,True,True,True,True,
600057.SH,1997-06-04,,True,False,False,True,
600058.SH,1997-05-28,,True,True,True,True,
600059.SH,1997-05-16,,True,True,True,True,
600060.SH,1997-04-22,,True,True,True,True,
600061.SH,1997-05-19,,True,False,False,True,
600062.SH,1997-05-22,,True,True,True,True,
600063.SH,1997-05-28,,True,False,False,True,
600064.SH,1997-05-06,,True,True,True,True,
600065.SH,1997-05-23,2007-12-13,True,False,False,True,
600066.SH,1997-05-08,,True,True,True,True,
600067.SH,1997-05-08,,True,True,True,True,
600068.SH,1997-05-26,2021-09-13,True,True,True,True,
600069.SH,1997-04-30,2020-08-28,True,False,True,True,
600070.SH,1997-06-04,2025-04-30,True,False,True,True,
600071.SH,1997-05-28,,True,False,False,True,
600072.SH,1997-06-03,,True,False,False,True,
600073.SH,1997-07-04,,True,True,True,True,
600074.SH,1997-06-23,2020-06-03,True,True,True,True,
600075.SH,1997-06-17,,True,False,False,True,
600076.SH,1997-05-26,,True,False,False,True,
600077.SH,1997-05-20,2023-07-25,True,False,True,True,
600078.SH,1997-06-27,,True,True,True,True,
600079.SH,1997-06-06,,True,True,True,True,
600080.SH,1997-06-12,,True,False,False,True,
600081.SH,1997-07-03,,True,False,False,True,
600082.SH,1997-06-20,,True,False,False,True,
600083.SH,1997-06-06,2025-03-05,True,False,True,True,
600084.SH,1997-07-11,,True,False,False,True,
600085.SH,1997-06-25,,True,False,False,True,
600086.SH,1997-06-06,2021-03-18,True,True,True,True,
600087.SH,1997-06-12,2014-06-05,True,False,True,True,
600088.SH,1997-06-16,,True,True,True,True,
600089.SH,1997-06-18,,True,True,True,True,
600090.SH,1997-06-16,2022-07-07,True,False,True,True,
600091.SH,1997-07-04,2022-06-21,True,False,True,True,
600092.SH,1997-06-26,2006-11-30,True,False,False,True,
600093.SH,1997-06-26,2022-06-23,True,False,True,True,
600094.SH,1997-07-03,,True,True,True,True,
600095.SH,1997-07-08,,True,True,True,True,
600096.SH,1997-07-09,,True,True,True,True,
600097.SH,1997-06-19,,True,False,False,True,
600098.SH,1997-07-18,,True,True,True,True,
600099.SH,1997-07-04,,True,False,False,True,
600100.SH,1997-06-27,,True,True,True,True,
600101.SH,1997-06-27,,True,False,False,True,
600102.SH,1997-08-28,2012-02-28,True,False,False,True,
600103.SH,1997-07-03,,True,False,False,True,
600104.SH,1997-11-25,,True,False,False,True,
600105.SH,1997-09-29,,True,True,True,True,
600106.SH,1997-06-18,,True,False,False,True,
600107.SH,1997-11-06,,True,False,False,True,
600108.SH,1997-08-18,,True,True,True,True,
600109.SH,1997-08-07,,True,True,True,True,
600110.SH,1997-10-07,,True,True,True,True,
600111.SH,1997-09-24,,True,False,False,True,
600112.SH,1997-11-27,2024-08-15,True,True,True,True,
600113.SH,1997-10-21,,True,False,False,True,
600114.SH,2004-05-11,,True,False,False,True,
600115.SH,1997-11-05,,True,False,False,True,
600116.SH,1997-08-04,,True,False,False,True,
600117.SH,1997-10-15,,True,False,False,True,
600118.SH,1997-09-08,,True,True,True,True,
600119.SH,1998-01-15,,True,False,False,True,
600120.SH,1997-12-01,,True,True,True,True,
600121.SH,1998-01-07,,True,False,False,True,
600122.SH,1998-04-20,2023-06-26,True,True,True,True,
600123.SH,1998-12-17,,True,False,False,True,
600125.SH,1998-05-11,,True,True,True,True,
600126.SH,1998-03-11,,True,True,True,True,
600127.SH,1998-05-06,,True,False,False,True,
600128.SH,1997-09-01,,True,False,False,True,
600129.SH,1997-11-18,,True,True,True,True,
600130.SH,2000-07-06,,True,False,False,True,
600131.SH,1998-04-02,,True,True,True,True,
600132.SH,1997-10-30,,True,True,True,True,
600133.SH,1998-02-12,,True,False,False,True,
600135.SH,1998-01-22,,True,False,False,True,
600136.SH,1998-03-03,,True,False,False,True,
600137.SH,1998-04-16,,True,False,False,True,
600138.SH,1997-12-03,,True,True,True,True,
600139.SH,1998-02-25,2023-03-27,True,False,True,True,
600141.SH,1999-06-16,,True,True,True,True,
600143.SH,2004-06-23,,True,True,True,True,
600145.SH,1999-09-23,2022-04-28,True,False,True,True,
600146.SH,1999-07-07,2022-06-30,True,False,True,True,
600148.SH,1998-05-20,,True,False,False,True,
600149.SH,1999-10-14,,True,False,False,True,
600150.SH,1998-05-20,,True,True,True,True,
600151.SH,1998-06-05,,True,True,True,True,
600152.SH,1998-06-09,,True,False,False,True,
600153.SH,1998-06-16,,True,True,True,True,
600155.SH,1998-09-18,,True,True,True,True,
600156.SH,1998-05-27,,True,False,False,True,
600157.SH,1998-05-13,,True,True,True,True,
600158.SH,1998-03-27,,True,True,True,True,
600159.SH,1998-05-26,,True,False,False,True,
600160.SH,1998-06-26,,True,True,True,True,
600161.SH,1998-06-16,,True,True,True,True,
600162.SH,1998-06-09,,True,True,True,True,
600163.SH,1998-06-02,,True,False,False,True,
600165.SH,1998-05-29,,True,False,False,True,
600166.SH,1998-06-02,,True,True,True,True,
600167.SH,1999-01-28,,True,True,True,True,
600168.SH,1998-04-27,,True,False,False,True,
600169.SH,1998-09-04,,True,True,True,True,
600170.SH,1998-06-23,,True,True,True,True,
600171.SH,1998-09-24,,True,True,True,True,
600172.SH,1998-11-26,,True,False,False,True,
600173.SH,1999-04-15,,True,False,False,True,
600175.SH,1999-04-08,2020-08-17,True,True,True,True,
600176.SH,1999-04-22,,True,True,True,True,
600177.SH,1998-11-19,,True,True,True,True,
600178.SH,1998-10-14,,True,False,False,True,
600179.SH,1998-11-04,,True,True,True,True,
600180.SH,1998-07-03,,True,True,True,True,
600181.SH,1998-09-28,2007-06-01,True,False,False,True,
600182.SH,1999-05-07,,True,False,False,True,
600183.SH,1998-10-28,,True,True,True,True,
600184.SH,2003-11-06,,True,True,True,True,
600185.SH,1999-06-11,,True,False,False,True,
600186.SH,1998-08-25,,True,False,False,True,
600187.SH,1998-11-11,,True,True,True,True,
600188.SH,1998-07-01,,True,True,True,True,
600189.SH,1998-10-07,,True,False,False,True,
600190.SH,1998-05-19,2025-07-28,True,False,True,True,
600191.SH,1998-12-10,,True,False,False,True,
600192.SH,1998-12-24,,True,False,False,True,
600193.SH,1999-05-27,2026-07-06,True,False,True,True,
600195.SH,1999-01-07,,True,True,True,True,
600196.SH,1998-08-07,,True,False,False,True,
600197.SH,1999-09-16,,True,True,True,True,
600198.SH,1998-10-21,,True,True,True,True,
600199.SH,1998-08-12,,True,True,True,True,
600200.SH,1999-04-01,2025-12-31,True,True,True,True,
600201.SH,1999-01-15,,True,True,True,True,
600202.SH,1999-06-03,,True,False,False,True,
600203.SH,1999-05-14,,True,False,False,True,
600205.SH,1999-06-30,2007-04-30,True,False,False,True,
600206.SH,1999-03-19,,True,False,False,True,
600207.SH,1999-07-14,,True,False,False,True,
600208.SH,1999-06-23,,True,True,True,True,
600209.SH,1999-03-25,2022-06-22,True,False,True,True,
600210.SH,1999-08-24,,True,False,False,True,
600211.SH,1999-07-21,,True,False,False,True,
600212.SH,1999-08-17,,True,False,False,True,
600213.SH,1999-08-31,2024-10-17,True,False,True,True,
600215.SH,1999-09-09,,True,False,False,True,
600216.SH,1999-10-21,,True,True,True,True,
600217.SH,1999-12-16,,True,False,False,True,
600218.SH,1998-12-03,,True,False,False,True,
600219.SH,1999-12-23,,True,True,True,True,
600220.SH,1999-09-27,2024-07-10,True,True,True,True,
600221.SH,1999-11-25,,True,False,False,True,
600222.SH,1999-11-05,,True,False,False,True,
600223.SH,2000-01-13,,True,False,False,True,
600225.SH,2000-01-27,2025-03-06,True,False,True,True,
600226.SH,1999-11-16,,True,False,False,True,
600227.SH,2000-02-21,,True,False,False,True,
600228.SH,1999-01-19,,True,False,False,True,
600229.SH,2000-03-09,,True,False,False,True,
600230.SH,2000-04-06,,True,False,False,True,
600231.SH,2000-05-11,,True,False,False,True,
600232.SH,2000-06-02,,True,False,False,True,
600233.SH,2000-06-08,,True,True,True,True,
600234.SH,2000-06-15,,True,False,False,True,
600235.SH,2000-06-15,,True,False,False,True,
600236.SH,2000-03-23,,True,True,True,True,
600237.SH,2000-06-09,,True,False,False,True,
600238.SH,2000-01-20,,True,False,False,True,
600239.SH,1999-12-02,,True,True,True,True,
600240.SH,2000-06-28,2020-02-06,True,True,True,True,
600241.SH,2000-11-28,,True,False,False,True,
600242.SH,2000-12-07,2023-06-29,True,False,True,True,
600243.SH,2000-11-20,,True,False,False,True,
600246.SH,2000-09-22,,True,False,False,True,
600247.SH,2000-11-23,2021-03-22,True,False,True,True,
600248.SH,2000-06-22,,True,False,False,True,
600249.SH,2004-01-30,,True,False,False,True,
600250.SH,2001-03-06,,True,False,False,True,
600251.SH,2003-06-09,,True,True,True,True,
600252.SH,2000-11-30,,True,False,False,True,
600253.SH,2000-12-27,2013-07-15,True,False,False,True,
600255.SH,2000-11-22,,True,False,False,True,
600256.SH,2000-05-26,,True,True,True,True,
600257.SH,2000-06-12,,True,False,False,True,
600258.SH,2000-06-01,,True,True,True,True,
600259.SH,2000-05-25,,True,True,True,True,
600260.SH,2000-07-06,2023-02-15,True,True,True,True,
600261.SH,2000-07-20,,True,True,True,True,
600262.SH,2000-06-30,,True,False,False,True,
600263.SH,2000-07-25,2012-03-01,True,False,False,True,
600265.SH,2000-08-25,,True,False,False,True,
600266.SH,1999-02-03,,True,True,True,True,
600267.SH,2000-07-25,,True,True,True,True,
600268.SH,1999-11-18,,True,False,False,True,
600269.SH,2000-05-18,,True,False,False,True,
600270.SH,2000-12-28,2018-12-28,True,True,True,True,
600271.SH,2003-07-11,,True,True,True,True,
600272.SH,2001-02-28,,True,False,False,True,
600273.SH,2003-06-27,,True,True,True,True,
600275.SH,2000-08-10,2022-06-22,True,False,True,True,
600276.SH,2000-10-18,,True,False,False,True,
600277.SH,2000-07-25,2024-07-18,True,True,True,True,
600278.SH,2000-07-12,,True,False,False,True,
600279.SH,2000-07-31,,True,False,False,True,
600280.SH,2000-09-26,,True,True,True,True,
600281.SH,2000-11-09,,True,False,False,True,
600282.SH,2000-09-19,,True,True,True,True,
600283.SH,2000-10-18,,True,False,False,True,
600284.SH,2004-03-16,,True,True,True,True,
600285.SH,2000-10-18,,True,False,False,True,
600286.SH,1999-12-09,2007-05-31,True,False,False,True,
600287.SH,2000-09-01,,True,False,False,True,
600288.SH,2000-11-29,,True,False,False,True,
600289.SH,2000-07-20,,True,True,True,True,
600290.SH,2000-11-06,2024-01-16,True,False,True,True,
600291.SH,2000-07-31,2022-06-14,True,True,True,True,
600292.SH,2000-11-01,,True,True,True,True,
600293.SH,2000-09-19,,True,False,False,True,
600295.SH,2001-04-26,,True,True,True,True,
600296.SH,2000-07-19,2007-04-30,True,False,False,True,
600297.SH,2000-11-16,2024-08-28,True,True,True,True,
600298.SH,2000-08-18,,True,True,True,True,
600299.SH,2000-04-20,,True,True,True,True,
600300.SH,2000-06-30,,True,True,True,True,
600301.SH,2000-07-12,,True,False,False,True,
600302.SH,2000-12-13,,True,False,False,True,
600303.SH,2000-12-26,,True,False,False,True,
600305.SH,2001-02-06,,True,False,False,True,
600306.SH,2000-12-26,2024-06-26,True,False,True,True,
600307.SH,2000-12-20,,True,True,True,True,
600308.SH,2000-09-28,,True,False,False,True,
600309.SH,2001-01-05,,True,False,False,True,
600310.SH,2001-02-28,,True,False,False,True,
600311.SH,2001-06-26,2023-03-27,True,False,True,True,
600312.SH,2001-02-21,,True,True,True,True,
600313.SH,2001-01-19,,True,False,False,True,
600315.SH,2001-03-15,,True,True,True,True,
600316.SH,2000-12-15,,True,True,True,True,
600317.SH,2002-01-31,2021-01-29,True,True,True,True,
600318.SH,2000-12-08,,True,False,False,True,
600319.SH,2001-03-26,,True,False,False,True,
600320.SH,2000-12-21,,True,True,True,True,
600321.SH,2001-05-24,2024-06-27,True,False,True,True,
600322.SH,2001-09-10,,True,False,False,True,
600323.SH,2000-12-25,,True,False,False,True,
600325.SH,2004-02-25,,True,True,True,True,
600326.SH,2001-01-16,,True,False,False,True,
600327.SH,2002-06-25,,True,False,False,True,
600328.SH,2000-12-22,,True,False,False,True,
600329.SH,2001-06-06,,True,True,True,True,
600330.SH,2001-01-18,,True,False,False,True,
600331.SH,2001-12-20,,True,False,False,True,
600332.SH,2001-02-06,,True,True,True,True,
600333.SH,2000-12-11,,True,True,True,True,
600335.SH,2001-03-05,,True,True,True,True,
600336.SH,2000-12-29,,True,False,False,True,
600337.SH,2000-11-27,,True,True,True,True,
600338.SH,2000-12-27,,True,True,True,True,
600339.SH,2000-12-25,,True,True,True,True,
600340.SH,2003-12-30,,True,False,False,True,
600343.SH,2003-04-08,,True,False,False,True,
600345.SH,2000-12-22,,True,False,False,True,
600346.SH,2001-08-20,,True,True,True,True,
600348.SH,2003-08-21,,True,True,True,True,
600350.SH,2002-03-18,,True,True,True,True,
600351.SH,2002-09-26,,True,True,True,True,
600352.SH,2003-08-01,,True,True,True,True,
600353.SH,2002-11-20,,True,False,False,True,
600354.SH,2004-01-15,,True,False,False,True,
600355.SH,2002-06-13,2026-04-27,True,False,True,True,
600356.SH,2001-04-19,,True,False,False,True,
600357.SH,2002-09-06,2009-12-29,True,False,False,True,
600358.SH,2000-09-22,,True,False,False,True,
600359.SH,1999-04-29,,True,False,False,True,
600360.SH,2001-03-16,,True,False,False,True,
600361.SH,2001-11-29,,True,True,True,True,
600362.SH,2002-01-11,,True,False,False,True,
600363.SH,2001-03-29,,True,True,True,True,
600365.SH,2001-01-15,,True,False,False,True,
600366.SH,2000-10-30,,True,True,True,True,
600367.SH,2001-03-20,,True,False,False,True,
600368.SH,2000-12-21,,True,False,False,True,
600369.SH,2001-01-09,,True,True,True,True,
600370.SH,2003-03-06,,True,False,False,True,
600371.SH,2002-09-16,,True,False,False,True,
600372.SH,2001-07-06,,True,True,True,True,
600373.SH,2002-03-04,,True,True,True,True,
600375.SH,2003-04-01,,True,False,False,True,
600376.SH,2001-03-12,,True,True,True,True,
600377.SH,2001-01-16,,True,True,True,True,
600378.SH,2001-01-11,,True,True,True,True,
600379.SH,2002-01-16,,True,False,False,True,
600380.SH,2001-06-08,,True,True,True,True,
600381.SH,2001-05-08,,True,False,False,True,
600382.SH,2001-01-18,,True,False,False,True,
600383.SH,2001-04-12,,True,False,False,True,
600385.SH,2001-07-23,2022-07-07,True,False,True,True,
600386.SH,2001-02-16,,True,False,False,True,
600387.SH,2004-02-18,2025-07-11,True,True,True,True,
600388.SH,2000-12-29,,True,True,True,True,
600389.SH,2001-01-10,,True,True,True,True,
600390.SH,2001-01-15,,True,True,True,True,
600391.SH,2001-12-12,,True,False,False,True,
600392.SH,2003-05-29,,True,True,True,True,
600393.SH,2001-03-19,2023-07-18,True,True,True,True,
600395.SH,2001-05-31,,True,True,True,True,
600396.SH,2001-03-28,,True,False,False,True,
600397.SH,2002-07-02,,True,True,True,True,
600398.SH,2000-12-28,,True,True,True,True,
600399.SH,2000-12-29,,True,True,True,True,
600400.SH,2001-01-08,,True,False,False,True,
600401.SH,2003-09-24,2019-07-15,True,True,True,True,
600403.SH,2003-10-09,,True,True,True,True,
600405.SH,2004-04-01,,True,False,False,True,
600406.SH,2003-10-16,,True,False,False,True,
600408.SH,2003-02-12,,True,False,False,True,
600409.SH,2003-06-18,,True,True,True,True,
600410.SH,2004-04-27,,True,True,True,True,
600415.SH,2002-05-09,,True,True,True,True,
600416.SH,2002-07-18,,True,True,True,True,
600418.SH,2001-08-24,,True,True,True,True,
600419.SH,2001-06-28,,True,False,False,True,
600420.SH,2004-06-16,,True,False,False,True,
600421.SH,2004-06-07,2026-06-26,True,False,True,True,
600422.SH,2000-12-06,,True,True,True,True,
600423.SH,2003-07-17,,True,False,False,True,
600425.SH,2003-07-24,,True,True,True,True,
600426.SH,2002-06-20,,True,True,True,True,
600428.SH,2002-04-18,,True,True,True,True,
600429.SH,2003-09-15,,True,True,True,True,
600432.SH,2003-09-05,2018-07-13,True,True,True,True,
600433.SH,2003-06-19,,True,True,True,True,
600435.SH,2003-07-04,,True,True,True,True,
600436.SH,2003-06-16,,True,True,True,True,
600438.SH,2004-03-02,,True,True,True,True,
600439.SH,2003-07-10,,True,True,True,True,
600444.SH,2004-02-19,,True,False,False,True,
600446.SH,2003-12-24,,True,True,True,True,
600448.SH,2001-09-03,,True,False,False,True,
600449.SH,2003-08-29,,True,False,False,True,
600452.SH,2004-03-03,,True,False,False,True,
600455.SH,2004-03-29,,True,False,False,True,
600456.SH,2002-04-12,,True,True,True,True,
600458.SH,2002-12-19,,True,True,True,True,
600459.SH,2003-05-16,,True,False,False,True,
600460.SH,2003-03-11,,True,True,True,True,
600461.SH,2004-06-01,,True,False,False,True,
600462.SH,2003-09-03,2025-07-21,True,False,True,True,
600463.SH,2004-03-18,,True,False,False,True,
600466.SH,2001-02-12,2023-06-06,True,True,True,True,
600467.SH,2004-04-05,,True,True,True,True,
600468.SH,2001-06-15,,True,True,True,True,
600469.SH,2003-10-21,,True,False,False,True,
600470.SH,2004-03-05,,True,False,False,True,
600472.SH,2005-05-09,2007-12-26,True,False,False,True,
600475.SH,2003-07-21,,True,False,False,True,
600476.SH,2003-12-10,,True,False,False,True,
600477.SH,2003-11-10,,True,False,False,True,
600478.SH,2003-09-18,,True,True,True,True,
600479.SH,2004-03-12,,True,False,False,True,
600480.SH,2003-08-15,,True,False,False,True,
600481.SH,2003-04-22,,True,True,True,True,
600482.SH,2004-07-14,,True,True,True,True,
600483.SH,2004-05-31,,True,True,True,True,
600485.SH,2003-08-07,2021-06-01,True,False,True,True,
600486.SH,2002-04-25,,True,True,True,True,
600487.SH,2003-08-22,,True,True,True,True,
600488.SH,2001-06-18,,True,True,True,True,
600489.SH,2003-08-14,,True,True,True,True,
600490.SH,2003-06-26,,True,True,True,True,
600491.SH,2004-05-24,,True,False,False,True,
600493.SH,2004-04-21,,True,False,False,True,
600495.SH,2004-05-26,,True,False,False,True,
600496.SH,2002-06-05,,True,True,True,True,
600497.SH,2004-04-20,,True,True,True,True,
600498.SH,2001-08-23,,True,True,True,True,
600499.SH,2002-10-10,,True,True,True,True,
600500.SH,2000-03-01,,True,True,True,True,
600501.SH,2001-06-15,,True,False,False,True,
600502.SH,2003-04-15,,True,False,False,True,
600503.SH,2002-07-09,,True,True,True,True,
600505.SH,2002-05-30,,True,False,False,True,
600506.SH,2001-12-26,,True,False,False,True,
600507.SH,2003-09-30,,True,True,True,True,
600508.SH,2001-08-29,,True,False,False,True,
600509.SH,2002-02-28,,True,True,True,True,
600510.SH,2002-06-18,,True,True,True,True,
600511.SH,2002-11-27,,True,True,True,True,
600512.SH,2002-12-26,,True,False,False,True,
600513.SH,2003-03-19,,True,False,False,True,
600515.SH,2002-08-06,,True,True,True,True,
600516.SH,2002-08-30,,True,True,True,True,
600517.SH,2003-10-10,,True,True,True,True,
600518.SH,2001-03-19,,True,False,False,True,
600519.SH,2001-08-27,,True,False,False,True,
600520.SH,2002-01-08,,True,False,False,True,
600521.SH,2003-03-04,,True,True,True,True,
600522.SH,2002-10-24,,True,True,True,True,
600523.SH,2001-12-27,,True,False,False,True,
600525.SH,2002-12-02,,True,True,True,True,
600526.SH,2002-07-22,,True,False,False,True,
600527.SH,2003-11-27,,True,False,False,True,
600528.SH,2001-05-28,,True,True,True,True,
600529.SH,2002-06-03,,True,True,True,True,
600530.SH,2001-07-02,,True,False,False,True,
600531.SH,2002-07-30,,True,False,False,True,
600532.SH,2002-10-31,2023-06-28,True,False,True,True,
600533.SH,2002-03-28,,True,False,False,True,
600535.SH,2002-08-23,,True,True,True,True,
600536.SH,2002-05-17,,True,True,True,True,
600537.SH,2003-01-23,,True,True,True,True,
600538.SH,2003-01-14,,True,False,False,True,
600539.SH,2001-08-24,,True,False,False,True,
600540.SH,2004-01-07,,True,False,False,True,
600543.SH,2004-03-24,,True,False,False,True,
600545.SH,2003-12-03,,True,True,True,True,
600546.SH,2003-07-31,,True,True,True,True,
600547.SH,2003-08-28,,True,False,False,True,
600548.SH,2001-12-25,,True,False,False,True,
600549.SH,2002-11-07,,True,True,True,True,
600550.SH,2001-02-28,,True,False,False,True,
600551.SH,2002-09-05,,True,True,True,True,
600552.SH,2002-11-08,,True,False,False,True,
600553.SH,2002-08-22,2011-02-18,True,False,False,True,
600555.SH,1999-01-18,2022-07-14,True,False,True,True,
600556.SH,2001-08-07,,True,True,True,True,
600557.SH,2002-09-18,,True,True,True,True,
600558.SH,2001-02-27,,True,False,False,True,
600559.SH,2002-10-29,,True,False,False,True,
600560.SH,2002-09-19,,True,False,False,True,
600561.SH,2002-07-16,,True,False,False,True,
600562.SH,2003-01-28,,True,True,True,True,
600563.SH,2002-12-10,,True,True,True,True,
600565.SH,2002-07-23,2024-08-07,True,True,True,True,
600566.SH,2001-08-22,,True,True,True,True,
600567.SH,2001-12-18,,True,True,True,True,
600568.SH,2001-05-18,,True,False,False,True,
600569.SH,2001-08-20,,True,False,False,True,
600570.SH,2003-12-16,,True,False,False,True,
600571.SH,2002-11-01,,True,False,False,True,
600572.SH,2004-04-12,,True,True,True,True,
600573.SH,2003-02-26,,True,False,False,True,
600575.SH,2003-03-28,,True,True,True,True,
600576.SH,2003-02-20,,True,False,False,True,
600577.SH,2002-09-11,,True,False,False,True,
600578.SH,2002-05-10,,True,True,True,True,
600579.SH,2002-08-09,,True,False,False,True,
600580.SH,2002-06-06,,True,True,True,True,
600581.SH,2002-08-16,,True,False,False,True,
600582.SH,2002-05-15,,True,True,True,True,
600583.SH,2002-02-05,,True,True,True,True,
600584.SH,2003-06-03,,True,True,True,True,
600585.SH,2002-02-07,,True,False,False,True,
600586.SH,2002-08-15,,True,True,True,True,
600587.SH,2002-09-27,,True,True,True,True,
600588.SH,2001-05-18,,True,False,False,True,
600589.SH,2001-06-12,,True,False,False,True,
600590.SH,2002-07-03,,True,False,False,True,
600591.SH,2002-10-11,2010-01-25,True,False,False,True,
600592.SH,2002-08-05,,True,False,False,True,
600593.SH,2002-07-11,,True,False,False,True,
600594.SH,2004-03-23,,True,True,True,True,
600595.SH,2002-06-26,,True,True,True,True,
600596.SH,2001-09-06,,True,True,True,True,
600597.SH,2002-08-28,,True,True,True,True,
600598.SH,2002-03-29,,True,True,True,True,
600599.SH,2001-08-28,2026-06-26,True,False,True,True,
600600.SH,1993-08-27,,True,True,True,True,
600601.SH,1990-12-19,,True,True,True,True,
600602.SH,1990-12-19,,True,True,True,True,
600603.SH,1992-01-13,,True,False,False,True,
600604.SH,1992-03-27,,True,False,False,True,
600605.SH,1992-03-27,,True,False,False,True,
600606.SH,1992-03-27,,True,True,True,True,
600607.SH,1992-03-27,2010-02-12,True,False,False,True,
600608.SH,1992-03-27,2026-07-03,True,False,True,True,
600609.SH,1992-07-24,,True,False,False,True,
600610.SH,1992-08-05,,True,False,False,True,
600611.SH,1992-08-07,,True,True,True,True,
600612.SH,1992-08-14,,True,True,True,True,
600613.SH,1992-08-20,,True,False,False,True,
600614.SH,1992-07-28,2021-07-22,True,True,True,True,
600615.SH,1992-09-10,,True,False,False,True,
600616.SH,1992-09-29,,True,True,True,True,
600617.SH,1992-10-13,,True,True,True,True,
600618.SH,1992-11-13,,True,True,True,True,
600619.SH,1992-11-16,,True,False,False,True,
600620.SH,1992-11-17,,True,False,False,True,
600621.SH,1992-12-02,,True,False,False,True,
600622.SH,1992-12-03,,True,False,False,True,
600623.SH,1992-12-04,,True,True,True,True,
600624.SH,1993-01-05,,True,False,False,True,
600625.SH,1993-01-06,2001-04-25,True,False,False,True,
600626.SH,1993-01-07,,True,False,False,True,
600627.SH,1993-01-18,2008-11-26,True,False,False,True,
600628.SH,1993-01-19,,True,True,True,True,
600629.SH,1993-02-09,,True,False,False,True,
600630.SH,1993-02-09,,True,False,False,True,
600631.SH,1993-02-19,2011-08-23,True,False,False,True,
600632.SH,1993-02-19,2004-11-18,True,False,False,True,
600633.SH,1993-03-04,,True,True,True,True,
600634.SH,1993-03-04,2021-07-22,True,False,True,True,
600635.SH,1993-03-04,,True,True,True,True,
600636.SH,1993-03-16,2026-06-29,True,True,True,True,
600637.SH,1993-03-16,,True,True,True,True,
600638.SH,1993-03-26,,True,False,False,True,
600639.SH,1993-03-26,,True,True,True,True,
600640.SH,1993-04-07,,True,True,True,True,
600641.SH,1993-04-07,,True,False,False,True,
600642.SH,1993-04-16,,True,True,True,True,
600643.SH,1993-04-26,,True,True,True,True,
600644.SH,1993-04-26,,True,False,False,True,
600645.SH,1993-05-04,,True,True,True,True,
600646.SH,1993-05-04,2003-09-23,True,False,False,True,
600647.SH,1993-05-04,2024-07-03,True,False,True,True,
600648.SH,1993-05-04,,True,True,True,True,
600649.SH,1993-05-18,,True,True,True,True,
600650.SH,1993-06-07,,True,False,False,True,
600651.SH,1990-12-19,,True,True,True,True,
600652.SH,1990-12-19,2022-06-21,True,False,True,True,
600653.SH,1990-12-19,,True,False,False,True,
600654.SH,1990-12-19,,True,True,True,True,
600655.SH,1992-09-02,,True,True,True,True,
600656.SH,1990-12-19,2016-05-13,True,False,True,True,
600657.SH,1993-05-24,,True,True,True,True,
600658.SH,1993-05-24,,True,False,False,True,
600659.SH,1993-05-28,2006-03-23,True,False,False,True,
600660.SH,1993-06-10,,True,False,False,True,
600661.SH,1993-06-14,,True,False,False,True,
600662.SH,1993-06-14,,True,False,False,True,
600663.SH,1993-06-28,,True,True,True,True,
600664.SH,1993-06-29,,True,True,True,True,
600665.SH,1993-07-09,,True,False,False,True,
600666.SH,1993-07-12,,True,False,False,True,
600667.SH,1993-07-28,,True,True,True,True,
600668.SH,1993-07-28,,True,False,False,True,
600669.SH,1993-08-06,2004-09-15,True,False,False,True,
600670.SH,1993-08-09,2004-09-24,True,False,False,True,
600671.SH,1993-08-23,,True,False,False,True,
600672.SH,1993-09-17,2005-08-05,True,False,False,True,
600673.SH,1993-09-17,,True,True,True,True,
600674.SH,1993-09-24,,True,False,False,True,
600675.SH,1993-09-24,,True,True,True,True,
600676.SH,1993-09-28,,True,False,False,True,
600677.SH,1993-09-28,2021-03-18,True,False,True,True,
600678.SH,1993-10-08,,True,False,False,True,
600679.SH,1993-10-08,,True,False,False,True,
600680.SH,1993-10-18,2019-05-24,True,False,True,True,
600681.SH,1993-10-18,,True,False,False,True,
600682.SH,1993-10-18,,True,True,True,True,
600683.SH,1993-10-25,,True,False,False,True,
600684.SH,1993-10-28,,True,False,False,True,
600685.SH,1993-10-28,,True,True,True,True,
600686.SH,1993-11-08,,True,False,False,True,
600687.SH,1993-11-08,2021-03-04,True,True,True,True,
600688.SH,1993-11-08,,True,True,True,True,
600689.SH,1993-11-08,,True,False,False,True,
600690.SH,1993-11-19,,True,False,False,True,
600691.SH,1993-11-19,,True,False,False,True,
600692.SH,1993-11-19,,True,False,False,True,
600693.SH,1993-11-22,,True,False,False,True,
600694.SH,1993-11-22,,True,True,True,True,
600695.SH,1993-11-22,2022-06-15,True,False,True,True,
600696.SH,1993-12-06,2026-06-29,True,False,True,True,
600697.SH,1993-12-06,,True,False,False,True,
600698.SH,1993-12-06,,True,False,False,True,
600699.SH,1993-12-06,,True,True,True,True,
600700.SH,1996-04-30,2005-09-20,True,False,False,True,
600701.SH,1996-05-28,2021-05-06,True,False,True,True,
600702.SH,1996-05-24,,True,True,True,True,
600703.SH,1996-05-28,,True,False,False,True,
600704.SH,1996-06-06,,True,True,True,True,
600705.SH,1996-05-16,2025-05-27,True,True,True,True,
600706.SH,1996-05-16,,True,False,False,True,
600707.SH,1996-05-20,,True,True,True,True,
600708.SH,1996-06-06,,True,False,False,True,
600709.SH,1996-06-18,2003-05-26,True,False,False,True,
600710.SH,1996-07-01,,True,False,False,True,
600711.SH,1996-05-31,,True,True,True,True,
600712.SH,1996-06-26,,True,False,False,True,
600713.SH,1996-07-01,,True,False,False,True,
600714.SH,1996-06-06,,True,False,False,True,
600715.SH,1996-07-01,,True,False,False,True,
600716.SH,1996-07-02,,True,False,False,True,
600717.SH,1996-06-14,,True,True,True,True,
600718.SH,1996-06-18,,True,True,True,True,
600719.SH,1996-07-16,,True,False,False,True,
600720.SH,1996-07-16,,True,True,True,True,
600721.SH,1996-06-26,,True,False,False,True,
600722.SH,1996-06-26,,True,False,False,True,
600723.SH,1996-07-16,2021-10-22,True,False,True,True,
600724.SH,1996-07-16,,True,False,False,True,
600725.SH,1996-07-02,,True,False,False,True,
600726.SH,1996-07-01,,True,False,False,True,
600727.SH,1996-07-02,,True,False,False,True,
600728.SH,1996-07-16,,True,True,True,True,
600729.SH,1996-07-02,,True,True,True,True,
600730.SH,1996-07-26,,True,False,False,True,
600731.SH,1996-08-02,,True,False,False,True,
600732.SH,1996-08-16,,True,True,True,True,
600733.SH,1996-08-16,,True,True,True,True,
600734.SH,1996-08-08,,True,False,False,True,
600735.SH,1996-07-26,,True,False,False,True,
600736.SH,1996-08-15,,True,True,True,True,
600737.SH,1996-07-31,,True,True,True,True,
600738.SH,1996-08-02,,True,False,False,True,
600739.SH,1996-08-19,,True,True,True,True,
600740.SH,1996-08-08,,True,True,True,True,
600741.SH,1996-08-26,,True,False,False,True,
600742.SH,1996-08-26,,True,False,False,True,
600743.SH,1996-09-09,,True,True,True,True,
600744.SH,1996-09-05,,True,False,False,True,
600745.SH,1996-08-28,,True,True,True,True,
600746.SH,1996-09-18,,True,False,False,True,
600747.SH,1996-09-16,2019-12-13,True,True,True,True,
600748.SH,1996-09-25,,True,True,True,True,
600749.SH,1996-10-15,,True,False,False,True,
600750.SH,1996-09-23,,True,True,True,True,
600751.SH,1996-09-09,,True,True,True,True,
600752.SH,1996-09-25,2005-09-22,True,False,False,True,
600753.SH,1996-09-27,,True,False,False,True,
600754.SH,1996-10-11,,True,True,True,True,
600755.SH,1996-10-03,,True,True,True,True,
600756.SH,1996-09-23,,True,False,False,True,
600757.SH,1996-10-03,,True,True,True,True,
600758.SH,1996-10-29,,True,False,False,True,
600759.SH,1996-10-08,,True,True,True,True,
600760.SH,1996-10-11,,True,True,True,True,
600761.SH,1996-10-09,,True,True,True,True,
600762.SH,1996-10-25,2007-11-20,True,False,False,True,
600763.SH,1996-10-30,,True,True,True,True,
600764.SH,1996-11-04,,True,True,True,True,
600765.SH,1996-11-06,,True,True,True,True,
600766.SH,1996-10-28,2024-07-03,True,False,True,True,
600767.SH,1996-11-15,2023-06-29,True,False,True,True,
600768.SH,1996-11-11,,True,False,False,True,
600769.SH,1996-11-01,,True,False,False,True,
600770.SH,1996-11-20,,True,True,True,True,
600771.SH,1996-11-05,,True,False,False,True,
600772.SH,1996-11-04,2006-11-30,True,False,False,True,
600773.SH,1996-11-08,,True,True,True,True,
600774.SH,1996-11-08,,True,False,False,True,
600775.SH,1996-11-18,,True,False,False,True,
600776.SH,1996-11-26,,True,True,True,True,
600777.SH,1996-11-21,,True,True,True,True,
600778.SH,1996-12-03,,True,False,False,True,
600779.SH,1996-12-06,,True,True,True,True,
600780.SH,1996-12-05,,True,True,True,True,
600781.SH,1996-12-18,2023-06-28,True,False,True,True,
600782.SH,1996-12-25,,True,True,True,True,
600783.SH,1996-12-25,,True,False,False,True,
600784.SH,1996-12-25,,True,False,False,True,
600785.SH,1997-01-08,,True,False,False,True,
600786.SH,1996-12-27,2008-03-24,True,False,False,True,
600787.SH,1997-01-21,,True,True,True,True,
600788.SH,1996-12-30,2005-03-25,True,False,False,True,
600789.SH,1997-02-26,,True,False,False,True,
600790.SH,1997-02-28,,True,True,True,True,
600791.SH,1997-01-30,,True,False,False,True,
600792.SH,1997-01-23,,True,False,False,True,
600793.SH,1997-02-20,,True,False,False,True,
600794.SH,1997-03-06,,True,False,False,True,
600795.SH,1997-03-18,,True,False,False,True,
600796.SH,1997-04-08,,True,False,False,True,
600797.SH,1997-04-18,,True,True,True,True,
600798.SH,1997-04-23,,True,False,False,True,
600799.SH,1997-04-16,2006-01-04,True,False,False,True,
600800.SH,1993-12-06,,True,False,False,True,
600801.SH,1994-01-03,,True,True,True,True,
600802.SH,1994-01-03,,True,False,False,True,
600803.SH,1994-01-03,,True,True,True,True,
600804.SH,1994-01-03,2025-07-03,True,True,True,True,
600805.SH,1994-01-03,,True,True,True,True,
600806.SH,1994-01-03,2018-07-13,True,False,True,True,
600807.SH,1994-01-03,,True,False,False,True,
600808.SH,1994-01-06,,True,True,True,True,
600809.SH,1994-01-06,,True,True,True,True,
600810.SH,1994-01-06,,True,False,False,True,
600811.SH,1994-01-06,2025-04-30,True,True,True,True,
600812.SH,1994-01-14,,True,True,True,True,
600813.SH,1994-01-14,2002-09-16,True,False,False,True,
600814.SH,1994-01-14,,True,False,False,True,
600815.SH,1994-01-28,,True,False,False,True,
600816.SH,1994-01-28,,True,True,True,True,
600817.SH,1994-01-28,,True,False,False,True,
600818.SH,1994-01-28,,True,False,False,True,
600819.SH,1994-01-28,,True,False,False,True,
600820.SH,1994-01-28,,True,True,True,True,
600821.SH,1994-01-28,,True,False,False,True,
600822.SH,1994-02-04,,True,False,False,True,
600823.SH,1994-02-04,2024-06-14,True,True,True,True,
600824.SH,1994-02-04,,True,False,False,True,
600825.SH,1994-02-04,,True,True,True,True,
600826.SH,1994-02-04,,True,True,True,True,
600827.SH,1994-02-04,,True,True,True,True,
600828.SH,1994-02-24,,True,False,False,True,
600829.SH,1994-02-24,,True,False,False,True,
600830.SH,1994-02-24,,True,True,True,True,
600831.SH,1994-02-24,,True,True,True,True,
600832.SH,1994-02-24,2015-05-20,True,False,True,True,
600833.SH,1994-02-24,,True,False,False,True,
600834.SH,1994-02-24,,True,False,False,True,
600835.SH,1994-02-24,,True,True,True,True,
600836.SH,1994-02-24,2024-07-11,True,False,True,True,
600837.SH,1994-02-24,2025-03-04,True,False,True,True,
600838.SH,1994-02-24,,True,False,False,True,
600839.SH,1994-03-11,,True,True,True,True,
600840.SH,1994-03-11,2009-08-27,True,False,False,True,
600841.SH,1994-03-11,,True,False,False,True,
600842.SH,1994-03-11,2010-02-12,True,False,False,True,
600843.SH,1994-03-11,,True,False,False,True,
600844.SH,1994-03-11,,True,True,True,True,
600845.SH,1994-03-11,,True,True,True,True,
600846.SH,1994-03-11,,True,False,False,True,
600847.SH,1994-03-24,,True,False,False,True,
600848.SH,1994-03-24,,True,True,True,True,
600850.SH,1994-03-24,,True,True,True,True,
600851.SH,1994-04-04,,True,True,True,True,
600852.SH,1994-04-04,2005-09-16,True,False,False,True,
600853.SH,1994-04-04,,True,False,False,True,
600854.SH,1994-04-25,,True,False,False,True,
600855.SH,1994-04-25,,True,False,False,True,
600856.SH,1994-04-25,2022-06-22,True,False,True,True,
600857.SH,1994-04-25,,True,False,False,True,
600858.SH,1994-05-06,,True,False,False,True,
600859.SH,1994-05-06,,True,True,True,True,
600860.SH,1994-05-06,,True,False,False,True,
600861.SH,1994-05-20,,True,False,False,True,
600862.SH,1994-05-20,,True,True,True,True,
600863.SH,1994-05-20,,True,True,True,True,
600864.SH,1994-08-09,,True,True,True,True,
600865.SH,1994-08-09,,True,False,False,True,
600866.SH,1994-08-18,,True,False,False,True,
600867.SH,1994-08-24,,True,True,True,True,
600868.SH,1994-09-12,,True,False,False,True,
600869.SH,1995-02-06,,True,True,True,True,
600870.SH,1995-02-28,2022-06-30,True,False,True,True,
600871.SH,1995-04-11,,True,True,True,True,
600872.SH,1995-01-24,,True,True,True,True,
600873.SH,1995-02-17,,True,True,True,True,
600874.SH,1995-06-30,,True,True,True,True,
600875.SH,1995-10-10,,True,True,True,True,
600876.SH,1995-10-31,,True,False,False,True,
600877.SH,1995-10-13,,True,False,False,True,
600878.SH,1995-10-13,2004-09-15,True,False,False,True,
600879.SH,1995-11-15,,True,True,True,True,
600880.SH,1995-11-15,,True,True,True,True,
600881.SH,1995-11-15,,True,True,True,True,
600882.SH,1995-12-06,,True,False,False,True,
600883.SH,1995-12-08,,True,False,False,True,
600884.SH,1996-01-30,,True,True,True,True,
600885.SH,1996-02-05,,True,True,True,True,
600886.SH,1996-01-18,,True,False,False,True,
600887.SH,1996-03-12,,True,False,False,True,
600888.SH,1996-02-15,,True,False,False,True,
600889.SH,1996-03-08,,True,False,False,True,
600890.SH,1996-03-18,2022-06-21,True,False,True,True,
600891.SH,1996-03-25,2021-05-12,True,False,True,True,
600892.SH,1996-03-15,,True,False,False,True,
600893.SH,1996-04-08,,True,False,False,True,
600894.SH,1996-03-28,,True,True,True,True,
600895.SH,1996-04-22,,True,True,True,True,
600896.SH,1996-05-03,2022-07-25,True,False,True,True,
600897.SH,1996-05-31,,True,False,False,True,
600898.SH,1996-04-18,2025-02-10,True,False,True,True,
600899.SH,1996-04-26,2005-09-21,True,False,False,True,
600900.SH,2003-11-18,,True,False,False,True,
600901.SH,2018-03-01,,True,True,True,True,
600903.SH,2017-11-07,,True,True,True,True,
600905.SH,2021-06-10,,True,False,False,True,
600906.SH,2021-05-07,,True,True,True,True,
600908.SH,2016-09-23,,True,True,True,True,
600909.SH,2016-12-06,,True,True,True,True,
600916.SH,2021-02-05,,True,False,False,True,
600917.SH,2014-09-30,,True,True,True,True,
600918.SH,2020-06-03,,True,False,False,True,
600919.SH,2016-08-02,,True,False,False,True,
600925.SH,2023-03-29,,True,True,True,True,
600926.SH,2016-10-27,,True,False,False,True,
600927.SH,2021-12-23,,True,True,True,True,
600928.SH,2019-03-01,,True,True,True,True,
600929.SH,2018-03-26,,True,False,False,True,
600930.SH,2025-07-16,,True,False,False,True,
600933.SH,2017-11-17,,True,False,False,True,
600935.SH,2021-11-26,,True,False,False,True,
600936.SH,2016-08-15,,True,True,True,True,
600938.SH,2022-04-21,,True,False,False,True,
600939.SH,2017-02-21,,True,True,True,True,
600941.SH,2022-01-05,,True,False,False,True,
600955.SH,2021-09-15,,True,False,False,True,
600956.SH,2020-06-29,,True,True,True,True,
600958.SH,2015-03-23,,True,False,False,True,
600959.SH,2015-04-28,,True,True,True,True,
600960.SH,2004-04-07,,True,False,False,True,
600961.SH,2004-08-30,,True,False,False,True,
600962.SH,2004-06-22,,True,False,False,True,
600963.SH,2004-05-25,,True,False,False,True,
600965.SH,2004-07-13,,True,False,False,True,
600966.SH,2004-06-08,,True,False,False,True,
600967.SH,2004-05-18,,True,True,True,True,
600968.SH,2019-06-26,,True,True,True,True,
600969.SH,2004-04-08,,True,False,False,True,
600970.SH,2005-04-12,,True,True,True,True,
600971.SH,2004-08-17,,True,True,True,True,
600973.SH,2004-08-02,,True,False,False,True,
600975.SH,2004-06-09,,True,False,False,True,
600976.SH,2004-04-19,,True,False,False,True,
600977.SH,2016-08-09,,True,True,True,True,
600978.SH,2004-08-24,2021-03-22,True,True,True,True,
600979.SH,2004-09-06,,True,False,False,True,
600980.SH,2004-05-12,,True,False,False,True,
600981.SH,2004-06-30,,True,True,True,True,
600982.SH,2004-07-06,,True,False,False,True,
600983.SH,2004-07-27,,True,True,True,True,
600984.SH,2004-07-07,,True,False,False,True,
600985.SH,2004-04-28,,True,True,True,True,
600986.SH,2004-04-26,,True,False,False,True,
600987.SH,2004-08-09,,True,False,False,True,
600988.SH,2004-04-14,,True,True,True,True,
600989.SH,2019-05-16,,True,False,False,True,
600990.SH,2004-05-10,,True,False,False,True,
600991.SH,2004-06-14,2012-03-20,True,False,False,True,
600992.SH,2004-05-14,,True,False,False,True,
600993.SH,2004-05-17,,True,True,True,True,
600995.SH,2004-06-15,,True,True,True,True,
600996.SH,2016-12-26,,True,True,True,True,
600997.SH,2004-06-02,,True,True,True,True,
600998.SH,2010-11-02,,True,True,True,True,
600999.SH,2009-11-17,,True,False,False,True,
601000.SH,2010-07-05,,True,True,True,True,
601001.SH,2006-06-23,,True,True,True,True,
601002.SH,2007-01-26,,True,True,True,True,
601003.SH,2007-02-27,,True,True,True,True,
601005.SH,2007-02-28,,True,True,True,True,
601006.SH,2006-08-01,,True,False,False,True,
601007.SH,2007-04-06,,True,False,False,True,
601008.SH,2007-04-26,,True,False,False,True,
601009.SH,2007-07-19,,True,False,False,True,
601010.SH,2011-06-03,,True,True,True,True,
601011.SH,2011-03-09,,True,True,True,True,
601012.SH,2012-04-11,,True,True,True,True,
601015.SH,2014-11-05,,True,False,False,True,
601016.SH,2014-09-29,,True,True,True,True,
601018.SH,2010-09-28,,True,False,False,True,
601019.SH,2017-11-22,,True,True,True,True,
601020.SH,2016-03-16,,True,True,True,True,
601021.SH,2015-01-21,,True,False,False,True,
601022.SH,2022-12-08,,True,False,False,True,
601026.SH,2025-10-17,,True,False,False,True,
601028.SH,2011-11-07,2025-05-27,True,False,True,True,
601033.SH,2024-01-18,,True,False,False,True,
601038.SH,2012-08-08,,True,False,False,True,
601058.SH,2011-06-30,,True,True,True,True,
601059.SH,2023-02-01,,True,False,False,True,
601061.SH,2023-04-10,,True,True,True,True,
601065.SH,2023-04-10,,True,False,False,True,
601066.SH,2018-06-20,,True,False,False,True,
601068.SH,2018-08-31,,True,True,True,True,
601069.SH,2015-01-22,,True,False,False,True,
601077.SH,2019-10-29,,True,True,True,True,
601083.SH,2023-12-05,,True,False,False,True,
601086.SH,2017-09-29,,True,False,False,True,
601088.SH,2007-10-09,,True,False,False,True,
601089.SH,2022-06-30,,True,False,False,True,
601096.SH,2023-12-22,,True,False,False,True,
601098.SH,2010-10-28,,True,True,True,True,
601099.SH,2007-12-28,,True,True,True,True,
601100.SH,2011-10-28,,True,True,True,True,
601101.SH,2010-03-31,,True,True,True,True,
601106.SH,2010-02-09,,True,True,True,True,
601107.SH,2009-07-27,,True,False,False,True,
601108.SH,2017-10-24,,True,True,True,True,
601111.SH,2006-08-18,,True,False,False,True,
601112.SH,2026-01-29,,True,True,True,True,
601113.SH,2011-05-09,,True,False,False,True,
601116.SH,2011-03-02,,True,False,False,True,
601117.SH,2010-01-07,,True,True,True,True,
601118.SH,2011-01-07,,True,True,True,True,
601121.SH,2023-03-10,,True,False,False,True,
601126.SH,2010-12-31,,True,True,True,True,
601127.SH,2016-06-15,,True,True,True,True,
601128.SH,2016-09-30,,True,True,True,True,
601133.SH,2023-04-10,,True,False,False,True,
601136.SH,2022-12-22,,True,True,True,True,
601137.SH,2011-01-27,,True,False,False,True,
601138.SH,2018-06-08,,True,False,False,True,
601139.SH,2009-12-25,,True,True,True,True,
601155.SH,2015-12-04,,True,True,True,True,
601156.SH,2021-06-09,,True,True,True,True,
601158.SH,2010-03-29,,True,True,True,True,
601162.SH,2018-10-19,,True,True,True,True,
601163.SH,2016-09-09,,True,False,False,True,
601166.SH,2007-02-05,,True,False,False,True,
601168.SH,2007-07-12,,True,True,True,True,
601169.SH,2007-09-19,,True,False,False,True,
601177.SH,2010-10-11,,True,False,False,True,
601179.SH,2010-01-28,,True,True,True,True,
601186.SH,2008-03-10,,True,False,False,True,
601187.SH,2020-10-27,,True,True,True,True,
601188.SH,2010-03-19,,True,False,False,True,
601198.SH,2015-02-26,,True,True,True,True,
601199.SH,2011-03-17,,True,False,False,True,
601200.SH,2017-03-31,,True,True,True,True,
601208.SH,2011-05-20,,True,True,True,True,
601211.SH,2015-06-26,,True,False,False,True,
601212.SH,2017-02-15,,True,True,True,True,
601216.SH,2011-02-22,,True,True,True,True,
601218.SH,2011-05-06,,True,False,False,True,
601222.SH,2011-08-08,,True,False,False,True,
601225.SH,2014-01-28,,True,False,False,True,
601226.SH,2014-12-11,,True,True,True,True,
601228.SH,2017-03-29,,True,True,True,True,
601229.SH,2016-11-16,,True,False,False,True,
601231.SH,2012-02-20,,True,True,True,True,
601233.SH,2011-05-18,,True,True,True,True,
601236.SH,2019-07-05,,True,True,True,True,
601238.SH,2012-03-29,,True,False,False,True,
601258.SH,2011-04-28,2023-06-30,True,False,True,True,
601268.SH,2010-02-02,2015-05-21,True,False,True,True,
601279.SH,2021-04-15,,True,False,False,True,
601288.SH,2010-07-15,,True,False,False,True,
601298.SH,2019-01-21,,True,True,True,True,
601299.SH,2009-12-29,2015-05-20,True,False,True,True,
601311.SH,2011-06-02,,True,True,True,True,
601318.SH,2007-03-01,,True,False,False,True,
601319.SH,2018-11-16,,True,False,False,True,
601326.SH,2017-08-16,,True,True,True,True,
601328.SH,2007-05-15,,True,False,False,True,
601330.SH,2018-06-11,,True,False,False,True,
601333.SH,2006-12-22,,True,True,True,True,
601336.SH,2011-12-16,,True,False,False,True,
601339.SH,2012-06-12,,True,False,False,True,
601360.SH,2012-01-16,,True,False,False,True,
601366.SH,2017-04-12,,True,False,False,True,
601368.SH,2015-06-12,,True,False,False,True,
601369.SH,2010-04-28,,True,True,True,True,
601375.SH,2017-01-03,,True,False,False,True,
601377.SH,2010-10-13,,True,False,False,True,
601388.SH,2012-04-23,,True,True,True,True,
601390.SH,2007-12-03,,True,False,False,True,
601398.SH,2006-10-27,,True,False,False,True,
601399.SH,2020-06-08,,True,True,True,True,
601456.SH,2020-07-31,,True,True,True,True,
601500.SH,2016-09-19,,True,False,False,True,
601512.SH,2019-12-20,,True,True,True,True,
601515.SH,2012-02-16,,True,True,True,True,
601518.SH,2010-03-19,,True,False,False,True,
601519.SH,2011-01-28,,True,True,True,True,
601528.SH,2021-06-25,,True,False,False,True,
601555.SH,2011-12-12,,True,True,True,True,
601558.SH,2011-01-13,2020-07-03,True,False,True,True,
601566.SH,2011-05-30,,True,True,True,True,
601567.SH,2011-06-15,,True,True,True,True,
601568.SH,2020-10-20,,True,True,True,True,
601577.SH,2018-09-26,,True,True,True,True,
601579.SH,2014-08-25,,True,False,False,True,
601588.SH,2006-10-16,,True,False,False,True,
601595.SH,2016-08-17,,True,False,False,True,
601598.SH,2019-01-18,,True,True,True,True,
601599.SH,2011-05-27,,True,False,False,True,
601600.SH,2007-04-30,,True,False,False,True,
601601.SH,2007-12-25,,True,False,False,True,
601606.SH,2018-08-06,,True,False,False,True,
601607.SH,1994-03-24,,True,True,True,True,
601608.SH,2012-07-06,,True,True,True,True,
601609.SH,2020-04-22,,True,False,False,True,
601611.SH,2016-06-06,,True,True,True,True,
601615.SH,2019-01-23,,True,True,True,True,
601616.SH,2011-02-01,,True,False,False,True,
601618.SH,2009-09-21,,True,False,False,True,
601619.SH,2017-07-20,,True,False,False,True,
601628.SH,2007-01-09,,True,False,False,True,
601633.SH,2011-09-28,,True,False,False,True,
601636.SH,2011-08-12,,True,True,True,True,
601658.SH,2019-12-10,,True,False,False,True,
601665.SH,2021-06-18,,True,True,True,True,
601666.SH,2006-11-23,,True,True,True,True,
601668.SH,2009-07-29,,True,False,False,True,
601669.SH,2011-10-18,,True,False,False,True,
601677.SH,2011-09-19,,True,False,False,True,
601678.SH,2010-02-23,,True,True,True,True,
601686.SH,2020-12-04,,True,False,False,True,
601688.SH,2010-02-26,,True,False,False,True,
601689.SH,2015-03-19,,True,True,True,True,
601696.SH,2020-02-26,,True,True,True,True,
601698.SH,2019-06-28,,True,False,False,True,
601699.SH,2006-09-22,,True,True,True,True,
601700.SH,2011-01-18,,True,False,False,True,
601702.SH,2020-09-07,,True,False,False,True,
601717.SH,2010-08-03,,True,True,True,True,
601718.SH,2010-08-16,,True,True,True,True,
601727.SH,2008-12-05,,True,False,False,True,
601728.SH,2021-08-20,,True,False,False,True,
601766.SH,2008-08-18,,True,False,False,True,
601777.SH,2010-11-25,,True,True,True,True,
601778.SH,2020-05-19,,True,True,True,True,
601788.SH,2009-08-18,,True,False,False,True,
601789.SH,2011-08-16,,True,False,False,True,
601798.SH,2011-06-22,,True,False,False,True,
601799.SH,2011-02-01,,True,True,True,True,
601800.SH,2012-03-09,,True,False,False,True,
601801.SH,2010-01-18,,True,True,True,True,
601808.SH,2007-09-28,,True,True,True,True,
601811.SH,2016-08-08,,True,True,True,True,
601816.SH,2020-01-16,,True,False,False,True,
601818.SH,2010-08-18,,True,False,False,True,
601825.SH,2021-08-19,,True,False,False,True,
601827.SH,2020-06-05,,True,False,False,True,
601828.SH,2018-01-17,,True,True,True,True,
601838.SH,2018-01-31,,True,False,False,True,
601857.SH,2007-11-05,,True,False,False,True,
601858.SH,2017-01-18,,True,True,True,True,
601860.SH,2019-01-03,,True,True,True,True,
601865.SH,2019-02-15,,True,True,True,True,
601866.SH,2007-12-12,,True,True,True,True,
601868.SH,2021-09-28,,True,True,True,True,
601869.SH,2018-07-20,,True,True,True,True,
601872.SH,2006-12-01,,True,True,True,True,
601877.SH,2010-01-21,,True,False,False,True,
601878.SH,2017-06-26,,True,False,False,True,
601880.SH,2010-12-06,,True,True,True,True,
601881.SH,2017-01-23,,True,False,False,True,
601882.SH,2016-11-07,,True,False,False,True,
601886.SH,2011-08-18,,True,True,True,True,
601888.SH,2009-10-15,,True,False,False,True,
601890.SH,2010-12-28,,True,False,False,True,
601898.SH,2008-02-01,,True,False,False,True,
601899.SH,2008-04-25,,True,False,False,True,
601900.SH,2016-02-15,,True,False,False,True,
601901.SH,2011-08-10,,True,False,False,True,
601908.SH,2011-09-08,,True,True,True,True,
601916.SH,2019-11-26,,True,False,False,True,
601918.SH,2007-12-19,,True,True,True,True,
601919.SH,2007-06-26,,True,False,False,True,
601921.SH,2021-07-23,,True,True,True,True,
601928.SH,2011-11-30,,True,True,True,True,
601929.SH,2012-02-23,,True,True,True,True,
601933.SH,2010-12-15,,True,True,True,True,
601939.SH,2007-09-25,,True,False,False,True,
601949.SH,2017-08-21,,True,False,False,True,
601952.SH,2017-05-15,,True,False,False,True,
601956.SH,2020-12-25,,True,False,False,True,
601958.SH,2008-04-17,,True,True,True,True,
601963.SH,2021-02-05,,True,False,False,True,
601965.SH,2012-06-11,,True,True,True,True,
601966.SH,2016-07-06,,True,True,True,True,
601968.SH,2015-06-11,,True,False,False,True,
601969.SH,2014-12-09,,True,True,True,True,
601975.SH,2019-01-08,,True,True,True,True,
601985.SH,2015-06-10,,True,False,False,True,
601988.SH,2006-07-05,,True,False,False,True,
601989.SH,2009-12-16,2025-09-05,True,False,True,True,
601990.SH,2018-06-13,,True,True,True,True,
601991.SH,2006-12-20,,True,True,True,True,
601992.SH,2011-03-01,,True,True,True,True,
601995.SH,2020-11-02,,True,False,False,True,
601996.SH,2011-09-29,,True,False,False,True,
601997.SH,2016-08-16,,True,True,True,True,
601998.SH,2007-04-27,,True,False,False,True,
601999.SH,2007-12-21,,True,True,True,True,
603000.SH,2012-04-27,,True,True,True,True,
603001.SH,2012-04-26,,True,True,True,True,
603002.SH,2012-05-18,,True,False,False,True,
603003.SH,2012-08-17,2025-07-03,True,False,True,True,
603004.SH,2023-12-27,,True,False,False,True,
603005.SH,2014-02-10,,True,True,True,True,
603006.SH,2014-06-30,,True,False,False,True,
603007.SH,2016-08-26,,True,False,False,True,
603008.SH,2012-07-17,,True,False,False,True,
603009.SH,2014-07-18,,True,False,False,True,
603010.SH,2014-10-10,,True,False,False,True,
603011.SH,2014-11-07,,True,False,False,True,
603012.SH,2015-03-20,,True,False,False,True,
603013.SH,2018-05-09,,True,False,False,True,
603014.SH,2025-05-19,,True,False,False,True,
603015.SH,2015-03-03,,True,False,False,True,
603016.SH,2016-07-01,,True,False,False,True,
603017.SH,2014-12-31,,True,False,False,True,
603018.SH,2014-10-13,,True,False,False,True,
603019.SH,2014-11-06,,True,True,True,True,
603020.SH,2015-03-25,,True,False,False,True,
603021.SH,2015-04-23,,True,False,False,True,
603022.SH,2015-05-18,,True,False,False,True,
603023.SH,2015-05-27,,True,False,False,True,
603025.SH,2015-04-22,,True,True,True,True,
603026.SH,2015-05-29,,True,True,True,True,
603027.SH,2016-03-07,,True,False,False,True,
603028.SH,2016-03-31,,True,False,False,True,
603029.SH,2016-04-27,,True,False,False,True,
603030.SH,2015-03-20,,True,False,False,True,
603031.SH,2016-08-22,,True,False,False,True,
603032.SH,2017-01-05,,True,False,False,True,
603033.SH,2016-12-07,,True,False,False,True,
603035.SH,2017-01-05,,True,False,False,True,
603036.SH,2016-12-09,,True,False,False,True,
603037.SH,2017-01-20,,True,False,False,True,
603038.SH,2017-01-16,,True,False,False,True,
603039.SH,2017-01-13,,True,False,False,True,
603040.SH,2017-02-09,,True,False,False,True,
603041.SH,2017-03-30,,True,False,False,True,
603042.SH,2017-06-02,,True,False,False,True,
603043.SH,2017-06-27,,True,False,False,True,
603045.SH,2018-05-17,,True,False,False,True,
603048.SH,2021-11-16,,True,False,False,True,
603049.SH,2025-06-05,,True,True,True,True,
603050.SH,2017-04-14,,True,False,False,True,
603051.SH,2022-03-25,,True,False,False,True,
603052.SH,2022-10-11,,True,False,False,True,
603053.SH,2019-12-17,,True,False,False,True,
603055.SH,2017-09-21,,True,False,False,True,
603056.SH,2018-01-16,2026-03-31,True,True,True,True,
603057.SH,2022-09-26,,True,False,False,True,
603058.SH,2016-12-23,,True,False,False,True,
603059.SH,2018-03-02,,True,False,False,True,
603060.SH,2016-11-09,,True,False,False,True,
603061.SH,2023-03-03,,True,False,False,True,
603062.SH,2023-11-07,,True,False,False,True,
603063.SH,2017-07-28,,True,False,False,True,
603065.SH,2023-03-21,,True,False,False,True,
603066.SH,2015-06-11,,True,False,False,True,
603067.SH,2016-09-13,,True,False,False,True,
603068.SH,2019-04-15,,True,False,False,True,
603069.SH,2016-07-12,,True,False,False,True,
603070.SH,2022-03-10,,True,False,False,True,
603071.SH,2021-12-16,,True,False,False,True,
603072.SH,2025-01-03,,True,False,False,True,
603073.SH,2023-03-16,,True,False,False,True,
603075.SH,2023-09-11,,True,False,False,True,
603076.SH,2017-11-13,,True,False,False,True,
603077.SH,2012-07-31,,True,True,True,True,
603078.SH,2017-04-10,,True,False,False,True,
603079.SH,2017-08-23,,True,False,False,True,
603080.SH,2018-01-03,,True,False,False,True,
603081.SH,2017-04-20,,True,False,False,True,
603082.SH,2024-01-30,,True,False,False,True,
603083.SH,2017-11-10,,True,False,False,True,
603085.SH,2015-06-30,,True,False,False,True,
603086.SH,2017-05-11,,True,False,False,True,
603087.SH,2020-06-29,,True,True,True,True,
603088.SH,2014-11-11,,True,False,False,True,
603089.SH,2017-01-26,,True,False,False,True,
603090.SH,2016-08-31,,True,False,False,True,
603091.SH,2024-09-20,,True,False,False,True,
603092.SH,2025-11-07,,True,True,True,True,
603093.SH,2019-08-30,,True,False,False,True,
603095.SH,2020-04-15,,True,False,False,True,
603096.SH,2017-04-25,,True,False,False,True,
603097.SH,2022-05-12,,True,False,False,True,
603098.SH,2016-12-16,,True,False,False,True,
603099.SH,2014-08-22,,True,False,False,True,
603100.SH,2014-08-05,,True,False,False,True,
603101.SH,2016-05-06,,True,False,False,True,
603102.SH,2022-01-25,,True,False,False,True,
603103.SH,2017-10-12,,True,False,False,True,
603105.SH,2018-07-09,,True,False,False,True,
603106.SH,2017-09-20,,True,False,False,True,
603107.SH,2023-11-01,,True,False,False,True,
603108.SH,2015-05-27,,True,False,False,True,
603109.SH,2019-12-31,,True,False,False,True,
603110.SH,2017-10-13,,True,False,False,True,
603111.SH,2014-08-01,,True,False,False,True,
603112.SH,2020-09-17,,True,False,False,True,
603113.SH,2017-05-11,,True,False,False,True,
603115.SH,2019-08-09,,True,False,False,True,
603116.SH,2015-06-29,,True,False,False,True,
603117.SH,2015-06-29,,True,False,False,True,
603118.SH,2015-02-25,,True,False,False,True,
603119.SH,2023-08-01,,True,True,True,True,
603120.SH,2025-04-16,,True,False,False,True,
603121.SH,2019-01-11,,True,False,False,True,
603122.SH,2022-02-16,,True,False,False,True,
603123.SH,2012-05-03,,True,False,False,True,
603124.SH,2025-03-20,,True,False,False,True,
603125.SH,2023-04-10,,True,False,False,True,
603126.SH,2014-07-31,,True,False,False,True,
603127.SH,2017-08-25,,True,True,True,True,
603128.SH,2012-05-29,,True,False,False,True,
603129.SH,2017-08-18,,True,True,True,True,
603130.SH,2022-11-18,,True,False,False,True,
603131.SH,2016-06-07,,True,False,False,True,
603132.SH,2022-02-22,,True,False,False,True,
603133.SH,2017-03-20,2024-07-03,True,False,True,True,
603135.SH,2023-04-10,,True,False,False,True,
603136.SH,2017-09-27,,True,False,False,True,
603137.SH,2023-04-19,,True,False,False,True,
603138.SH,2017-03-06,,True,False,False,True,
603139.SH,2017-04-21,,True,False,False,True,
603150.SH,2022-01-24,,True,False,False,True,
603151.SH,2022-10-19,,True,False,False,True,
603153.SH,2023-03-13,,True,False,False,True,
603155.SH,2020-09-01,,True,False,False,True,
603156.SH,2018-02-12,,True,True,True,True,
603157.SH,2017-09-25,2022-05-24,True,False,True,True,
603158.SH,2015-03-20,,True,False,False,True,
603159.SH,2016-08-12,,True,False,False,True,
603160.SH,2016-10-17,,True,True,True,True,
603161.SH,2018-01-05,,True,False,False,True,
603162.SH,2023-03-29,,True,False,False,True,
603163.SH,2022-10-13,,True,False,False,True,
603165.SH,2017-01-17,,True,False,False,True,
603166.SH,2014-11-27,,True,False,False,True,
603167.SH,2012-09-06,,True,False,False,True,
603168.SH,2014-07-02,,True,False,False,True,
603169.SH,2014-10-09,,True,True,True,True,
603170.SH,2022-07-15,,True,False,False,True,
603171.SH,2021-06-30,,True,False,False,True,
603172.SH,2023-05-10,,True,False,False,True,
603173.SH,2023-01-30,,True,False,False,True,
603175.SH,2025-10-24,,True,True,True,True,
603176.SH,2021-12-31,,True,False,False,True,
603177.SH,2017-02-07,,True,False,False,True,
603178.SH,2017-03-28,,True,False,False,True,
603179.SH,2017-03-17,,True,True,True,True,
603180.SH,2017-05-12,,True,False,False,True,
603181.SH,2017-08-24,,True,False,False,True,
603182.SH,2022-09-09,,True,False,False,True,
603183.SH,2017-09-05,,True,False,False,True,
603185.SH,2018-12-28,,True,True,True,True,
603186.SH,2017-01-03,,True,False,False,True,
603187.SH,2018-11-29,,True,False,False,True,
603188.SH,2014-09-09,,True,True,True,True,
603189.SH,2016-09-14,,True,False,False,True,
603190.SH,2023-02-17,,True,False,False,True,
603191.SH,2022-04-28,,True,False,False,True,
603192.SH,2018-08-28,,True,False,False,True,
603193.SH,2023-10-17,,True,False,False,True,
603194.SH,2024-12-24,,True,False,False,True,
603195.SH,2020-02-06,,True,False,False,True,
603196.SH,2017-05-31,,True,False,False,True,
603197.SH,2017-05-19,,True,False,False,True,
603198.SH,2015-05-28,,True,True,True,True,
603199.SH,2015-03-26,,True,False,False,True,
603200.SH,2017-06-01,,True,False,False,True,
603201.SH,2022-07-29,,True,False,False,True,
603202.SH,2025-04-24,,True,False,False,True,
603203.SH,2016-11-08,,True,False,False,True,
603205.SH,2024-11-07,,True,False,False,True,
603206.SH,2022-05-06,,True,False,False,True,
603207.SH,2024-08-26,,True,False,False,True,
603208.SH,2017-02-10,,True,False,False,True,
603209.SH,2022-03-24,,True,False,False,True,
603210.SH,2025-04-09,,True,False,False,True,
603211.SH,2022-07-25,,True,False,False,True,
603212.SH,2020-04-30,,True,False,False,True,
603213.SH,2021-11-11,,True,False,False,True,
603214.SH,2018-03-30,,True,False,False,True,
603215.SH,2022-02-18,,True,False,False,True,
603216.SH,2021-12-15,,True,False,False,True,
603217.SH,2019-06-20,,True,False,False,True,
603218.SH,2016-12-28,,True,True,True,True,
603219.SH,2021-11-22,,True,False,False,True,
603220.SH,2018-11-15,,True,False,False,True,
603221.SH,2020-03-23,,True,False,False,True,
603222.SH,2015-02-17,,True,False,False,True,
603223.SH,2015-06-30,,True,False,False,True,
603225.SH,2017-04-18,,True,True,True,True,
603226.SH,2017-06-15,,True,False,False,True,
603227.SH,2015-05-15,,True,False,False,True,
603228.SH,2017-01-06,,True,True,True,True,
603229.SH,2017-05-09,,True,False,False,True,
603230.SH,2021-12-24,,True,False,False,True,
603231.SH,2023-12-15,,True,False,False,True,
603232.SH,2017-04-21,,True,False,False,True,
603233.SH,2017-07-31,,True,True,True,True,
603235.SH,2022-07-12,,True,False,False,True,
603236.SH,2019-07-16,,True,False,False,True,
603237.SH,2022-08-31,,True,False,False,True,
603238.SH,2017-02-22,,True,False,False,True,
603239.SH,2016-12-30,,True,False,False,True,
603248.SH,2025-12-23,,True,False,False,True,
603255.SH,2022-08-18,,True,False,False,True,
603256.SH,2019-07-19,,True,True,True,True,
603257.SH,2025-04-08,,True,False,False,True,
603258.SH,2016-10-26,,True,False,False,True,
603259.SH,2018-05-08,,True,False,False,True,
603260.SH,2017-10-30,,True,True,True,True,
603261.SH,2022-03-15,,True,False,False,True,
603262.SH,2025-07-23,,True,False,False,True,
603266.SH,2017-01-10,,True,False,False,True,
603267.SH,2019-05-15,,True,True,True,True,
603268.SH,2015-03-19,,True,False,False,True,
603269.SH,2017-05-17,,True,False,False,True,
603270.SH,2023-09-01,,True,False,False,True,
603271.SH,2025-03-11,,True,False,False,True,
603272.SH,2022-05-20,,True,False,False,True,
603273.SH,2023-10-23,,True,False,False,True,
603275.SH,2023-08-23,,True,False,False,True,
603276.SH,2023-09-25,,True,False,False,True,
603277.SH,2017-09-11,,True,False,False,True,
603278.SH,2017-11-13,,True,False,False,True,
603279.SH,2019-07-29,,True,False,False,True,
603280.SH,2022-11-08,,True,False,False,True,
603281.SH,2023-01-31,,True,False,False,True,
603282.SH,2023-03-15,,True,False,False,True,
603283.SH,2017-12-25,,True,False,False,True,
603284.SH,2026-02-10,,True,False,False,True,
603285.SH,2024-07-05,,True,False,False,True,
603286.SH,2017-06-27,,True,False,False,True,
603288.SH,2014-02-11,,True,False,False,True,
603289.SH,2017-10-31,,True,False,False,True,
603290.SH,2020-02-04,,True,True,True,True,
603291.SH,2023-03-27,,True,False,False,True,
603293.SH,2026-04-16,,True,False,False,True,
603296.SH,2023-08-08,,True,False,False,True,
603297.SH,2018-09-10,,True,False,False,True,
603298.SH,2016-12-27,,True,True,True,True,
603299.SH,2015-12-31,,True,False,False,True,
603300.SH,2015-05-29,,True,False,False,True,
603301.SH,2018-04-12,,True,False,False,True,
603303.SH,2017-03-30,,True,False,False,True,
603305.SH,2017-07-10,,True,True,True,True,
603306.SH,2014-09-26,,True,False,False,True,
603307.SH,2023-02-16,,True,False,False,True,
603308.SH,2014-01-22,,True,True,True,True,
603309.SH,2015-03-02,,True,False,False,True,
603310.SH,2024-08-14,,True,False,False,True,
603311.SH,2015-05-18,,True,False,False,True,
603312.SH,2024-01-11,,True,False,False,True,
603313.SH,2016-10-13,,True,False,False,True,
603315.SH,2015-04-24,,True,False,False,True,
603316.SH,2017-06-19,,True,False,False,True,
603317.SH,2019-04-16,,True,True,True,True,
603318.SH,2015-04-24,,True,False,False,True,
603319.SH,2016-11-30,,True,False,False,True,
603320.SH,2017-05-02,,True,False,False,True,
603321.SH,2017-09-15,,True,False,False,True,
603322.SH,2016-07-28,,True,False,False,True,
603323.SH,2016-11-29,,True,False,False,True,
603324.SH,2021-04-07,,True,False,False,True,
603325.SH,2024-01-10,,True,False,False,True,
603326.SH,2017-06-16,,True,False,False,True,
603327.SH,2019-05-23,,True,False,False,True,
603328.SH,2014-07-01,,True,True,True,True,
603329.SH,2017-12-29,,True,False,False,True,
603330.SH,2017-02-13,,True,False,False,True,
603331.SH,2017-07-05,,True,False,False,True,
603332.SH,2019-01-17,,True,False,False,True,
603333.SH,2012-05-07,,True,False,False,True,
603334.SH,2025-11-05,,True,False,False,True,
603335.SH,2017-06-20,,True,False,False,True,
603336.SH,2016-11-24,,True,False,False,True,
603337.SH,2017-01-19,,True,False,False,True,
603338.SH,2015-03-25,,True,True,True,True,
603339.SH,2016-05-19,,True,False,False,True,
603341.SH,2024-03-01,,True,True,True,True,
603344.SH,2024-03-20,,True,False,False,True,
603345.SH,2017-02-22,,True,True,True,True,
603348.SH,2018-04-26,,True,False,False,True,
603350.SH,2024-07-03,,True,False,False,True,
603351.SH,2019-01-30,,True,False,False,True,
603352.SH,2026-01-15,,True,False,False,True,
603353.SH,2020-04-07,,True,False,False,True,
603355.SH,2015-05-13,,True,True,True,True,
603356.SH,2018-01-24,,True,False,False,True,
603357.SH,2017-08-01,,True,False,False,True,
603358.SH,2017-01-25,,True,False,False,True,
603359.SH,2017-09-01,,True,False,False,True,
603360.SH,2017-02-06,,True,False,False,True,
603363.SH,2017-09-26,,True,False,False,True,
603365.SH,2017-11-20,,True,False,False,True,
603366.SH,2012-05-21,,True,True,True,True,
603367.SH,2017-09-29,,True,False,False,True,
603368.SH,2014-12-04,,True,False,False,True,
603369.SH,2014-07-03,,True,True,True,True,
603370.SH,2025-09-05,,True,False,False,True,
603373.SH,2023-12-20,,True,False,False,True,
603375.SH,2024-01-24,,True,False,False,True,
603376.SH,2025-11-06,,True,False,False,True,
603377.SH,2016-02-05,,True,True,True,True,
603378.SH,2017-09-28,,True,False,False,True,
603379.SH,2019-04-02,,True,True,True,True,
603380.SH,2017-06-22,,True,False,False,True,
603381.SH,2024-06-26,,True,False,False,True,
603382.SH,2025-06-12,,True,False,False,True,
603383.SH,2017-05-22,,True,False,False,True,
603385.SH,2017-04-05,,True,False,False,True,
603386.SH,2017-09-12,,True,False,False,True,
603387.SH,2017-07-17,,True,False,False,True,
603388.SH,2017-03-24,2025-12-05,True,False,True,True,
603389.SH,2016-12-15,,True,False,False,True,
603390.SH,2019-11-25,,True,False,False,True,
603391.SH,2024-07-31,,True,False,False,True,
603392.SH,2020-04-29,,True,False,False,True,
603393.SH,2016-09-12,,True,False,False,True,
603395.SH,2024-11-26,,True,False,False,True,
603396.SH,2017-10-18,,True,False,False,True,
603398.SH,2015-12-09,,True,False,False,True,
603399.SH,2012-08-24,,True,False,False,True,
603400.SH,2025-06-20,,True,False,False,True,
603402.SH,2026-01-06,,True,False,False,True,
603406.SH,2025-08-08,,True,False,False,True,
603407.SH,2026-05-11,,True,False,False,True,
603408.SH,2020-07-30,,True,False,False,True,
603409.SH,2025-03-04,,True,False,False,True,
603416.SH,2016-12-21,,True,False,False,True,
603418.SH,2025-09-23,,True,False,False,True,
603421.SH,2016-10-11,,True,False,False,True,
603429.SH,2017-01-24,,True,False,False,True,
603435.SH,2026-05-22,,True,False,False,True,
603439.SH,2020-04-28,,True,False,False,True,
603444.SH,2017-01-04,,True,True,True,True,
603456.SH,2014-10-10,,True,True,True,True,
603458.SH,2017-08-09,,True,False,False,True,
603459.SH,2026-04-08,,True,False,False,True,
603466.SH,2017-10-20,,True,False,False,True,
603477.SH,2017-12-18,,True,False,False,True,
603486.SH,2018-05-28,,True,True,True,True,
603488.SH,2017-05-16,,True,False,False,True,
603489.SH,2019-11-11,,True,False,False,True,
603496.SH,2017-06-07,,True,False,False,True,
603499.SH,2017-10-16,,True,False,False,True,
603500.SH,2017-09-04,,True,False,False,True,
603501.SH,2017-05-04,,True,True,True,True,
603505.SH,2017-05-03,,True,False,False,True,
603506.SH,2018-02-01,,True,False,False,True,
603507.SH,2017-11-06,,True,False,False,True,
603508.SH,2015-12-24,,True,False,False,True,
603511.SH,2021-05-31,,True,False,False,True,
603515.SH,2016-08-19,,True,True,True,True,
603516.SH,2018-02-02,,True,False,False,True,
603517.SH,2017-03-17,,True,True,True,True,
603518.SH,2014-12-03,,True,False,False,True,
603519.SH,2015-03-19,,True,False,False,True,
603520.SH,2016-03-09,,True,False,False,True,
603527.SH,2017-09-07,,True,False,False,True,
603528.SH,2016-05-03,,True,True,True,True,
603529.SH,2021-06-15,,True,True,True,True,
603530.SH,2019-08-05,,True,False,False,True,
603533.SH,2017-09-21,,True,False,False,True,
603535.SH,2017-08-08,,True,False,False,True,
603536.SH,2017-06-13,,True,False,False,True,
603538.SH,2017-04-07,,True,False,False,True,
603551.SH,2020-01-15,,True,False,False,True,
603555.SH,2014-01-24,2024-03-29,True,True,True,True,
603556.SH,2016-11-10,,True,True,True,True,
603557.SH,2017-08-18,,True,False,False,True,
603558.SH,2015-01-27,,True,False,False,True,
603559.SH,2016-12-02,,True,False,False,True,
603565.SH,2020-09-25,,True,True,True,True,
603566.SH,2015-05-18,,True,False,False,True,
603567.SH,2015-04-24,,True,True,True,True,
603568.SH,2015-05-28,,True,True,True,True,
603569.SH,2016-08-10,,True,True,True,True,
603577.SH,2016-12-22,,True,False,False,True,
603578.SH,2017-03-06,,True,False,False,True,
603579.SH,2017-01-11,,True,False,False,True,
603580.SH,2017-05-25,,True,False,False,True,
603583.SH,2018-09-21,,True,False,False,True,
603585.SH,2016-12-14,,True,False,False,True,
603586.SH,2017-04-06,,True,False,False,True,
603587.SH,2018-06-22,,True,False,False,True,
603588.SH,2014-12-29,,True,False,False,True,
603589.SH,2015-06-29,,True,True,True,True,
603590.SH,2018-08-27,,True,False,False,True,
603595.SH,2017-07-12,,True,False,False,True,
603596.SH,2018-04-27,,True,True,True,True,
603598.SH,2015-05-27,,True,False,False,True,
603599.SH,2015-05-13,,True,False,False,True,
603600.SH,2015-01-23,,True,False,False,True,
603601.SH,2015-01-22,,True,False,False,True,
603602.SH,2017-08-10,,True,False,False,True,
603603.SH,2017-02-17,2024-04-25,True,False,True,True,
603605.SH,2017-11-15,,True,True,True,True,
603606.SH,2014-10-15,,True,True,True,True,
603607.SH,2017-10-25,,True,False,False,True,
603608.SH,2016-02-18,,True,False,False,True,
603609.SH,2014-08-08,,True,False,False,True,
603610.SH,2019-10-29,,True,False,False,True,
603611.SH,2015-01-28,,True,False,False,True,
603612.SH,2017-07-18,,True,False,False,True,
603613.SH,2019-07-30,,True,True,True,True,
603615.SH,2017-02-13,,True,False,False,True,
603616.SH,2015-06-11,,True,False,False,True,
603617.SH,2017-07-03,,True,False,False,True,
603618.SH,2015-02-17,,True,False,False,True,
603619.SH,2017-11-17,,True,False,False,True,
603626.SH,2017-02-09,,True,False,False,True,
603628.SH,2017-01-12,,True,False,False,True,
603629.SH,2018-12-24,,True,False,False,True,
603630.SH,2017-03-13,,True,False,False,True,
603633.SH,2016-11-17,,True,False,False,True,
603636.SH,2014-12-30,,True,False,False,True,
603637.SH,2017-02-08,,True,False,False,True,
603638.SH,2017-01-20,,True,True,True,True,
603639.SH,2017-01-12,,True,False,False,True,
603648.SH,2017-09-13,,True,False,False,True,
603650.SH,2018-06-27,,True,True,True,True,
603655.SH,2017-12-29,,True,False,False,True,
603656.SH,2017-03-21,,True,False,False,True,
603657.SH,2018-07-30,,True,False,False,True,
603658.SH,2016-09-01,,True,True,True,True,
603659.SH,2017-11-03,,True,True,True,True,
603660.SH,2016-12-01,,True,False,False,True,
603661.SH,2017-11-21,,True,False,False,True,
603662.SH,2019-08-06,,True,False,False,True,
603663.SH,2016-08-01,,True,False,False,True,
603665.SH,2017-03-13,,True,False,False,True,
603666.SH,2018-06-12,,True,False,False,True,
603667.SH,2016-10-25,,True,False,False,True,
603668.SH,2017-01-17,,True,False,False,True,
603669.SH,2015-05-28,,True,False,False,True,
603676.SH,2017-07-21,,True,False,False,True,
603677.SH,2017-02-06,,True,False,False,True,
603678.SH,2015-01-26,,True,False,False,True,
603679.SH,2017-06-21,,True,False,False,True,
603680.SH,2018-02-27,,True,False,False,True,
603681.SH,2019-03-26,,True,False,False,True,
603682.SH,2020-04-21,,True,False,False,True,
603683.SH,2017-10-20,,True,False,False,True,
603685.SH,2017-11-27,,True,False,False,True,
603686.SH,2015-01-26,,True,False,False,True,
603687.SH,2019-07-26,,True,False,False,True,
603688.SH,2014-10-31,,True,True,True,True,
603689.SH,2017-01-10,,True,False,False,True,
603690.SH,2017-01-13,,True,False,False,True,
603693.SH,2018-07-03,,True,False,False,True,
603696.SH,2015-12-09,,True,False,False,True,
603697.SH,2019-05-08,,True,False,False,True,
603698.SH,2015-01-28,,True,True,True,True,
603699.SH,2014-01-17,,True,True,True,True,
603700.SH,2019-01-22,,True,False,False,True,
603701.SH,2016-04-12,,True,False,False,True,
603703.SH,2015-04-23,,True,False,False,True,
603706.SH,2018-07-09,,True,False,False,True,
603707.SH,2017-07-19,,True,True,True,True,
603708.SH,2016-12-13,,True,True,True,True,
603709.SH,2018-02-08,,True,False,False,True,
603711.SH,2017-11-30,,True,False,False,True,
603712.SH,2018-02-26,,True,True,True,True,
603713.SH,2018-07-13,,True,False,False,True,
603716.SH,2016-10-31,,True,False,False,True,
603717.SH,2017-03-27,,True,False,False,True,
603718.SH,2015-05-15,,True,False,False,True,
603719.SH,2020-02-24,,True,True,True,True,
603721.SH,2017-08-11,,True,False,False,True,
603722.SH,2017-10-25,,True,False,False,True,
603725.SH,2017-09-06,,True,False,False,True,
603726.SH,2016-04-21,,True,False,False,True,
603727.SH,2016-11-22,,True,False,False,True,
603728.SH,2017-05-09,,True,True,True,True,
603729.SH,2015-03-24,,True,False,False,True,
603730.SH,2017-07-28,,True,False,False,True,
603733.SH,2018-04-20,,True,False,False,True,
603737.SH,2016-06-03,,True,True,True,True,
603738.SH,2016-09-28,,True,False,False,True,
603739.SH,2019-01-16,,True,False,False,True,
603755.SH,2019-08-28,,True,False,False,True,
603757.SH,2017-07-11,,True,False,False,True,
603758.SH,2017-05-17,,True,False,False,True,
603759.SH,2021-03-26,,True,False,False,True,
603766.SH,2012-08-10,,True,True,True,True,
603767.SH,2017-06-13,,True,False,False,True,
603768.SH,2017-03-24,,True,False,False,True,
603773.SH,2018-04-17,,True,False,False,True,
603776.SH,2017-08-17,,True,False,False,True,
603777.SH,2016-10-12,,True,False,False,True,
603778.SH,2015-12-31,,True,False,False,True,
603779.SH,2016-05-16,,True,False,False,True,
603786.SH,2019-10-15,,True,True,True,True,
603787.SH,2017-04-27,,True,False,False,True,
603788.SH,2015-01-20,,True,False,False,True,
603789.SH,2015-04-27,,True,False,False,True,
603790.SH,2018-09-12,,True,False,False,True,
603797.SH,2017-04-13,,True,False,False,True,
603798.SH,2016-04-06,,True,False,False,True,
603799.SH,2015-01-29,,True,True,True,True,
603800.SH,2015-12-10,,True,False,False,True,
603801.SH,2017-06-30,,True,False,False,True,
603803.SH,2017-04-20,,True,False,False,True,
603806.SH,2014-09-05,,True,True,True,True,
603808.SH,2015-04-22,,True,False,False,True,
603809.SH,2017-11-28,,True,False,False,True,
603810.SH,2018-09-17,,True,False,False,True,
603811.SH,2017-03-15,,True,False,False,True,
603813.SH,2017-09-18,,True,False,False,True,
603815.SH,2019-10-21,,True,False,False,True,
603816.SH,2016-10-14,,True,True,True,True,
603817.SH,2017-02-20,,True,False,False,True,
603818.SH,2015-04-22,,True,False,False,True,
603819.SH,2016-11-25,,True,False,False,True,
603822.SH,2016-04-28,,True,False,False,True,
603823.SH,2016-12-20,,True,False,False,True,
603825.SH,2017-08-02,,True,False,False,True,
603826.SH,2017-04-14,,True,True,True,True,
603828.SH,2015-02-26,,True,False,False,True,
603829.SH,2017-10-17,,True,False,False,True,
603833.SH,2017-03-28,,True,True,True,True,
603836.SH,2021-05-26,,True,False,False,True,
603838.SH,2015-07-01,,True,False,False,True,
603839.SH,2017-02-14,,True,False,False,True,
603843.SH,2016-09-05,,True,False,False,True,
603848.SH,2017-12-01,,True,False,False,True,
603855.SH,2017-05-24,,True,False,False,True,
603856.SH,2017-11-06,,True,False,False,True,
603858.SH,2016-11-18,,True,True,True,True,
603859.SH,2016-10-21,,True,False,False,True,
603860.SH,2017-08-02,,True,False,False,True,
603861.SH,2016-03-22,,True,False,False,True,
603863.SH,2019-06-21,,True,False,False,True,
603866.SH,2015-12-22,,True,True,True,True,
603867.SH,2019-06-27,,True,False,False,True,
603868.SH,2016-04-18,,True,True,True,True,
603869.SH,2015-03-26,,True,False,False,True,
603871.SH,2018-02-06,,True,False,False,True,
603876.SH,2018-04-18,,True,False,False,True,
603877.SH,2017-01-09,,True,True,True,True,
603878.SH,2016-12-19,,True,False,False,True,
603879.SH,2017-06-14,,True,False,False,True,
603880.SH,2017-08-07,,True,False,False,True,
603881.SH,2017-02-08,,True,False,False,True,
603882.SH,2017-09-08,,True,True,True,True,
603883.SH,2015-04-23,,True,True,True,True,
603885.SH,2015-05-27,,True,True,True,True,
603886.SH,2016-12-28,,True,False,False,True,
603887.SH,2016-10-10,,True,False,False,True,
603888.SH,2016-10-28,,True,True,True,True,
603889.SH,2014-12-31,,True,False,False,True,
603890.SH,2017-12-12,,True,False,False,True,
603893.SH,2020-02-07,,True,True,True,True,
603895.SH,2018-01-22,,True,False,False,True,
603896.SH,2017-05-10,,True,False,False,True,
603897.SH,2018-04-10,,True,False,False,True,
603898.SH,2015-02-17,,True,False,False,True,
603899.SH,2015-01-27,,True,True,True,True,
603900.SH,2016-11-23,,True,False,False,True,
603901.SH,2015-05-29,,True,False,False,True,
603903.SH,2017-03-14,,True,False,False,True,
603906.SH,2017-04-10,,True,False,False,True,
603908.SH,2017-03-07,,True,False,False,True,
603909.SH,2016-06-28,,True,False,False,True,
603912.SH,2017-11-01,,True,False,False,True,
603915.SH,2019-06-14,,True,False,False,True,
603916.SH,2017-11-10,,True,False,False,True,
603917.SH,2017-12-04,,True,False,False,True,
603918.SH,2015-05-28,,True,False,False,True,
603919.SH,2016-03-10,,True,False,False,True,
603920.SH,2017-04-26,,True,True,True,True,
603922.SH,2017-10-23,,True,False,False,True,
603926.SH,2017-05-10,,True,False,False,True,
603927.SH,2019-09-09,,True,True,True,True,
603928.SH,2016-12-12,,True,False,False,True,
603929.SH,2016-12-30,,True,False,False,True,
603931.SH,2020-08-19,,True,False,False,True,
603933.SH,2017-07-06,,True,False,False,True,
603936.SH,2015-12-09,,True,False,False,True,
603937.SH,2017-11-02,,True,False,False,True,
603938.SH,2017-06-28,,True,False,False,True,
603939.SH,2015-02-17,,True,True,True,True,
603948.SH,2020-03-02,,True,False,False,True,
603949.SH,2020-03-10,,True,False,False,True,
603950.SH,2020-05-26,,True,False,False,True,
603955.SH,2017-03-10,,True,False,False,True,
603956.SH,2019-02-22,,True,False,False,True,
603958.SH,2016-06-29,,True,False,False,True,
603959.SH,2016-05-17,,True,False,False,True,
603960.SH,2017-03-14,,True,False,False,True,
603963.SH,2017-09-22,2025-03-21,True,False,True,True,
603966.SH,2017-01-25,,True,False,False,True,
603967.SH,2019-04-29,,True,False,False,True,
603968.SH,2015-05-18,,True,False,False,True,
603969.SH,2015-02-27,,True,False,False,True,
603970.SH,2017-11-16,,True,False,False,True,
603976.SH,2017-08-22,,True,False,False,True,
603977.SH,2016-11-11,,True,False,False,True,
603978.SH,2017-08-07,,True,False,False,True,
603979.SH,2015-06-30,,True,True,True,True,
603980.SH,2017-06-15,,True,False,False,True,
603982.SH,2019-05-22,,True,False,False,True,
603983.SH,2019-07-25,,True,True,True,True,
603985.SH,2017-05-05,,True,False,False,True,
603986.SH,2016-08-18,,True,False,False,True,
603987.SH,2016-11-21,,True,False,False,True,
603988.SH,2014-11-04,,True,False,False,True,
603989.SH,2015-05-15,,True,False,False,True,
603990.SH,2016-12-08,,True,False,False,True,
603991.SH,2017-03-08,,True,False,False,True,
603992.SH,2019-08-26,,True,False,False,True,
603993.SH,2012-10-09,,True,False,False,True,
603995.SH,2019-12-24,,True,False,False,True,
603996.SH,2015-12-22,2022-05-24,True,False,True,True,
603997.SH,2015-03-02,,True,False,False,True,
603998.SH,2014-12-05,,True,False,False,True,
603999.SH,2015-12-10,,True,False,False,True,
605001.SH,2020-05-22,,True,False,False,True,
605003.SH,2020-09-08,,True,False,False,True,
605005.SH,2021-01-19,,True,False,False,True,
605006.SH,2020-09-03,,True,False,False,True,
605007.SH,2020-11-10,,True,False,False,True,
605008.SH,2020-08-21,,True,False,False,True,
605009.SH,2020-09-11,,True,False,False,True,
605011.SH,2021-06-30,,True,False,False,True,
605016.SH,2021-04-21,,True,False,False,True,
605018.SH,2020-09-29,,True,False,False,True,
605020.SH,2021-07-09,,True,False,False,True,
605028.SH,2021-07-12,,True,False,False,True,
605033.SH,2021-09-16,,True,False,False,True,
605050.SH,2020-09-24,,True,False,False,True,
605055.SH,2021-01-29,,True,False,False,True,
605056.SH,2021-07-20,,True,False,False,True,
605058.SH,2020-10-21,,True,False,False,True,
605060.SH,2021-03-01,,True,False,False,True,
605066.SH,2020-08-07,,True,False,False,True,
605068.SH,2020-11-23,,True,False,False,True,
605069.SH,2021-08-16,,True,False,False,True,
605077.SH,2021-02-09,,True,False,False,True,
605080.SH,2021-05-06,,True,False,False,True,
605081.SH,2021-02-09,2026-07-03,True,False,True,True,
605086.SH,2021-04-16,,True,False,False,True,
605088.SH,2020-08-17,,True,False,False,True,
605089.SH,2021-04-27,,True,False,False,True,
605090.SH,2021-05-25,,True,False,False,True,
605098.SH,2021-04-21,,True,False,False,True,
605099.SH,2020-09-30,,True,False,False,True,
605100.SH,2020-08-11,,True,False,False,True,
605108.SH,2020-07-16,,True,False,False,True,
605111.SH,2020-09-28,,True,False,False,True,
605116.SH,2020-09-21,,True,False,False,True,
605117.SH,2021-04-20,,True,True,True,True,
605118.SH,2020-07-30,,True,False,False,True,
605122.SH,2021-03-10,,True,False,False,True,
605123.SH,2020-08-25,,True,False,False,True,
605128.SH,2020-09-15,,True,False,False,True,
605133.SH,2021-02-24,,True,False,False,True,
605136.SH,2020-09-29,,True,False,False,True,
605138.SH,2021-10-27,,True,False,False,True,
605151.SH,2020-12-15,,True,False,False,True,
605155.SH,2020-12-31,,True,False,False,True,
605158.SH,2020-08-05,,True,False,False,True,
605162.SH,2021-07-07,,True,False,False,True,
605166.SH,2020-06-18,,True,False,False,True,
605167.SH,2021-07-26,,True,False,False,True,
605168.SH,2020-05-28,,True,False,False,True,
605169.SH,2020-10-30,,True,False,False,True,
605177.SH,2020-11-25,,True,False,False,True,
605178.SH,2020-08-21,,True,False,False,True,
605179.SH,2020-12-28,,True,False,False,True,
605180.SH,2021-04-30,,True,False,False,True,
605183.SH,2020-12-07,,True,False,False,True,
605186.SH,2020-12-22,,True,False,False,True,
605188.SH,2020-07-28,,True,False,False,True,
605189.SH,2021-05-28,,True,False,False,True,
605196.SH,2021-05-11,,True,False,False,True,
605198.SH,2020-09-18,,True,False,False,True,
605199.SH,2020-07-10,,True,False,False,True,
605208.SH,2021-03-08,,True,False,False,True,
605218.SH,2020-09-28,,True,False,False,True,
605222.SH,2020-07-31,,True,False,False,True,
605228.SH,2021-01-20,,True,False,False,True,
605255.SH,2020-08-25,,True,False,False,True,
605258.SH,2020-12-03,,True,False,False,True,
605259.SH,2021-06-15,,True,False,False,True,
605266.SH,2020-12-01,,True,False,False,True,
605268.SH,2021-02-24,,True,False,False,True,
605277.SH,2021-01-06,,True,False,False,True,
605286.SH,2021-03-22,,True,False,False,True,
605287.SH,2021-07-06,,True,False,False,True,
605288.SH,2020-06-01,,True,False,False,True,
605289.SH,2021-04-26,,True,False,False,True,
605296.SH,2021-05-28,,True,False,False,True,
605298.SH,2021-03-01,,True,False,False,True,
605299.SH,2020-12-15,,True,False,False,True,
605300.SH,2021-04-30,,True,False,False,True,
605303.SH,2021-03-01,,True,False,False,True,
605305.SH,2021-05-06,,True,False,False,True,
605318.SH,2020-08-03,,True,False,False,True,
605319.SH,2021-06-07,,True,False,False,True,
605333.SH,2020-08-18,,True,False,False,True,
605336.SH,2020-10-19,,True,False,False,True,
605337.SH,2021-02-08,,True,False,False,True,
605338.SH,2020-10-12,,True,False,False,True,
605339.SH,2021-05-18,,True,False,False,True,
605358.SH,2020-09-11,,True,True,True,True,
605365.SH,2021-07-20,,True,False,False,True,
605366.SH,2020-08-12,,True,False,False,True,
605368.SH,2021-01-29,,True,False,False,True,
605369.SH,2020-09-16,,True,False,False,True,
605376.SH,2020-12-08,,True,False,False,True,
605377.SH,2020-12-28,,True,False,False,True,
605378.SH,2021-04-12,,True,False,False,True,
605388.SH,2020-08-18,,True,False,False,True,
605389.SH,2021-03-22,,True,False,False,True,
605398.SH,2021-01-21,,True,False,False,True,
605399.SH,2020-08-04,,True,False,False,True,
605488.SH,2021-05-13,,True,False,False,True,
605499.SH,2021-05-27,,True,False,False,True,
605500.SH,2020-12-22,,True,False,False,True,
605507.SH,2021-08-02,,True,False,False,True,
605555.SH,2021-10-21,,True,False,False,True,
605566.SH,2021-10-25,,True,False,False,True,
605567.SH,2021-10-13,,True,False,False,True,
605577.SH,2021-08-24,,True,False,False,True,
605580.SH,2021-08-19,,True,False,False,True,
605588.SH,2021-08-12,,True,False,False,True,
605589.SH,2021-08-10,,True,True,True,True,
605598.SH,2021-09-17,,True,False,False,True,
605599.SH,2021-09-09,,True,False,False,True,
688001.SH,2019-07-22,,True,False,False,True,
688002.SH,2019-07-22,,True,True,True,True,
688003.SH,2019-07-22,,True,False,False,True,
688004.SH,2020-06-12,,True,False,False,True,
688005.SH,2019-07-22,,True,True,True,True,
688006.SH,2019-07-22,,True,True,True,True,
688007.SH,2019-07-22,,True,False,False,True,
688008.SH,2019-07-22,,True,False,False,True,
688009.SH,2019-07-22,,True,True,True,True,
688010.SH,2019-07-22,,True,False,False,True,
688011.SH,2019-07-22,,True,False,False,True,
688012.SH,2019-07-22,,True,False,False,True,
688013.SH,2020-09-28,,True,False,False,True,
688015.SH,2019-07-22,,True,False,False,True,
688016.SH,2019-07-22,,True,False,False,True,
688017.SH,2020-08-28,,True,True,True,True,
688018.SH,2019-07-22,,True,True,True,True,
688019.SH,2019-07-22,,True,True,True,True,
688020.SH,2019-07-22,,True,False,False,True,
688021.SH,2019-11-06,,True,False,False,True,
688022.SH,2019-07-22,,True,False,False,True,
688023.SH,2019-11-05,,True,False,False,True,
688025.SH,2019-10-31,,True,False,False,True,
688026.SH,2020-01-22,,True,False,False,True,
688027.SH,2020-07-09,,True,True,True,True,
688028.SH,2019-07-22,,True,False,False,True,
688029.SH,2019-07-22,,True,True,True,True,
688030.SH,2019-09-30,,True,False,False,True,
688031.SH,2022-10-18,,True,False,False,True,
688032.SH,2021-12-20,,True,True,True,True,
688033.SH,2019-07-22,,True,False,False,True,
688035.SH,2022-09-19,,True,False,False,True,
688036.SH,2019-09-30,,True,False,False,True,
688037.SH,2019-12-16,,True,True,True,True,
688038.SH,2021-07-13,,True,False,False,True,
688039.SH,2019-12-11,,True,False,False,True,
688041.SH,2022-08-12,,True,False,False,True,
688045.SH,2022-05-26,,True,False,False,True,
688046.SH,2022-04-25,,True,False,False,True,
688047.SH,2022-06-24,,True,True,True,True,
688048.SH,2022-04-01,,True,False,False,True,
688049.SH,2021-11-29,,True,False,False,True,
688050.SH,2020-07-29,,True,False,False,True,
688051.SH,2020-03-20,,True,False,False,True,
688052.SH,2022-04-22,,True,True,True,True,
688053.SH,2022-07-08,,True,False,False,True,
688055.SH,2020-08-17,,True,False,False,True,
688056.SH,2020-09-02,,True,False,False,True,
688057.SH,2020-11-11,,True,False,False,True,
688058.SH,2019-11-01,,True,False,False,True,
688059.SH,2021-02-08,,True,False,False,True,
688060.SH,2020-07-10,,True,False,False,True,
688061.SH,2022-10-18,,True,False,False,True,
688062.SH,2022-01-18,,True,False,False,True,
688063.SH,2020-12-30,,True,True,True,True,
688065.SH,2020-08-12,,True,True,True,True,
688066.SH,2019-07-22,,True,False,False,True,
688067.SH,2021-06-16,,True,False,False,True,
688068.SH,2019-09-30,,True,False,False,True,
688069.SH,2020-07-22,,True,False,False,True,
688070.SH,2021-02-10,,True,False,False,True,
688071.SH,2021-07-29,,True,False,False,True,
688072.SH,2022-04-20,,True,True,True,True,
688073.SH,2022-10-11,,True,False,False,True,
688075.SH,2021-11-18,,True,False,False,True,
688076.SH,2021-05-20,,True,False,False,True,
688077.SH,2020-07-22,,True,False,False,True,
688078.SH,2019-12-30,,True,False,False,True,
688079.SH,2021-03-02,,True,False,False,True,
688080.SH,2020-02-12,,True,False,False,True,
688081.SH,2020-01-06,,True,False,False,True,
688082.SH,2021-11-18,,True,True,True,True,
688083.SH,2021-03-11,,True,False,False,True,
688084.SH,2022-12-08,,True,False,False,True,
688085.SH,2020-04-09,,True,False,False,True,
688086.SH,2020-02-26,2023-07-07,True,False,True,True,
688087.SH,2021-07-09,,True,False,False,True,
688088.SH,2019-07-22,,True,True,True,True,
688089.SH,2019-12-19,,True,False,False,True,
688090.SH,2020-02-17,,True,False,False,True,
688091.SH,2021-09-09,,True,False,False,True,
688092.SH,2021-03-19,,True,False,False,True,
688093.SH,2020-09-30,,True,False,False,True,
688095.SH,2020-09-08,,True,False,False,True,
688096.SH,2020-04-09,,True,False,False,True,
688097.SH,2021-05-12,,True,False,False,True,
688098.SH,2019-10-28,,True,False,False,True,
688099.SH,2019-08-08,,True,True,True,True,
688100.SH,2020-01-21,,True,True,True,True,
688101.SH,2019-11-15,,True,False,False,True,
688102.SH,2022-03-16,,True,False,False,True,
688103.SH,2021-09-10,,True,False,False,True,
688105.SH,2021-11-15,,True,True,True,True,
688106.SH,2020-06-16,,True,False,False,True,
688107.SH,2021-11-12,,True,True,True,True,
688108.SH,2019-10-30,,True,False,False,True,
688109.SH,2021-03-30,,True,False,False,True,
688110.SH,2021-12-10,,True,False,False,True,
688111.SH,2019-11-18,,True,False,False,True,
688112.SH,2021-12-01,,True,False,False,True,
688113.SH,2021-05-06,,True,False,False,True,
688114.SH,2022-09-09,,True,True,True,True,
688115.SH,2022-03-14,,True,False,False,True,
688116.SH,2019-09-25,,True,True,True,True,
688117.SH,2021-06-03,,True,False,False,True,
688118.SH,2019-12-04,,True,False,False,True,
688119.SH,2022-06-06,,True,False,False,True,
688120.SH,2022-06-08,,True,True,True,True,
688121.SH,2021-09-06,,True,False,False,True,
688122.SH,2019-07-22,,True,True,True,True,
688123.SH,2019-12-23,,True,False,False,True,
688125.SH,2022-04-15,,True,False,False,True,
688126.SH,2020-04-20,,True,False,False,True,
688127.SH,2020-09-21,,True,False,False,True,
688128.SH,2019-11-05,,True,False,False,True,
688129.SH,2020-10-23,,True,False,False,True,
688130.SH,2022-07-29,,True,False,False,True,
688131.SH,2021-06-08,,True,False,False,True,
688132.SH,2022-09-23,,True,False,False,True,
688133.SH,2020-10-30,,True,False,False,True,
688135.SH,2020-11-11,,True,False,False,True,
688136.SH,2020-12-14,,True,False,False,True,
688137.SH,2022-09-29,,True,False,False,True,
688138.SH,2019-11-20,,True,False,False,True,
688139.SH,2019-10-25,,True,False,False,True,
688141.SH,2022-12-23,,True,False,False,True,
688143.SH,2022-12-12,,True,False,False,True,
688146.SH,2023-04-21,,True,False,False,True,
688147.SH,2022-12-23,,True,False,False,True,
688148.SH,2021-08-06,,True,False,False,True,
688150.SH,2022-03-18,,True,False,False,True,
688151.SH,2021-12-06,,True,False,False,True,
688152.SH,2022-10-28,,True,False,False,True,
688153.SH,2022-04-12,,True,True,True,True,
688155.SH,2020-08-11,,True,False,False,True,
688156.SH,2020-09-22,,True,False,False,True,
688157.SH,2020-06-09,,True,False,False,True,
688158.SH,2020-01-20,,True,False,False,True,
688159.SH,2020-01-23,,True,False,False,True,
688160.SH,2020-11-12,,True,False,False,True,
688161.SH,2021-06-30,,True,False,False,True,
688162.SH,2021-11-10,,True,False,False,True,
688163.SH,2022-03-11,,True,False,False,True,
688165.SH,2020-07-15,,True,False,False,True,
688166.SH,2019-11-08,,True,True,True,True,
688167.SH,2021-12-24,,True,False,False,True,
688168.SH,2019-09-06,,True,False,False,True,
688169.SH,2020-02-21,,True,True,True,True,
688170.SH,2022-04-29,,True,False,False,True,
688171.SH,2022-01-27,,True,False,False,True,
688172.SH,2022-12-16,,True,True,True,True,
688173.SH,2022-01-21,,True,False,False,True,
688175.SH,2022-03-15,,True,False,False,True,
688176.SH,2022-01-07,,True,False,False,True,
688177.SH,2020-02-21,,True,False,False,True,
688178.SH,2020-01-14,,True,False,False,True,
688179.SH,2020-10-26,,True,False,False,True,
688180.SH,2020-07-15,,True,True,True,True,
688181.SH,2020-01-06,,True,False,False,True,
688182.SH,2021-11-16,,True,False,False,True,
688183.SH,2021-02-25,,True,True,True,True,
688184.SH,2022-09-19,,True,False,False,True,
688185.SH,2020-08-13,,True,True,True,True,
688186.SH,2020-02-11,,True,False,False,True,
688187.SH,2021-09-07,,True,True,True,True,
688188.SH,2019-08-08,,True,True,True,True,
688189.SH,2020-03-26,,True,False,False,True,
688190.SH,2021-11-26,,True,False,False,True,
688191.SH,2021-04-08,,True,False,False,True,
688192.SH,2021-12-10,,True,True,True,True,
688193.SH,2022-03-30,,True,False,False,True,
688195.SH,2021-03-26,,True,False,False,True,
688196.SH,2019-11-21,,True,False,False,True,
688197.SH,2022-03-23,,True,False,False,True,
688198.SH,2019-12-09,,True,False,False,True,
688199.SH,2019-11-05,,True,False,False,True,
688200.SH,2020-02-18,,True,True,True,True,
688201.SH,2021-04-21,,True,False,False,True,
688202.SH,2019-11-05,,True,False,False,True,
688203.SH,2022-08-16,,True,False,False,True,
688205.SH,2022-08-09,,True,False,False,True,
688206.SH,2021-12-28,,True,False,False,True,
688207.SH,2022-03-17,,True,False,False,True,
688208.SH,2020-02-13,,True,True,True,True,
688209.SH,2022-04-19,,True,False,False,True,
688210.SH,2021-12-27,,True,False,False,True,
688211.SH,2021-10-26,,True,False,False,True,
688212.SH,2021-11-15,,True,False,False,True,
688213.SH,2022-05-20,,True,True,True,True,
688215.SH,2020-08-28,,True,False,False,True,
688216.SH,2021-06-23,,True,False,False,True,
688217.SH,2021-05-17,,True,False,False,True,
688218.SH,2019-12-11,,True,False,False,True,
688219.SH,2020-11-18,,True,False,False,True,
688220.SH,2022-01-14,,True,True,True,True,
688221.SH,2020-10-28,,True,False,False,True,
688222.SH,2020-04-16,,True,False,False,True,
688223.SH,2022-01-26,,True,False,False,True,
688225.SH,2022-02-09,,True,False,False,True,
688226.SH,2021-07-07,,True,False,False,True,
688227.SH,2021-12-30,,True,False,False,True,
688228.SH,2020-03-27,,True,False,False,True,
688229.SH,2020-08-17,,True,False,False,True,
688230.SH,2021-12-01,,True,False,False,True,
688231.SH,2022-07-22,,True,False,False,True,
688232.SH,2021-11-17,,True,False,False,True,
688233.SH,2020-02-21,,True,False,False,True,
688234.SH,2022-01-12,,True,True,True,True,
688235.SH,2021-12-15,,True,True,True,True,
688236.SH,2021-12-30,,True,False,False,True,
688237.SH,2022-07-01,,True,False,False,True,
688238.SH,2022-03-22,,True,False,False,True,
688239.SH,2021-07-05,,True,False,False,True,
688244.SH,2022-10-19,,True,False,False,True,
688246.SH,2021-12-14,,True,False,False,True,
688247.SH,2022-08-25,,True,False,False,True,
688248.SH,2021-12-22,,True,True,True,True,
688249.SH,2023-05-05,,True,True,True,True,
688251.SH,2022-06-06,,True,False,False,True,
688252.SH,2022-09-27,,True,False,False,True,
688253.SH,2022-07-28,,True,False,False,True,
688255.SH,2021-10-25,,True,False,False,True,
688256.SH,2020-07-20,,True,True,True,True,
688257.SH,2021-10-27,,True,False,False,True,
688258.SH,2019-12-09,,True,False,False,True,
688259.SH,2022-01-12,,True,False,False,True,
688260.SH,2021-04-06,,True,False,False,True,
688261.SH,2022-02-10,,True,False,False,True,
688262.SH,2022-01-06,,True,False,False,True,
688265.SH,2021-12-28,,True,False,False,True,
688266.SH,2020-01-23,,True,True,True,True,
688267.SH,2022-02-16,,True,False,False,True,
688268.SH,2019-12-26,,True,False,False,True,
688269.SH,2021-06-09,,True,False,False,True,
688270.SH,2022-01-27,,True,False,False,True,
688271.SH,2022-08-22,,True,False,False,True,
688272.SH,2021-10-18,,True,False,False,True,
688273.SH,2022-08-11,,True,False,False,True,
688275.SH,2022-09-29,,True,False,False,True,
688276.SH,2021-06-25,,True,True,True,True,
688277.SH,2020-07-07,,True,False,False,True,
688278.SH,2020-01-17,,True,True,True,True,
688279.SH,2022-04-20,,True,False,False,True,
688280.SH,2021-10-27,,True,False,False,True,
688281.SH,2022-03-07,,True,True,True,True,
688282.SH,2022-03-18,,True,False,False,True,
688283.SH,2022-02-15,,True,False,False,True,
688285.SH,2021-10-20,,True,False,False,True,
688286.SH,2020-08-10,,True,False,False,True,
688287.SH,2022-05-25,2026-06-10,True,False,True,True,
688288.SH,2019-11-06,,True,False,False,True,
688289.SH,2020-08-28,,True,True,True,True,
688290.SH,2022-04-29,,True,False,False,True,
688291.SH,2022-10-26,,True,False,False,True,
688292.SH,2022-08-18,,True,False,False,True,
688293.SH,2022-09-02,,True,False,False,True,
688295.SH,2022-04-06,,True,True,True,True,
688296.SH,2021-07-27,,True,False,False,True,
688297.SH,2022-06-29,,True,True,True,True,
688298.SH,2020-02-05,,True,False,False,True,
688299.SH,2019-11-06,,True,False,False,True,
688300.SH,2019-11-15,,True,False,False,True,
688301.SH,2020-09-18,,True,True,True,True,
688302.SH,2022-04-12,,True,False,False,True,
688303.SH,2021-07-22,,True,False,False,True,
688305.SH,2021-07-09,,True,False,False,True,
688306.SH,2022-03-22,,True,False,False,True,
688307.SH,2023-02-16,,True,False,False,True,
688308.SH,2020-12-10,,True,False,False,True,
688309.SH,2020-07-14,,True,False,False,True,
688310.SH,2019-12-03,,True,False,False,True,
688311.SH,2020-07-31,,True,False,False,True,
688312.SH,2020-06-08,,True,False,False,True,
688313.SH,2020-08-12,,True,True,True,True,
688314.SH,2021-05-18,,True,False,False,True,
688315.SH,2021-04-13,,True,False,False,True,
688316.SH,2021-03-16,,True,False,False,True,
688317.SH,2021-01-18,,True,False,False,True,
688318.SH,2020-04-27,,True,True,True,True,
688319.SH,2021-06-08,,True,False,False,True,
688320.SH,2022-04-28,,True,False,False,True,
688321.SH,2019-08-12,,True,True,True,True,
688322.SH,2022-07-07,,True,True,True,True,
688323.SH,2021-04-28,,True,False,False,True,
688325.SH,2022-04-22,,True,False,False,True,
688326.SH,2022-04-19,,True,False,False,True,
688327.SH,2022-05-27,,True,False,False,True,
688328.SH,2021-03-09,,True,False,False,True,
688329.SH,2021-03-29,,True,False,False,True,
688330.SH,2020-10-15,,True,False,False,True,
688331.SH,2022-03-31,,True,True,True,True,
688332.SH,2022-07-15,,True,False,False,True,
688333.SH,2019-07-22,,True,False,False,True,
688334.SH,2023-06-19,,True,False,False,True,
688335.SH,2020-08-17,,True,False,False,True,
688336.SH,2020-07-22,,True,True,True,True,
688337.SH,2022-04-08,,True,False,False,True,
688338.SH,2020-08-06,,True,False,False,True,
688339.SH,2020-08-10,,True,False,False,True,
688343.SH,2023-04-04,,True,True,True,True,
688345.SH,2021-06-11,,True,False,False,True,
688347.SH,2023-08-07,,True,True,True,True,
688348.SH,2022-06-08,,True,True,True,True,
688349.SH,2022-06-22,,True,True,True,True,
688350.SH,2021-01-28,,True,False,False,True,
688351.SH,2022-08-31,,True,False,False,True,
688352.SH,2023-04-20,,True,False,False,True,
688353.SH,2022-07-13,,True,False,False,True,
688355.SH,2021-05-12,,True,False,False,True,
688356.SH,2020-08-26,,True,False,False,True,
688357.SH,2019-12-04,,True,False,False,True,
688358.SH,2019-12-03,,True,False,False,True,
688359.SH,2021-05-21,,True,False,False,True,
688360.SH,2020-06-02,,True,False,False,True,
688361.SH,2023-05-19,,True,True,True,True,
688362.SH,2022-11-16,,True,False,False,True,
688363.SH,2019-11-06,,True,True,True,True,
688365.SH,2020-04-29,,True,False,False,True,
688366.SH,2019-10-30,,True,False,False,True,
688367.SH,2021-06-28,,True,False,False,True,
688368.SH,2019-10-14,,True,False,False,True,
688369.SH,2019-10-31,,True,False,False,True,
688370.SH,2022-08-25,,True,False,False,True,
688371.SH,2022-08-02,,True,False,False,True,
688372.SH,2022-10-26,,True,False,False,True,
688373.SH,2022-08-05,,True,False,False,True,
688375.SH,2022-07-22,,True,True,True,True,
688376.SH,2022-11-18,,True,False,False,True,
688377.SH,2020-07-08,,True,False,False,True,
688378.SH,2020-09-03,,True,False,False,True,
688379.SH,2020-08-19,,True,False,False,True,
688380.SH,2022-08-05,,True,False,False,True,
688381.SH,2022-08-23,,True,False,False,True,
688382.SH,2022-07-25,,True,False,False,True,
688383.SH,2021-04-28,,True,False,False,True,
688385.SH,2021-08-04,,True,True,True,True,
688386.SH,2020-10-16,,True,False,False,True,
688387.SH,2022-09-26,,True,True,True,True,
688388.SH,2019-07-22,,True,False,False,True,
688389.SH,2019-11-05,,True,False,False,True,
688390.SH,2020-09-04,,True,True,True,True,
688391.SH,2022-09-13,,True,False,False,True,
688392.SH,2022-09-27,,True,False,False,True,
688393.SH,2020-08-20,,True,False,False,True,
688395.SH,2021-04-29,,True,False,False,True,
688396.SH,2020-02-27,,True,False,False,True,
688398.SH,2020-02-11,,True,False,False,True,
688399.SH,2019-12-05,,True,False,False,True,
688400.SH,2022-07-06,,True,False,False,True,
688401.SH,2022-08-17,,True,False,False,True,
688403.SH,2022-08-18,,True,False,False,True,
688408.SH,2020-08-28,,True,False,False,True,
688409.SH,2022-10-10,,True,False,False,True,
688410.SH,2022-12-26,,True,False,False,True,
688411.SH,2025-01-27,,True,True,True,True,
688416.SH,2022-08-29,,True,False,False,True,
688418.SH,2020-07-22,,True,False,False,True,
688419.SH,2022-11-07,,True,False,False,True,
688420.SH,2022-12-09,,True,False,False,True,
688425.SH,2021-06-22,,True,True,True,True,
688426.SH,2022-10-25,,True,False,False,True,
688428.SH,2022-09-21,,True,False,False,True,
688429.SH,2023-06-29,,True,False,False,True,
688432.SH,2022-11-10,,True,False,False,True,
688433.SH,2023-04-17,,True,False,False,True,
688435.SH,2023-01-19,,True,False,False,True,
688439.SH,2022-08-26,,True,False,False,True,
688443.SH,2023-06-20,,True,False,False,True,
688448.SH,2022-09-21,,True,False,False,True,
688449.SH,2024-11-29,,True,False,False,True,
688450.SH,2023-07-24,,True,False,False,True,
688455.SH,2022-09-15,,True,False,False,True,
688456.SH,2021-03-17,,True,False,False,True,
688458.SH,2023-05-22,,True,False,False,True,
688459.SH,2022-10-12,,True,False,False,True,
688466.SH,2020-05-08,,True,False,False,True,
688468.SH,2021-04-09,,True,False,False,True,
688469.SH,2023-05-10,,True,True,True,True,
688472.SH,2023-06-09,,True,False,False,True,
688475.SH,2022-12-28,,True,True,True,True,
688478.SH,2023-04-24,,True,False,False,True,
688479.SH,2023-05-11,,True,False,False,True,
688480.SH,2022-11-25,,True,False,False,True,
688484.SH,2023-04-07,,True,False,False,True,
688485.SH,2023-01-18,,True,False,False,True,
688486.SH,2023-02-21,,True,False,False,True,
688488.SH,2020-07-20,,True,False,False,True,
688489.SH,2022-12-02,,True,False,False,True,
688496.SH,2022-12-28,,True,False,False,True,
688498.SH,2022-12-21,,True,True,True,True,
688499.SH,2021-07-01,,True,False,False,True,
688500.SH,2020-07-16,,True,False,False,True,
688501.SH,2021-07-16,,True,False,False,True,
688502.SH,2023-03-09,,True,False,False,True,
688503.SH,2022-12-09,,True,False,False,True,
688505.SH,2020-06-19,,True,False,False,True,
688506.SH,2023-01-06,,True,False,False,True,
688507.SH,2023-04-18,,True,False,False,True,
688508.SH,2020-07-22,,True,False,False,True,
688509.SH,2021-07-30,,True,False,False,True,
688510.SH,2020-12-16,,True,False,False,True,
688511.SH,2021-07-30,,True,False,False,True,
688512.SH,2023-05-16,,True,False,False,True,
688513.SH,2020-09-02,,True,False,False,True,
688515.SH,2023-02-10,,True,False,False,True,
688516.SH,2020-05-21,,True,True,True,True,
688517.SH,2021-06-18,,True,False,False,True,
688518.SH,2020-06-22,,True,False,False,True,
688519.SH,2020-08-18,,True,False,False,True,
688520.SH,2020-06-22,,True,True,True,True,
688521.SH,2020-08-18,,True,True,True,True,
688522.SH,2023-03-01,,True,False,False,True,
688523.SH,2023-06-02,,True,False,False,True,
688525.SH,2022-12-30,,True,True,True,True,
688526.SH,2020-09-22,,True,False,False,True,
688528.SH,2020-07-01,,True,False,False,True,
688529.SH,2020-11-09,,True,False,False,True,
688530.SH,2024-05-09,,True,False,False,True,
688531.SH,2023-03-31,,True,False,False,True,
688533.SH,2021-04-19,,True,False,False,True,
688535.SH,2023-04-04,,True,False,False,True,
688536.SH,2020-09-21,,True,True,True,True,
688538.SH,2021-05-28,,True,True,True,True,
688539.SH,2023-04-18,,True,False,False,True,
688543.SH,2023-06-21,,True,False,False,True,
688545.SH,2025-01-22,,True,False,False,True,
688548.SH,2023-08-15,,True,False,False,True,
688549.SH,2023-09-08,,True,False,False,True,
688550.SH,2020-09-02,,True,False,False,True,
688551.SH,2020-09-10,,True,False,False,True,
688552.SH,2023-05-18,,True,False,False,True,
688553.SH,2021-10-26,,True,False,False,True,
688555.SH,2020-06-23,2023-07-07,True,False,True,True,
688556.SH,2020-08-07,,True,False,False,True,
688557.SH,2020-12-02,,True,False,False,True,
688558.SH,2020-06-30,,True,False,False,True,
688559.SH,2020-09-09,,True,False,False,True,
688560.SH,2020-12-24,,True,False,False,True,
688561.SH,2020-07-22,,True,True,True,True,
688562.SH,2023-05-24,,True,False,False,True,
688563.SH,2023-07-19,,True,True,True,True,
688565.SH,2021-05-13,,True,False,False,True,
688566.SH,2020-05-18,,True,False,False,True,
688567.SH,2020-07-17,,True,True,True,True,
688568.SH,2020-07-08,,True,True,True,True,
688569.SH,2020-08-31,,True,False,False,True,
688570.SH,2023-06-05,,True,False,False,True,
688571.SH,2020-12-11,,True,False,False,True,
688573.SH,2023-08-17,,True,False,False,True,
688575.SH,2021-05-17,,True,False,False,True,
688576.SH,2023-06-06,,True,False,False,True,
688577.SH,2020-09-16,,True,False,False,True,
688578.SH,2020-12-02,,True,True,True,True,
688579.SH,2020-07-17,,True,False,False,True,
688580.SH,2020-07-21,,True,False,False,True,
688581.SH,2023-05-19,,True,False,False,True,
688582.SH,2023-06-30,,True,True,True,True,
688583.SH,2025-01-15,,True,False,False,True,
688584.SH,2024-02-08,,True,False,False,True,
688585.SH,2020-09-28,,True,False,False,True,
688586.SH,2020-07-31,,True,False,False,True,
688588.SH,2020-05-11,,True,False,False,True,
688589.SH,2020-07-22,,True,False,False,True,
688590.SH,2020-12-07,,True,False,False,True,
688591.SH,2023-08-25,,True,False,False,True,
688592.SH,2023-08-16,,True,False,False,True,
688593.SH,2023-06-01,,True,False,False,True,
688595.SH,2020-09-28,,True,False,False,True,
688596.SH,2020-08-20,,True,False,False,True,
688597.SH,2021-06-17,,True,False,False,True,
688598.SH,2020-05-18,,True,False,False,True,
688599.SH,2020-06-10,,True,True,True,True,
688600.SH,2020-07-03,,True,False,False,True,
688601.SH,2021-06-28,,True,False,False,True,
688602.SH,2023-07-20,,True,False,False,True,
688603.SH,2023-07-10,,True,False,False,True,
688605.SH,2024-12-12,,True,False,False,True,
688606.SH,2021-03-25,,True,False,False,True,
688607.SH,2021-02-01,,True,False,False,True,
688608.SH,2020-12-16,,True,True,True,True,
688609.SH,2021-03-23,,True,False,False,True,
688610.SH,2023-07-19,,True,False,False,True,
688611.SH,2021-04-12,,True,False,False,True,
688612.SH,2023-07-26,,True,False,False,True,
688613.SH,2021-05-21,,True,False,False,True,
688615.SH,2024-09-26,,True,True,True,True,
688616.SH,2021-03-18,,True,False,False,True,
688617.SH,2021-01-07,,True,True,True,True,
688618.SH,2020-12-30,,True,False,False,True,
688619.SH,2021-02-23,,True,False,False,True,
688620.SH,2023-06-27,,True,False,False,True,
688621.SH,2021-06-21,,True,False,False,True,
688622.SH,2021-09-13,,True,False,False,True,
688623.SH,2023-06-08,,True,False,False,True,
688625.SH,2021-06-07,,True,False,False,True,
688626.SH,2021-03-31,,True,False,False,True,
688627.SH,2023-07-18,,True,False,False,True,
688628.SH,2021-02-01,,True,False,False,True,
688629.SH,2023-06-27,,True,True,True,True,
688630.SH,2021-04-01,,True,False,False,True,
688631.SH,2023-06-28,,True,False,False,True,
688633.SH,2021-03-24,,True,False,False,True,
688635.SH,2026-05-27,,True,False,False,True,
688636.SH,2021-04-08,,True,False,False,True,
688638.SH,2023-07-12,,True,False,False,True,
688639.SH,2021-04-22,,True,False,False,True,
688646.SH,2023-07-28,,True,False,False,True,
688648.SH,2023-11-13,,True,False,False,True,
688651.SH,2023-07-26,,True,False,False,True,
688652.SH,2023-11-29,,True,False,False,True,
688653.SH,2023-11-17,,True,False,False,True,
688655.SH,2021-05-11,,True,False,False,True,
688656.SH,2021-01-13,,True,False,False,True,
688657.SH,2023-10-10,,True,False,False,True,
688658.SH,2020-12-24,,True,False,False,True,
688659.SH,2021-03-31,,True,False,False,True,
688660.SH,2021-05-19,,True,False,False,True,
688661.SH,2021-03-29,,True,False,False,True,
688662.SH,2021-04-01,,True,False,False,True,
688663.SH,2021-04-13,,True,False,False,True,
688665.SH,2021-02-09,,True,False,False,True,
688667.SH,2021-03-12,,True,False,False,True,
688668.SH,2020-12-21,,True,False,False,True,
688669.SH,2021-01-25,,True,False,False,True,
688670.SH,2021-08-02,,True,False,False,True,
688671.SH,2023-08-09,,True,False,False,True,
688676.SH,2021-03-09,,True,True,True,True,
688677.SH,2021-02-26,,True,False,False,True,
688678.SH,2020-12-23,,True,False,False,True,
688679.SH,2020-12-25,,True,False,False,True,
688680.SH,2021-01-22,,True,False,False,True,
688681.SH,2021-06-16,,True,False,False,True,
688682.SH,2021-04-20,,True,False,False,True,
688683.SH,2021-04-12,,True,False,False,True,
688685.SH,2021-05-13,,True,False,False,True,
688686.SH,2020-12-31,,True,False,False,True,
688687.SH,2021-02-08,,True,False,False,True,
688689.SH,2021-01-27,,True,False,False,True,
688690.SH,2021-06-23,,True,True,True,True,
688691.SH,2024-04-11,,True,False,False,True,
688692.SH,2024-06-12,,True,True,True,True,
688693.SH,2023-08-18,,True,False,False,True,
688695.SH,2024-03-13,,True,False,False,True,
688696.SH,2021-03-03,,True,False,False,True,
688697.SH,2021-09-17,,True,False,False,True,
688698.SH,2020-12-29,,True,False,False,True,
688699.SH,2020-12-18,,True,False,False,True,
688700.SH,2021-06-15,,True,False,False,True,
688701.SH,2021-09-16,,True,False,False,True,
688702.SH,2023-09-14,,True,True,True,True,
688707.SH,2021-09-14,,True,False,False,True,
688708.SH,2024-12-05,,True,True,True,True,
688709.SH,2024-02-07,,True,True,True,True,
688710.SH,2024-09-03,,True,False,False,True,
688711.SH,2021-09-01,,True,False,False,True,
688712.SH,2026-02-05,,True,False,False,True,
688716.SH,2023-09-20,,True,False,False,True,
688717.SH,2024-01-03,,True,False,False,True,
688718.SH,2021-07-28,,True,False,False,True,
688719.SH,2023-09-28,,True,False,False,True,
688720.SH,2023-12-06,,True,False,False,True,
688721.SH,2024-08-06,,True,False,False,True,
688722.SH,2021-10-19,,True,False,False,True,
688726.SH,2024-10-29,,True,False,False,True,
688727.SH,2025-11-18,,True,False,False,True,
688728.SH,2021-08-18,,True,True,True,True,
688729.SH,2025-07-08,,True,False,False,True,
688733.SH,2021-08-17,,True,False,False,True,
688737.SH,2021-10-22,,True,False,False,True,
688739.SH,2021-10-28,,True,False,False,True,
688750.SH,2024-11-20,,True,False,False,True,
688755.SH,2025-05-16,,True,False,False,True,
688757.SH,2025-03-25,,True,False,False,True,
688758.SH,2025-01-10,,True,False,False,True,
688759.SH,2025-10-28,,True,False,False,True,
688765.SH,2025-10-28,,True,False,False,True,
688766.SH,2021-08-23,,True,False,False,True,
688767.SH,2021-09-08,,True,False,False,True,
688768.SH,2021-07-26,,True,False,False,True,
688772.SH,2021-10-15,,True,True,True,True,
688775.SH,2025-06-11,,True,False,False,True,
688776.SH,2021-08-31,,True,False,False,True,
688777.SH,2020-11-24,,True,True,True,True,
688778.SH,2021-08-05,,True,True,True,True,
688779.SH,2021-08-11,,True,True,True,True,
688781.SH,2026-03-25,,True,False,False,True,
688783.SH,2025-10-28,,True,False,False,True,
688785.SH,2026-01-28,,True,False,False,True,
688786.SH,2021-08-26,,True,False,False,True,
688787.SH,2021-08-13,,True,False,False,True,
688788.SH,2020-10-22,,True,False,False,True,
688789.SH,2021-07-08,,True,False,False,True,
688790.SH,2025-12-16,,True,False,False,True,
688793.SH,2021-07-15,,True,False,False,True,
688795.SH,2025-12-05,,True,False,False,True,
688796.SH,2025-12-10,,True,False,False,True,
688797.SH,2026-06-24,,True,False,False,True,
688798.SH,2021-08-16,,True,False,False,True,
688799.SH,2021-07-13,,True,False,False,True,
688800.SH,2021-07-22,,True,False,False,True,
688802.SH,2025-12-17,,True,False,False,True,
688805.SH,2025-12-24,,True,False,False,True,
688807.SH,2025-12-19,,True,False,False,True,
688808.SH,2026-04-24,,True,False,False,True,
688809.SH,2025-12-30,,True,False,False,True,
688811.SH,2026-04-10,,True,False,False,True,
688813.SH,2026-03-31,,True,False,False,True,
688816.SH,2026-02-11,,True,False,False,True,
688818.SH,2026-02-10,,True,False,False,True,
688819.SH,2021-01-18,,True,True,True,True,
688820.SH,2026-04-21,,True,False,False,True,
688981.SH,2020-07-16,,True,False,False,True,
689009.SH,2020-10-29,,True,True,True,True,
