trade_date,active_member_count,suspended_member_count,daily_bar_coverage,daily_basic_coverage,industry_coverage,limit_price_coverage,minimum_coverage,passed,issue
2015-01-05,500,35,1.0,1.0,0.982,1.0,0.982,True,
2015-01-06,500,32,1.0,1.0,0.982,1.0,0.982,True,
2015-01-07,500,34,1.0,1.0,0.982,1.0,0.982,True,
2015-01-08,500,33,1.0,1.0,0.982,1.0,0.982,True,
2015-01-09,500,34,1.0,1.0,0.982,1.0,0.982,True,
2015-01-12,500,36,1.0,1.0,0.982,1.0,0.982,True,
2015-01-13,500,36,1.0,1.0,0.982,1.0,0.982,True,
2015-01-14,500,34,1.0,1.0,0.982,1.0,0.982,True,
2015-01-15,500,36,1.0,1.0,0.982,1.0,0.982,True,
2015-01-16,500,33,1.0,1.0,0.982,1.0,0.982,True,
2015-01-19,500,36,1.0,1.0,0.982,1.0,0.982,True,
2015-01-20,500,36,1.0,1.0,0.982,1.0,0.982,True,
2015-01-21,500,36,1.0,1.0,0.982,1.0,0.982,True,
2015-01-22,500,36,1.0,1.0,0.982,1.0,0.982,True,
2015-01-23,500,36,1.0,1.0,0.982,1.0,0.982,True,
2015-01-26,500,34,1.0,1.0,0.982,1.0,0.982,True,
2015-01-27,500,33,1.0,1.0,0.982,1.0,0.982,True,
2015-01-28,500,36,1.0,1.0,0.982,1.0,0.982,True,
2015-01-29,500,31,1.0,1.0,0.982,1.0,0.982,True,
2015-01-30,500,31,1.0,1.0,0.982,1.0,0.982,True,
2015-02-02,500,31,1.0,1.0,0.982,1.0,0.982,True,
2015-02-03,500,32,1.0,1.0,0.982,1.0,0.982,True,
2015-02-04,500,33,1.0,1.0,0.982,1.0,0.982,True,
2015-02-05,500,35,1.0,1.0,0.982,1.0,0.982,True,
2015-02-06,500,34,1.0,1.0,0.982,1.0,0.982,True,
2015-02-09,500,35,1.0,1.0,0.982,1.0,0.982,True,
2015-02-10,500,36,1.0,1.0,0.982,1.0,0.982,True,
2015-02-11,500,37,1.0,1.0,0.982,1.0,0.982,True,
2015-02-12,500,37,1.0,1.0,0.982,1.0,0.982,True,
2015-02-13,500,37,1.0,1.0,0.982,1.0,0.982,True,
2015-02-16,500,38,1.0,1.0,0.982,1.0,0.982,True,
2015-02-17,500,34,1.0,1.0,0.982,1.0,0.982,True,
2015-02-25,500,32,1.0,1.0,0.982,1.0,0.982,True,
2015-02-26,500,32,1.0,1.0,0.982,1.0,0.982,True,
2015-02-27,500,32,1.0,1.0,0.982,1.0,0.982,True,
2015-03-02,500,34,1.0,1.0,0.982,1.0,0.982,True,
2015-03-03,500,34,1.0,1.0,0.982,1.0,0.982,True,
2015-03-04,500,35,1.0,1.0,0.982,1.0,0.982,True,
2015-03-05,500,38,1.0,1.0,0.982,1.0,0.982,True,
2015-03-06,500,38,1.0,1.0,0.982,1.0,0.982,True,
2015-03-09,500,38,1.0,1.0,0.982,1.0,0.982,True,
2015-03-10,500,36,1.0,1.0,0.982,1.0,0.982,True,
2015-03-11,500,35,1.0,1.0,0.982,1.0,0.982,True,
2015-03-12,500,39,1.0,1.0,0.982,1.0,0.982,True,
2015-03-13,500,39,1.0,1.0,0.982,1.0,0.982,True,
2015-03-16,500,39,1.0,1.0,0.982,1.0,0.982,True,
2015-03-17,500,38,1.0,1.0,0.982,1.0,0.982,True,
2015-03-18,500,36,1.0,1.0,0.982,1.0,0.982,True,
2015-03-19,500,40,1.0,1.0,0.982,1.0,0.982,True,
2015-03-20,500,42,1.0,1.0,0.982,1.0,0.982,True,
2015-03-23,500,42,1.0,1.0,0.982,1.0,0.982,True,
2015-03-24,500,42,1.0,1.0,0.982,1.0,0.982,True,
2015-03-25,500,43,1.0,1.0,0.982,1.0,0.982,True,
2015-03-26,500,44,1.0,1.0,0.982,1.0,0.982,True,
2015-03-27,500,47,1.0,1.0,0.982,1.0,0.982,True,
2015-03-30,500,49,1.0,1.0,0.982,1.0,0.982,True,
2015-03-31,500,48,1.0,1.0,0.982,1.0,0.982,True,
2015-04-01,500,47,1.0,1.0,0.982,1.0,0.982,True,
2015-04-02,500,44,1.0,1.0,0.982,1.0,0.982,True,
2015-04-03,500,41,1.0,1.0,0.982,1.0,0.982,True,
2015-04-07,500,44,1.0,1.0,0.982,1.0,0.982,True,
2015-04-08,500,45,1.0,1.0,0.982,1.0,0.982,True,
2015-04-09,500,46,1.0,1.0,0.982,1.0,0.982,True,
2015-04-10,500,46,1.0,1.0,0.982,1.0,0.982,True,
2015-04-13,500,49,1.0,1.0,0.982,1.0,0.982,True,
2015-04-14,500,51,1.0,1.0,0.982,1.0,0.982,True,
2015-04-15,500,51,1.0,1.0,0.982,1.0,0.982,True,
2015-04-16,500,50,1.0,1.0,0.982,1.0,0.982,True,
2015-04-17,500,50,1.0,1.0,0.982,1.0,0.982,True,
2015-04-20,500,47,1.0,1.0,0.982,1.0,0.982,True,
2015-04-21,500,45,1.0,1.0,0.982,1.0,0.982,True,
2015-04-22,500,44,1.0,1.0,0.982,1.0,0.982,True,
2015-04-23,500,44,1.0,1.0,0.982,1.0,0.982,True,
2015-04-24,500,45,1.0,1.0,0.982,1.0,0.982,True,
2015-04-27,500,47,1.0,1.0,0.982,1.0,0.982,True,
2015-04-28,500,46,1.0,1.0,0.982,1.0,0.982,True,
2015-04-29,500,41,1.0,1.0,0.982,1.0,0.982,True,
2015-04-30,500,43,1.0,1.0,0.982,1.0,0.982,True,
2015-05-04,500,45,1.0,1.0,0.982,1.0,0.982,True,
2015-05-05,500,49,1.0,1.0,0.982,1.0,0.982,True,
2015-05-06,500,47,1.0,1.0,0.982,1.0,0.982,True,
2015-05-07,500,45,1.0,1.0,0.982,1.0,0.982,True,
2015-05-08,500,45,1.0,1.0,0.982,1.0,0.982,True,
2015-05-11,500,44,1.0,1.0,0.982,1.0,0.982,True,
2015-05-12,500,41,1.0,1.0,0.982,1.0,0.982,True,
2015-05-13,500,43,1.0,1.0,0.982,1.0,0.982,True,
2015-05-14,500,44,1.0,1.0,0.982,1.0,0.982,True,
2015-05-15,500,44,1.0,1.0,0.982,1.0,0.982,True,
2015-05-18,500,45,1.0,1.0,0.982,1.0,0.982,True,
2015-05-19,500,49,1.0,1.0,0.982,1.0,0.982,True,
2015-05-20,500,49,1.0,1.0,0.982,1.0,0.982,True,
2015-05-21,500,46,1.0,1.0,0.982,1.0,0.982,True,
2015-05-22,500,53,1.0,1.0,0.982,1.0,0.982,True,
2015-05-25,500,58,1.0,1.0,0.982,1.0,0.982,True,
2015-05-26,500,56,1.0,1.0,0.982,1.0,0.982,True,
2015-05-27,500,56,1.0,1.0,0.982,1.0,0.982,True,
2015-05-28,500,63,1.0,1.0,0.982,1.0,0.982,True,
2015-05-29,500,64,1.0,1.0,0.982,1.0,0.982,True,
2015-06-01,500,63,1.0,1.0,0.982,1.0,0.982,True,
2015-06-02,500,66,1.0,1.0,0.982,1.0,0.982,True,
2015-06-03,500,62,1.0,1.0,0.982,1.0,0.982,True,
2015-06-04,500,60,1.0,1.0,0.982,1.0,0.982,True,
2015-06-05,500,62,1.0,1.0,0.982,1.0,0.982,True,
2015-06-08,500,63,1.0,1.0,0.982,1.0,0.982,True,
2015-06-09,500,58,1.0,1.0,0.982,1.0,0.982,True,
2015-06-10,500,62,1.0,1.0,0.982,1.0,0.982,True,
2015-06-11,500,60,1.0,1.0,0.982,1.0,0.982,True,
2015-06-12,500,62,1.0,1.0,0.982,1.0,0.982,True,
2015-06-15,500,57,1.0,1.0,0.984,1.0,0.984,True,
2015-06-16,500,56,1.0,1.0,0.984,1.0,0.984,True,
2015-06-17,500,55,1.0,1.0,0.984,1.0,0.984,True,
2015-06-18,500,61,1.0,1.0,0.984,1.0,0.984,True,
2015-06-19,500,62,1.0,1.0,0.984,1.0,0.984,True,
2015-06-23,500,59,1.0,1.0,0.984,1.0,0.984,True,
2015-06-24,500,57,1.0,1.0,0.984,1.0,0.984,True,
2015-06-25,500,60,1.0,1.0,0.984,1.0,0.984,True,
2015-06-26,500,57,1.0,1.0,0.984,1.0,0.984,True,
2015-06-29,500,62,1.0,1.0,0.984,1.0,0.984,True,
2015-06-30,500,70,1.0,1.0,0.984,1.0,0.984,True,
2015-07-01,500,70,1.0,1.0,0.984,1.0,0.984,True,
2015-07-02,500,69,1.0,1.0,0.984,1.0,0.984,True,
2015-07-03,500,85,1.0,1.0,0.984,1.0,0.984,True,
2015-07-06,500,98,1.0,1.0,0.984,1.0,0.984,True,
2015-07-07,500,125,1.0,1.0,0.984,1.0,0.984,True,
2015-07-08,500,226,1.0,1.0,0.984,1.0,0.984,True,
2015-07-09,500,231,1.0,1.0,0.984,1.0,0.984,True,
2015-07-10,500,213,1.0,1.0,0.984,1.0,0.984,True,
2015-07-13,500,153,1.0,1.0,0.984,1.0,0.984,True,
2015-07-14,500,124,1.0,1.0,0.984,1.0,0.984,True,
2015-07-15,500,109,1.0,1.0,0.984,1.0,0.984,True,
2015-07-16,500,105,1.0,1.0,0.984,1.0,0.984,True,
2015-07-17,500,102,1.0,1.0,0.984,1.0,0.984,True,
2015-07-20,500,89,1.0,1.0,0.984,1.0,0.984,True,
2015-07-21,500,82,1.0,1.0,0.984,1.0,0.984,True,
2015-07-22,500,79,1.0,1.0,0.984,1.0,0.984,True,
2015-07-23,500,77,1.0,1.0,0.984,1.0,0.984,True,
2015-07-24,500,73,1.0,1.0,0.984,1.0,0.984,True,
2015-07-27,500,73,1.0,1.0,0.984,1.0,0.984,True,
2015-07-28,500,74,1.0,1.0,0.984,1.0,0.984,True,
2015-07-29,500,76,1.0,1.0,0.984,1.0,0.984,True,
2015-07-30,500,78,1.0,1.0,0.984,1.0,0.984,True,
2015-07-31,500,76,1.0,1.0,0.984,1.0,0.984,True,
2015-08-03,500,78,1.0,1.0,0.984,1.0,0.984,True,
2015-08-04,500,79,1.0,1.0,0.984,1.0,0.984,True,
2015-08-05,500,81,1.0,1.0,0.984,1.0,0.984,True,
2015-08-06,500,81,1.0,1.0,0.984,1.0,0.984,True,
2015-08-07,500,81,1.0,1.0,0.984,1.0,0.984,True,
2015-08-10,500,82,1.0,1.0,0.984,1.0,0.984,True,
2015-08-11,500,82,1.0,1.0,0.984,1.0,0.984,True,
2015-08-12,500,81,1.0,1.0,0.984,1.0,0.984,True,
2015-08-13,500,81,1.0,1.0,0.984,1.0,0.984,True,
2015-08-14,500,78,1.0,1.0,0.984,1.0,0.984,True,
2015-08-17,500,76,1.0,1.0,0.984,1.0,0.984,True,
2015-08-18,500,73,1.0,1.0,0.984,1.0,0.984,True,
2015-08-19,500,70,1.0,1.0,0.984,1.0,0.984,True,
2015-08-20,500,72,1.0,1.0,0.984,1.0,0.984,True,
2015-08-21,500,71,1.0,1.0,0.984,1.0,0.984,True,
2015-08-24,500,70,1.0,1.0,0.984,1.0,0.984,True,
2015-08-25,500,71,1.0,1.0,0.984,1.0,0.984,True,
2015-08-26,500,75,1.0,1.0,0.984,1.0,0.984,True,
2015-08-27,500,77,1.0,1.0,0.984,1.0,0.984,True,
2015-08-28,500,77,1.0,1.0,0.984,1.0,0.984,True,
2015-08-31,500,78,1.0,1.0,0.984,1.0,0.984,True,
2015-09-01,500,78,1.0,1.0,0.984,1.0,0.984,True,
2015-09-02,500,78,1.0,1.0,0.984,1.0,0.984,True,
2015-09-07,500,80,1.0,1.0,0.984,1.0,0.984,True,
2015-09-08,500,75,1.0,1.0,0.984,1.0,0.984,True,
2015-09-09,500,74,1.0,1.0,0.984,1.0,0.984,True,
2015-09-10,500,69,1.0,1.0,0.984,1.0,0.984,True,
2015-09-11,500,68,1.0,1.0,0.984,1.0,0.984,True,
2015-09-14,500,67,1.0,1.0,0.984,1.0,0.984,True,
2015-09-15,500,66,1.0,1.0,0.984,1.0,0.984,True,
2015-09-16,500,64,1.0,1.0,0.984,1.0,0.984,True,
2015-09-17,500,65,1.0,1.0,0.984,1.0,0.984,True,
2015-09-18,500,65,1.0,1.0,0.984,1.0,0.984,True,
2015-09-21,500,65,1.0,1.0,0.984,1.0,0.984,True,
2015-09-22,500,65,1.0,1.0,0.984,1.0,0.984,True,
2015-09-23,500,68,1.0,1.0,0.984,1.0,0.984,True,
2015-09-24,500,68,1.0,1.0,0.984,1.0,0.984,True,
2015-09-25,500,68,1.0,1.0,0.984,1.0,0.984,True,
2015-09-28,500,67,1.0,1.0,0.984,1.0,0.984,True,
2015-09-29,500,68,1.0,1.0,0.984,1.0,0.984,True,
2015-09-30,500,67,1.0,1.0,0.984,1.0,0.984,True,
2015-10-08,500,67,1.0,1.0,0.984,1.0,0.984,True,
2015-10-09,500,69,1.0,1.0,0.984,1.0,0.984,True,
2015-10-12,500,70,1.0,1.0,0.984,1.0,0.984,True,
2015-10-13,500,71,1.0,1.0,0.984,1.0,0.984,True,
2015-10-14,500,69,1.0,1.0,0.984,1.0,0.984,True,
2015-10-15,500,70,1.0,1.0,0.984,1.0,0.984,True,
2015-10-16,500,70,1.0,1.0,0.984,1.0,0.984,True,
2015-10-19,500,71,1.0,1.0,0.984,1.0,0.984,True,
2015-10-20,500,70,1.0,1.0,0.984,1.0,0.984,True,
2015-10-21,500,72,1.0,1.0,0.984,1.0,0.984,True,
2015-10-22,500,73,1.0,1.0,0.984,1.0,0.984,True,
2015-10-23,500,73,1.0,1.0,0.984,1.0,0.984,True,
2015-10-26,500,71,1.0,1.0,0.984,1.0,0.984,True,
2015-10-27,500,71,1.0,1.0,0.984,1.0,0.984,True,
2015-10-28,500,68,1.0,1.0,0.984,1.0,0.984,True,
2015-10-29,500,67,1.0,1.0,0.984,1.0,0.984,True,
2015-10-30,500,67,1.0,1.0,0.984,1.0,0.984,True,
2015-11-02,500,63,1.0,1.0,0.984,1.0,0.984,True,
2015-11-03,500,59,1.0,1.0,0.984,1.0,0.984,True,
2015-11-04,500,56,1.0,1.0,0.984,1.0,0.984,True,
2015-11-05,500,56,1.0,1.0,0.984,1.0,0.984,True,
2015-11-06,500,59,1.0,1.0,0.984,1.0,0.984,True,
2015-11-09,500,59,1.0,1.0,0.984,1.0,0.984,True,
2015-11-10,500,53,1.0,1.0,0.984,1.0,0.984,True,
2015-11-11,500,51,1.0,1.0,0.984,1.0,0.984,True,
2015-11-12,500,50,1.0,1.0,0.984,1.0,0.984,True,
2015-11-13,500,50,1.0,1.0,0.984,1.0,0.984,True,
2015-11-16,500,49,1.0,1.0,0.984,1.0,0.984,True,
2015-11-17,500,52,1.0,1.0,0.984,1.0,0.984,True,
2015-11-18,500,50,1.0,1.0,0.984,1.0,0.984,True,
2015-11-19,500,52,1.0,1.0,0.984,1.0,0.984,True,
2015-11-20,500,54,1.0,1.0,0.984,1.0,0.984,True,
2015-11-23,500,54,1.0,1.0,0.984,1.0,0.984,True,
2015-11-24,500,51,1.0,1.0,0.984,1.0,0.984,True,
2015-11-25,500,49,1.0,1.0,0.984,1.0,0.984,True,
2015-11-26,500,47,1.0,1.0,0.984,1.0,0.984,True,
2015-11-27,500,46,1.0,1.0,0.984,1.0,0.984,True,
2015-11-30,500,45,1.0,1.0,0.984,1.0,0.984,True,
2015-12-01,500,46,1.0,1.0,0.984,1.0,0.984,True,
2015-12-02,500,44,1.0,1.0,0.984,1.0,0.984,True,
2015-12-03,500,46,1.0,1.0,0.984,1.0,0.984,True,
2015-12-04,500,47,1.0,1.0,0.984,1.0,0.984,True,
2015-12-07,500,46,1.0,1.0,0.984,1.0,0.984,True,
2015-12-08,500,44,1.0,1.0,0.984,1.0,0.984,True,
2015-12-09,500,43,1.0,1.0,0.984,1.0,0.984,True,
2015-12-10,500,44,1.0,1.0,0.984,1.0,0.984,True,
2015-12-11,500,43,1.0,1.0,0.984,1.0,0.984,True,
2015-12-14,500,38,1.0,1.0,0.988,1.0,0.988,True,
2015-12-15,500,37,1.0,1.0,0.988,1.0,0.988,True,
2015-12-16,500,37,1.0,1.0,0.988,1.0,0.988,True,
2015-12-17,500,37,1.0,1.0,0.988,1.0,0.988,True,
2015-12-18,500,38,1.0,1.0,0.988,1.0,0.988,True,
2015-12-21,500,42,1.0,1.0,0.988,1.0,0.988,True,
2015-12-22,500,43,1.0,1.0,0.988,1.0,0.988,True,
2015-12-23,500,45,1.0,1.0,0.988,1.0,0.988,True,
2015-12-24,500,46,1.0,1.0,0.988,1.0,0.988,True,
2015-12-25,500,44,1.0,1.0,0.988,1.0,0.988,True,
2015-12-28,500,42,1.0,1.0,0.988,1.0,0.988,True,
2015-12-29,500,43,1.0,1.0,0.988,1.0,0.988,True,
2015-12-30,500,42,1.0,1.0,0.988,1.0,0.988,True,
2015-12-31,500,41,1.0,1.0,0.988,1.0,0.988,True,
2016-01-04,500,39,1.0,1.0,0.988,1.0,0.988,True,
2016-01-05,500,37,1.0,1.0,0.988,1.0,0.988,True,
2016-01-06,500,36,1.0,1.0,0.988,1.0,0.988,True,
2016-01-07,500,38,1.0,1.0,0.988,1.0,0.988,True,
2016-01-08,500,40,1.0,1.0,0.988,1.0,0.988,True,
2016-01-11,500,39,1.0,1.0,0.988,1.0,0.988,True,
2016-01-12,500,37,1.0,1.0,0.988,1.0,0.988,True,
2016-01-13,500,37,1.0,1.0,0.988,1.0,0.988,True,
2016-01-14,500,36,1.0,1.0,0.988,1.0,0.988,True,
2016-01-15,500,35,1.0,1.0,0.988,1.0,0.988,True,
2016-01-18,500,34,1.0,1.0,0.988,1.0,0.988,True,
2016-01-19,500,33,1.0,1.0,0.988,1.0,0.988,True,
2016-01-20,500,31,1.0,1.0,0.988,1.0,0.988,True,
2016-01-21,500,30,1.0,1.0,0.988,1.0,0.988,True,
2016-01-22,500,30,1.0,1.0,0.988,1.0,0.988,True,
2016-01-25,500,29,1.0,1.0,0.988,1.0,0.988,True,
2016-01-26,500,30,1.0,1.0,0.988,1.0,0.988,True,
2016-01-27,500,30,1.0,1.0,0.988,1.0,0.988,True,
2016-01-28,500,31,1.0,1.0,0.988,1.0,0.988,True,
2016-01-29,500,33,1.0,1.0,0.988,1.0,0.988,True,
2016-02-01,500,34,1.0,1.0,0.988,1.0,0.988,True,
2016-02-02,500,35,1.0,1.0,0.988,1.0,0.988,True,
2016-02-03,500,36,1.0,1.0,0.988,1.0,0.988,True,
2016-02-04,500,37,1.0,1.0,0.988,1.0,0.988,True,
2016-02-05,500,38,1.0,1.0,0.988,1.0,0.988,True,
2016-02-15,500,35,1.0,1.0,0.988,1.0,0.988,True,
2016-02-16,500,34,1.0,1.0,0.988,1.0,0.988,True,
2016-02-17,500,33,1.0,1.0,0.988,1.0,0.988,True,
2016-02-18,500,35,1.0,1.0,0.988,1.0,0.988,True,
2016-02-19,500,35,1.0,1.0,0.988,1.0,0.988,True,
2016-02-22,500,38,1.0,1.0,0.988,1.0,0.988,True,
2016-02-23,500,38,1.0,1.0,0.988,1.0,0.988,True,
2016-02-24,500,39,1.0,1.0,0.988,1.0,0.988,True,
2016-02-25,500,41,1.0,1.0,0.988,1.0,0.988,True,
2016-02-26,500,41,1.0,1.0,0.988,1.0,0.988,True,
2016-02-29,500,42,1.0,1.0,0.988,1.0,0.988,True,
2016-03-01,500,41,1.0,1.0,0.988,1.0,0.988,True,
2016-03-02,500,43,1.0,1.0,0.988,1.0,0.988,True,
2016-03-03,500,44,1.0,1.0,0.988,1.0,0.988,True,
2016-03-04,500,43,1.0,1.0,0.988,1.0,0.988,True,
2016-03-07,500,43,1.0,1.0,0.988,1.0,0.988,True,
2016-03-08,500,42,1.0,1.0,0.988,1.0,0.988,True,
2016-03-09,500,40,1.0,1.0,0.988,1.0,0.988,True,
2016-03-10,500,38,1.0,1.0,0.988,1.0,0.988,True,
2016-03-11,500,37,1.0,1.0,0.988,1.0,0.988,True,
2016-03-14,500,37,1.0,1.0,0.988,1.0,0.988,True,
2016-03-15,500,38,1.0,1.0,0.988,1.0,0.988,True,
2016-03-16,500,37,1.0,1.0,0.988,1.0,0.988,True,
2016-03-17,500,38,1.0,1.0,0.988,1.0,0.988,True,
2016-03-18,500,39,1.0,1.0,0.988,1.0,0.988,True,
2016-03-21,500,36,1.0,1.0,0.988,1.0,0.988,True,
2016-03-22,500,35,1.0,1.0,0.988,1.0,0.988,True,
2016-03-23,500,35,1.0,1.0,0.988,1.0,0.988,True,
2016-03-24,500,35,1.0,1.0,0.988,1.0,0.988,True,
2016-03-25,500,37,1.0,1.0,0.988,1.0,0.988,True,
2016-03-28,500,38,1.0,1.0,0.988,1.0,0.988,True,
2016-03-29,500,38,1.0,1.0,0.988,1.0,0.988,True,
2016-03-30,500,38,1.0,1.0,0.988,1.0,0.988,True,
2016-03-31,500,37,1.0,1.0,0.988,1.0,0.988,True,
2016-04-01,500,36,1.0,1.0,0.988,1.0,0.988,True,
2016-04-05,500,36,1.0,1.0,0.988,1.0,0.988,True,
2016-04-06,500,37,1.0,1.0,0.988,1.0,0.988,True,
2016-04-07,500,37,1.0,1.0,0.988,1.0,0.988,True,
2016-04-08,500,35,1.0,1.0,0.988,1.0,0.988,True,
2016-04-11,500,35,1.0,1.0,0.988,1.0,0.988,True,
2016-04-12,500,35,1.0,1.0,0.988,1.0,0.988,True,
2016-04-13,500,35,1.0,1.0,0.988,1.0,0.988,True,
2016-04-14,500,35,1.0,1.0,0.988,1.0,0.988,True,
2016-04-15,500,36,1.0,1.0,0.988,1.0,0.988,True,
2016-04-18,500,35,1.0,1.0,0.988,1.0,0.988,True,
2016-04-19,500,38,1.0,1.0,0.988,1.0,0.988,True,
2016-04-20,500,40,1.0,1.0,0.988,1.0,0.988,True,
2016-04-21,500,41,1.0,1.0,0.988,1.0,0.988,True,
2016-04-22,500,42,1.0,1.0,0.988,1.0,0.988,True,
2016-04-25,500,41,1.0,1.0,0.988,1.0,0.988,True,
2016-04-26,500,42,1.0,1.0,0.988,1.0,0.988,True,
2016-04-27,500,41,1.0,1.0,0.988,1.0,0.988,True,
2016-04-28,500,37,1.0,1.0,0.988,1.0,0.988,True,
2016-04-29,500,36,1.0,1.0,0.988,1.0,0.988,True,
2016-05-03,500,35,1.0,1.0,0.988,1.0,0.988,True,
2016-05-04,500,33,1.0,1.0,0.988,1.0,0.988,True,
2016-05-05,500,32,1.0,1.0,0.988,1.0,0.988,True,
2016-05-06,500,32,1.0,1.0,0.988,1.0,0.988,True,
2016-05-09,500,34,1.0,1.0,0.988,1.0,0.988,True,
2016-05-10,500,32,1.0,1.0,0.988,1.0,0.988,True,
2016-05-11,500,32,1.0,1.0,0.988,1.0,0.988,True,
2016-05-12,500,35,1.0,1.0,0.988,1.0,0.988,True,
2016-05-13,500,36,1.0,1.0,0.988,1.0,0.988,True,
2016-05-16,500,34,1.0,1.0,0.988,1.0,0.988,True,
2016-05-17,500,33,1.0,1.0,0.988,1.0,0.988,True,
2016-05-18,500,32,1.0,1.0,0.988,1.0,0.988,True,
2016-05-19,500,33,1.0,1.0,0.988,1.0,0.988,True,
2016-05-20,500,33,1.0,1.0,0.988,1.0,0.988,True,
2016-05-23,500,34,1.0,1.0,0.988,1.0,0.988,True,
2016-05-24,500,34,1.0,1.0,0.988,1.0,0.988,True,
2016-05-25,500,34,1.0,1.0,0.988,1.0,0.988,True,
2016-05-26,500,34,1.0,1.0,0.988,1.0,0.988,True,
2016-05-27,500,35,1.0,1.0,0.988,1.0,0.988,True,
2016-05-30,500,34,1.0,1.0,0.988,1.0,0.988,True,
2016-05-31,500,34,1.0,1.0,0.988,1.0,0.988,True,
2016-06-01,500,35,1.0,1.0,0.988,1.0,0.988,True,
2016-06-02,500,36,1.0,1.0,0.988,1.0,0.988,True,
2016-06-03,500,35,1.0,1.0,0.988,1.0,0.988,True,
2016-06-06,500,34,1.0,1.0,0.988,1.0,0.988,True,
2016-06-07,500,33,1.0,1.0,0.988,1.0,0.988,True,
2016-06-08,500,33,1.0,1.0,0.988,1.0,0.988,True,
2016-06-13,500,29,1.0,1.0,0.99,1.0,0.99,True,
2016-06-14,500,28,1.0,1.0,0.99,1.0,0.99,True,
2016-06-15,500,26,1.0,1.0,0.99,1.0,0.99,True,
2016-06-16,500,26,1.0,1.0,0.99,1.0,0.99,True,
2016-06-17,500,27,1.0,1.0,0.99,1.0,0.99,True,
2016-06-20,500,27,1.0,1.0,0.99,1.0,0.99,True,
2016-06-21,500,26,1.0,1.0,0.99,1.0,0.99,True,
2016-06-22,500,26,1.0,1.0,0.99,1.0,0.99,True,
2016-06-23,500,26,1.0,1.0,0.99,1.0,0.99,True,
2016-06-24,500,25,1.0,1.0,0.99,1.0,0.99,True,
2016-06-27,500,24,1.0,1.0,0.99,1.0,0.99,True,
2016-06-28,500,24,1.0,1.0,0.99,1.0,0.99,True,
2016-06-29,500,24,1.0,1.0,0.99,1.0,0.99,True,
2016-06-30,500,25,1.0,1.0,0.99,1.0,0.99,True,
2016-07-01,500,24,1.0,1.0,0.99,1.0,0.99,True,
2016-07-04,500,25,1.0,1.0,0.99,1.0,0.99,True,
2016-07-05,500,26,1.0,1.0,0.99,1.0,0.99,True,
2016-07-06,500,25,1.0,1.0,0.99,1.0,0.99,True,
2016-07-07,500,24,1.0,1.0,0.99,1.0,0.99,True,
2016-07-08,500,25,1.0,1.0,0.99,1.0,0.99,True,
2016-07-11,500,23,1.0,1.0,0.99,1.0,0.99,True,
2016-07-12,500,23,1.0,1.0,0.99,1.0,0.99,True,
2016-07-13,500,24,1.0,1.0,0.99,1.0,0.99,True,
2016-07-14,500,23,1.0,1.0,0.99,1.0,0.99,True,
2016-07-15,500,24,1.0,1.0,0.99,1.0,0.99,True,
2016-07-18,500,25,1.0,1.0,0.99,1.0,0.99,True,
2016-07-19,500,26,1.0,1.0,0.99,1.0,0.99,True,
2016-07-20,500,27,1.0,1.0,0.99,1.0,0.99,True,
2016-07-21,500,23,1.0,1.0,0.99,1.0,0.99,True,
2016-07-22,500,22,1.0,1.0,0.99,1.0,0.99,True,
2016-07-25,500,22,1.0,1.0,0.99,1.0,0.99,True,
2016-07-26,500,21,1.0,1.0,0.99,1.0,0.99,True,
2016-07-27,500,21,1.0,1.0,0.99,1.0,0.99,True,
2016-07-28,500,22,1.0,1.0,0.99,1.0,0.99,True,
2016-07-29,500,23,1.0,1.0,0.99,1.0,0.99,True,
2016-08-01,500,22,1.0,1.0,0.99,1.0,0.99,True,
2016-08-02,500,20,1.0,1.0,0.99,1.0,0.99,True,
2016-08-03,500,20,1.0,1.0,0.99,1.0,0.99,True,
2016-08-04,500,19,1.0,1.0,0.99,1.0,0.99,True,
2016-08-05,500,17,1.0,1.0,0.99,1.0,0.99,True,
2016-08-08,500,17,1.0,1.0,0.99,1.0,0.99,True,
2016-08-09,500,18,1.0,1.0,0.99,1.0,0.99,True,
2016-08-10,500,19,1.0,1.0,0.99,1.0,0.99,True,
2016-08-11,500,19,1.0,1.0,0.99,1.0,0.99,True,
2016-08-12,500,19,1.0,1.0,0.99,1.0,0.99,True,
2016-08-15,500,19,1.0,1.0,0.99,1.0,0.99,True,
2016-08-16,500,18,1.0,1.0,0.99,1.0,0.99,True,
2016-08-17,500,18,1.0,1.0,0.99,1.0,0.99,True,
2016-08-18,500,19,1.0,1.0,0.99,1.0,0.99,True,
2016-08-19,500,20,1.0,1.0,0.99,1.0,0.99,True,
2016-08-22,500,18,1.0,1.0,0.99,1.0,0.99,True,
2016-08-23,500,19,1.0,1.0,0.99,1.0,0.99,True,
2016-08-24,500,18,1.0,1.0,0.99,1.0,0.99,True,
2016-08-25,500,20,1.0,1.0,0.99,1.0,0.99,True,
2016-08-26,500,21,1.0,1.0,0.99,1.0,0.99,True,
2016-08-29,500,21,1.0,1.0,0.99,1.0,0.99,True,
2016-08-30,500,21,1.0,1.0,0.99,1.0,0.99,True,
2016-08-31,500,20,1.0,1.0,0.99,1.0,0.99,True,
2016-09-01,500,20,1.0,1.0,0.99,1.0,0.99,True,
2016-09-02,500,24,1.0,1.0,0.99,1.0,0.99,True,
2016-09-05,500,23,1.0,1.0,0.99,1.0,0.99,True,
2016-09-06,500,23,1.0,1.0,0.99,1.0,0.99,True,
2016-09-07,500,25,1.0,1.0,0.99,1.0,0.99,True,
2016-09-08,500,26,1.0,1.0,0.99,1.0,0.99,True,
2016-09-09,500,24,1.0,1.0,0.99,1.0,0.99,True,
2016-09-12,500,27,1.0,1.0,0.99,1.0,0.99,True,
2016-09-13,500,28,1.0,1.0,0.99,1.0,0.99,True,
2016-09-14,500,31,1.0,1.0,0.99,1.0,0.99,True,
2016-09-19,500,31,1.0,1.0,0.99,1.0,0.99,True,
2016-09-20,500,29,1.0,1.0,0.99,1.0,0.99,True,
2016-09-21,500,32,1.0,1.0,0.99,1.0,0.99,True,
2016-09-22,500,33,1.0,1.0,0.99,1.0,0.99,True,
2016-09-23,500,34,1.0,1.0,0.99,1.0,0.99,True,
2016-09-26,500,32,1.0,1.0,0.99,1.0,0.99,True,
2016-09-27,500,34,1.0,1.0,0.99,1.0,0.99,True,
2016-09-28,500,31,1.0,1.0,0.99,1.0,0.99,True,
2016-09-29,500,30,1.0,1.0,0.99,1.0,0.99,True,
2016-09-30,500,28,1.0,1.0,0.99,1.0,0.99,True,
2016-10-10,500,29,1.0,1.0,0.99,1.0,0.99,True,
2016-10-11,500,25,1.0,1.0,0.99,1.0,0.99,True,
2016-10-12,500,24,1.0,1.0,0.99,1.0,0.99,True,
2016-10-13,500,24,1.0,1.0,0.99,1.0,0.99,True,
2016-10-14,500,23,1.0,1.0,0.99,1.0,0.99,True,
2016-10-17,500,23,1.0,1.0,0.99,1.0,0.99,True,
2016-10-18,500,22,1.0,1.0,0.99,1.0,0.99,True,
2016-10-19,500,22,1.0,1.0,0.99,1.0,0.99,True,
2016-10-20,500,23,1.0,1.0,0.99,1.0,0.99,True,
2016-10-21,500,24,1.0,1.0,0.99,1.0,0.99,True,
2016-10-24,500,24,1.0,1.0,0.99,1.0,0.99,True,
2016-10-25,500,23,1.0,1.0,0.99,1.0,0.99,True,
2016-10-26,500,22,1.0,1.0,0.99,1.0,0.99,True,
2016-10-27,500,22,1.0,1.0,0.99,1.0,0.99,True,
2016-10-28,500,22,1.0,1.0,0.99,1.0,0.99,True,
2016-10-31,500,23,1.0,1.0,0.99,1.0,0.99,True,
2016-11-01,500,26,1.0,1.0,0.99,1.0,0.99,True,
2016-11-02,500,26,1.0,1.0,0.99,1.0,0.99,True,
2016-11-03,500,23,1.0,1.0,0.99,1.0,0.99,True,
2016-11-04,500,23,1.0,1.0,0.99,1.0,0.99,True,
2016-11-07,500,23,1.0,1.0,0.99,1.0,0.99,True,
2016-11-08,500,25,1.0,1.0,0.99,1.0,0.99,True,
2016-11-09,500,27,1.0,1.0,0.99,1.0,0.99,True,
2016-11-10,500,27,1.0,1.0,0.99,1.0,0.99,True,
2016-11-11,500,28,1.0,1.0,0.99,1.0,0.99,True,
2016-11-14,500,28,1.0,1.0,0.99,1.0,0.99,True,
2016-11-15,500,29,1.0,1.0,0.99,1.0,0.99,True,
2016-11-16,500,29,1.0,1.0,0.99,1.0,0.99,True,
2016-11-17,500,33,1.0,1.0,0.99,1.0,0.99,True,
2016-11-18,500,34,1.0,1.0,0.99,1.0,0.99,True,
2016-11-21,500,32,1.0,1.0,0.99,1.0,0.99,True,
2016-11-22,500,30,1.0,1.0,0.99,1.0,0.99,True,
2016-11-23,500,29,1.0,1.0,0.99,1.0,0.99,True,
2016-11-24,500,28,1.0,1.0,0.99,1.0,0.99,True,
2016-11-25,500,29,1.0,1.0,0.99,1.0,0.99,True,
2016-11-28,500,32,1.0,1.0,0.99,1.0,0.99,True,
2016-11-29,500,32,1.0,1.0,0.99,1.0,0.99,True,
2016-11-30,500,34,1.0,1.0,0.99,1.0,0.99,True,
2016-12-01,500,33,1.0,1.0,0.99,1.0,0.99,True,
2016-12-02,500,34,1.0,1.0,0.99,1.0,0.99,True,
2016-12-05,500,34,1.0,1.0,0.99,1.0,0.99,True,
2016-12-06,500,34,1.0,1.0,0.99,1.0,0.99,True,
2016-12-07,500,33,1.0,1.0,0.99,1.0,0.99,True,
2016-12-08,500,34,1.0,1.0,0.99,1.0,0.99,True,
2016-12-09,500,33,1.0,1.0,0.99,1.0,0.99,True,
2016-12-12,500,33,1.0,1.0,0.99,1.0,0.99,True,
2016-12-13,500,33,1.0,1.0,0.99,1.0,0.99,True,
2016-12-14,500,32,1.0,1.0,0.99,1.0,0.99,True,
2016-12-15,500,33,1.0,1.0,0.99,1.0,0.99,True,
2016-12-16,500,31,1.0,1.0,0.99,1.0,0.99,True,
2016-12-19,500,33,1.0,1.0,0.99,1.0,0.99,True,
2016-12-20,500,34,1.0,1.0,0.99,1.0,0.99,True,
2016-12-21,500,34,1.0,1.0,0.99,1.0,0.99,True,
2016-12-22,500,36,1.0,1.0,0.99,1.0,0.99,True,
2016-12-23,500,36,1.0,1.0,0.99,1.0,0.99,True,
2016-12-26,500,33,1.0,1.0,0.99,1.0,0.99,True,
2016-12-27,500,32,1.0,1.0,0.99,1.0,0.99,True,
2016-12-28,500,34,1.0,1.0,0.99,1.0,0.99,True,
2016-12-29,500,33,1.0,1.0,0.99,1.0,0.99,True,
2016-12-30,500,31,1.0,1.0,0.99,1.0,0.99,True,
2017-01-03,500,31,1.0,1.0,0.99,1.0,0.99,True,
2017-01-04,500,31,1.0,1.0,0.99,1.0,0.99,True,
2017-01-05,500,31,1.0,1.0,0.99,1.0,0.99,True,
2017-01-06,500,31,1.0,1.0,0.99,1.0,0.99,True,
2017-01-09,500,32,1.0,1.0,0.99,1.0,0.99,True,
2017-01-10,500,33,1.0,1.0,0.99,1.0,0.99,True,
2017-01-11,500,35,1.0,1.0,0.99,1.0,0.99,True,
2017-01-12,500,34,1.0,1.0,0.99,1.0,0.99,True,
2017-01-13,500,33,1.0,1.0,0.99,1.0,0.99,True,
2017-01-16,500,34,1.0,1.0,0.99,1.0,0.99,True,
2017-01-17,500,34,1.0,1.0,0.99,1.0,0.99,True,
2017-01-18,500,32,1.0,1.0,0.992,1.0,0.992,True,
2017-01-19,500,32,1.0,1.0,0.992,1.0,0.992,True,
2017-01-20,500,32,1.0,1.0,0.992,1.0,0.992,True,
2017-01-23,500,32,1.0,1.0,0.992,1.0,0.992,True,
2017-01-24,500,32,1.0,1.0,0.992,1.0,0.992,True,
2017-01-25,500,31,1.0,1.0,0.992,1.0,0.992,True,
2017-01-26,500,31,1.0,1.0,0.992,1.0,0.992,True,
2017-02-03,500,32,1.0,1.0,0.992,1.0,0.992,True,
2017-02-06,500,32,1.0,1.0,0.992,1.0,0.992,True,
2017-02-07,500,32,1.0,1.0,0.992,1.0,0.992,True,
2017-02-08,500,31,1.0,1.0,0.992,1.0,0.992,True,
2017-02-09,500,32,1.0,1.0,0.992,1.0,0.992,True,
2017-02-10,500,32,1.0,1.0,0.992,1.0,0.992,True,
2017-02-13,500,32,1.0,1.0,0.992,1.0,0.992,True,
2017-02-14,500,32,1.0,1.0,0.992,1.0,0.992,True,
2017-02-15,500,30,1.0,1.0,0.992,1.0,0.992,True,
2017-02-16,500,28,1.0,1.0,0.992,1.0,0.992,True,
2017-02-17,500,29,1.0,1.0,0.992,1.0,0.992,True,
2017-02-20,500,36,1.0,1.0,0.992,1.0,0.992,True,
2017-02-21,500,34,1.0,1.0,0.992,1.0,0.992,True,
2017-02-22,500,34,1.0,1.0,0.992,1.0,0.992,True,
2017-02-23,500,33,1.0,1.0,0.992,1.0,0.992,True,
2017-02-24,500,32,1.0,1.0,0.992,1.0,0.992,True,
2017-02-27,500,31,1.0,1.0,0.992,1.0,0.992,True,
2017-02-28,500,31,1.0,1.0,0.992,1.0,0.992,True,
2017-03-01,500,31,1.0,1.0,0.992,1.0,0.992,True,
2017-03-02,500,30,1.0,1.0,0.992,1.0,0.992,True,
2017-03-03,500,30,1.0,1.0,0.992,1.0,0.992,True,
2017-03-06,500,32,1.0,1.0,0.992,1.0,0.992,True,
2017-03-07,500,32,1.0,1.0,0.992,1.0,0.992,True,
2017-03-08,500,32,1.0,1.0,0.992,1.0,0.992,True,
2017-03-09,500,32,1.0,1.0,0.992,1.0,0.992,True,
2017-03-10,500,31,1.0,1.0,0.992,1.0,0.992,True,
2017-03-13,500,31,1.0,1.0,0.992,1.0,0.992,True,
2017-03-14,500,32,1.0,1.0,0.992,1.0,0.992,True,
2017-03-15,500,32,1.0,1.0,0.992,1.0,0.992,True,
2017-03-16,500,33,1.0,1.0,0.992,1.0,0.992,True,
2017-03-17,500,33,1.0,1.0,0.992,1.0,0.992,True,
2017-03-20,500,33,1.0,1.0,0.992,1.0,0.992,True,
2017-03-21,500,32,1.0,1.0,0.992,1.0,0.992,True,
2017-03-22,500,32,1.0,1.0,0.992,1.0,0.992,True,
2017-03-23,500,31,1.0,1.0,0.992,1.0,0.992,True,
2017-03-24,500,30,1.0,1.0,0.992,1.0,0.992,True,
2017-03-27,500,31,1.0,1.0,0.992,1.0,0.992,True,
2017-03-28,500,31,1.0,1.0,0.992,1.0,0.992,True,
2017-03-29,500,32,1.0,1.0,0.992,1.0,0.992,True,
2017-03-30,500,32,1.0,1.0,0.992,1.0,0.992,True,
2017-03-31,500,33,1.0,1.0,0.992,1.0,0.992,True,
2017-04-05,500,34,1.0,1.0,0.992,1.0,0.992,True,
2017-04-06,500,32,1.0,1.0,0.992,1.0,0.992,True,
2017-04-07,500,33,1.0,1.0,0.992,1.0,0.992,True,
2017-04-10,500,36,1.0,1.0,0.992,1.0,0.992,True,
2017-04-11,500,36,1.0,1.0,0.992,1.0,0.992,True,
2017-04-12,500,33,1.0,1.0,0.992,1.0,0.992,True,
2017-04-13,500,38,1.0,1.0,0.992,1.0,0.992,True,
2017-04-14,500,37,1.0,1.0,0.992,1.0,0.992,True,
2017-04-17,500,34,1.0,1.0,0.992,1.0,0.992,True,
2017-04-18,500,34,1.0,1.0,0.992,1.0,0.992,True,
2017-04-19,500,32,1.0,1.0,0.992,1.0,0.992,True,
2017-04-20,500,31,1.0,1.0,0.992,1.0,0.992,True,
2017-04-21,500,32,1.0,1.0,0.992,1.0,0.992,True,
2017-04-24,500,33,1.0,1.0,0.992,1.0,0.992,True,
2017-04-25,500,32,1.0,1.0,0.992,1.0,0.992,True,
2017-04-26,500,34,1.0,1.0,0.992,1.0,0.992,True,
2017-04-27,500,31,1.0,1.0,0.992,1.0,0.992,True,
2017-04-28,500,32,1.0,1.0,0.992,1.0,0.992,True,
2017-05-02,500,30,1.0,1.0,0.992,1.0,0.992,True,
2017-05-03,500,31,1.0,1.0,0.992,1.0,0.992,True,
2017-05-04,500,32,1.0,1.0,0.992,1.0,0.992,True,
2017-05-05,500,32,1.0,1.0,0.992,1.0,0.992,True,
2017-05-08,500,33,1.0,1.0,0.992,1.0,0.992,True,
2017-05-09,500,31,1.0,1.0,0.992,1.0,0.992,True,
2017-05-10,500,31,1.0,1.0,0.992,1.0,0.992,True,
2017-05-11,500,29,1.0,1.0,0.992,1.0,0.992,True,
2017-05-12,500,31,1.0,1.0,0.992,1.0,0.992,True,
2017-05-15,500,30,1.0,1.0,0.992,1.0,0.992,True,
2017-05-16,500,30,1.0,1.0,0.992,1.0,0.992,True,
2017-05-17,500,29,1.0,1.0,0.992,1.0,0.992,True,
2017-05-18,500,27,1.0,1.0,0.992,1.0,0.992,True,
2017-05-19,500,28,1.0,1.0,0.992,1.0,0.992,True,
2017-05-22,500,27,1.0,1.0,0.992,1.0,0.992,True,
2017-05-23,500,27,1.0,1.0,0.992,1.0,0.992,True,
2017-05-24,500,28,1.0,1.0,0.992,1.0,0.992,True,
2017-05-25,500,28,1.0,1.0,0.992,1.0,0.992,True,
2017-05-26,500,29,1.0,1.0,0.992,1.0,0.992,True,
2017-05-31,500,28,1.0,1.0,0.992,1.0,0.992,True,
2017-06-01,500,28,1.0,1.0,0.992,1.0,0.992,True,
2017-06-02,500,28,1.0,1.0,0.992,1.0,0.992,True,
2017-06-05,500,25,1.0,1.0,0.992,1.0,0.992,True,
2017-06-06,500,26,1.0,1.0,0.992,1.0,0.992,True,
2017-06-07,500,26,1.0,1.0,0.992,1.0,0.992,True,
2017-06-08,500,27,1.0,1.0,0.992,1.0,0.992,True,
2017-06-09,500,26,1.0,1.0,0.992,1.0,0.992,True,
2017-06-12,500,24,1.0,1.0,0.992,1.0,0.992,True,
2017-06-13,500,23,1.0,1.0,0.992,1.0,0.992,True,
2017-06-14,500,23,1.0,1.0,0.992,1.0,0.992,True,
2017-06-15,500,26,1.0,1.0,0.992,1.0,0.992,True,
2017-06-16,500,28,1.0,1.0,0.992,1.0,0.992,True,
2017-06-19,500,28,1.0,1.0,0.992,1.0,0.992,True,
2017-06-20,500,27,1.0,1.0,0.992,1.0,0.992,True,
2017-06-21,500,25,1.0,1.0,0.992,1.0,0.992,True,
2017-06-22,500,27,1.0,1.0,0.992,1.0,0.992,True,
2017-06-23,500,24,1.0,1.0,0.992,1.0,0.992,True,
2017-06-26,500,24,1.0,1.0,0.992,1.0,0.992,True,
2017-06-27,500,23,1.0,1.0,0.992,1.0,0.992,True,
2017-06-28,500,24,1.0,1.0,0.992,1.0,0.992,True,
2017-06-29,500,25,1.0,1.0,0.992,1.0,0.992,True,
2017-06-30,500,25,1.0,1.0,0.992,1.0,0.992,True,
2017-07-03,500,24,1.0,1.0,0.992,1.0,0.992,True,
2017-07-04,500,24,1.0,1.0,0.992,1.0,0.992,True,
2017-07-05,500,22,1.0,1.0,0.992,1.0,0.992,True,
2017-07-06,500,21,1.0,1.0,0.992,1.0,0.992,True,
2017-07-07,500,20,1.0,1.0,0.992,1.0,0.992,True,
2017-07-10,500,20,1.0,1.0,0.992,1.0,0.992,True,
2017-07-11,500,21,1.0,1.0,0.992,1.0,0.992,True,
2017-07-12,500,21,1.0,1.0,0.992,1.0,0.992,True,
2017-07-13,500,21,1.0,1.0,0.992,1.0,0.992,True,
2017-07-14,500,21,1.0,1.0,0.992,1.0,0.992,True,
2017-07-17,500,24,1.0,1.0,0.992,1.0,0.992,True,
2017-07-18,500,25,1.0,1.0,0.992,1.0,0.992,True,
2017-07-19,500,26,1.0,1.0,0.992,1.0,0.992,True,
2017-07-20,500,28,1.0,1.0,0.992,1.0,0.992,True,
2017-07-21,500,29,1.0,1.0,0.992,1.0,0.992,True,
2017-07-24,500,27,1.0,1.0,0.992,1.0,0.992,True,
2017-07-25,500,26,1.0,1.0,0.992,1.0,0.992,True,
2017-07-26,500,26,1.0,1.0,0.992,1.0,0.992,True,
2017-07-27,500,26,1.0,1.0,0.992,1.0,0.992,True,
2017-07-28,500,27,1.0,1.0,0.992,1.0,0.992,True,
2017-07-31,500,29,1.0,1.0,0.992,1.0,0.992,True,
2017-08-01,500,28,1.0,1.0,0.992,1.0,0.992,True,
2017-08-02,500,25,1.0,1.0,0.992,1.0,0.992,True,
2017-08-03,500,26,1.0,1.0,0.992,1.0,0.992,True,
2017-08-04,500,27,1.0,1.0,0.992,1.0,0.992,True,
2017-08-07,500,28,1.0,1.0,0.992,1.0,0.992,True,
2017-08-08,500,28,1.0,1.0,0.992,1.0,0.992,True,
2017-08-09,500,28,1.0,1.0,0.992,1.0,0.992,True,
2017-08-10,500,26,1.0,1.0,0.992,1.0,0.992,True,
2017-08-11,500,26,1.0,1.0,0.992,1.0,0.992,True,
2017-08-14,500,23,1.0,1.0,0.992,1.0,0.992,True,
2017-08-15,500,22,1.0,1.0,0.992,1.0,0.992,True,
2017-08-16,500,21,1.0,1.0,0.992,1.0,0.992,True,
2017-08-17,500,22,1.0,1.0,0.992,1.0,0.992,True,
2017-08-18,500,21,1.0,1.0,0.992,1.0,0.992,True,
2017-08-21,500,22,1.0,1.0,0.992,1.0,0.992,True,
2017-08-22,500,22,1.0,1.0,0.992,1.0,0.992,True,
2017-08-23,500,24,1.0,1.0,0.992,1.0,0.992,True,
2017-08-24,500,22,1.0,1.0,0.992,1.0,0.992,True,
2017-08-25,500,22,1.0,1.0,0.992,1.0,0.992,True,
2017-08-28,500,22,1.0,1.0,0.992,1.0,0.992,True,
2017-08-29,500,22,1.0,1.0,0.992,1.0,0.992,True,
2017-08-30,500,22,1.0,1.0,0.992,1.0,0.992,True,
2017-08-31,500,21,1.0,1.0,0.992,1.0,0.992,True,
2017-09-01,500,19,1.0,1.0,0.992,1.0,0.992,True,
2017-09-04,500,19,1.0,1.0,0.992,1.0,0.992,True,
2017-09-05,500,18,1.0,1.0,0.992,1.0,0.992,True,
2017-09-06,500,18,1.0,1.0,0.992,1.0,0.992,True,
2017-09-07,500,23,1.0,1.0,0.992,1.0,0.992,True,
2017-09-08,500,23,1.0,1.0,0.992,1.0,0.992,True,
2017-09-11,500,19,1.0,1.0,0.992,1.0,0.992,True,
2017-09-12,500,18,1.0,1.0,0.992,1.0,0.992,True,
2017-09-13,500,18,1.0,1.0,0.992,1.0,0.992,True,
2017-09-14,500,17,1.0,1.0,0.992,1.0,0.992,True,
2017-09-15,500,17,1.0,1.0,0.992,1.0,0.992,True,
2017-09-18,500,18,1.0,1.0,0.992,1.0,0.992,True,
2017-09-19,500,17,1.0,1.0,0.992,1.0,0.992,True,
2017-09-20,500,19,1.0,1.0,0.992,1.0,0.992,True,
2017-09-21,500,21,1.0,1.0,0.992,1.0,0.992,True,
2017-09-22,500,21,1.0,1.0,0.992,1.0,0.992,True,
2017-09-25,500,20,1.0,1.0,0.992,1.0,0.992,True,
2017-09-26,500,21,1.0,1.0,0.992,1.0,0.992,True,
2017-09-27,500,21,1.0,1.0,0.992,1.0,0.992,True,
2017-09-28,500,22,1.0,1.0,0.992,1.0,0.992,True,
2017-09-29,500,21,1.0,1.0,0.992,1.0,0.992,True,
2017-10-09,500,22,1.0,1.0,0.992,1.0,0.992,True,
2017-10-10,500,21,1.0,1.0,0.992,1.0,0.992,True,
2017-10-11,500,21,1.0,1.0,0.992,1.0,0.992,True,
2017-10-12,500,20,1.0,1.0,0.992,1.0,0.992,True,
2017-10-13,500,19,1.0,1.0,0.992,1.0,0.992,True,
2017-10-16,500,19,1.0,1.0,0.992,1.0,0.992,True,
2017-10-17,500,20,1.0,1.0,0.992,1.0,0.992,True,
2017-10-18,500,20,1.0,1.0,0.992,1.0,0.992,True,
2017-10-19,500,20,1.0,1.0,0.992,1.0,0.992,True,
2017-10-20,500,20,1.0,1.0,0.992,1.0,0.992,True,
2017-10-23,500,20,1.0,1.0,0.992,1.0,0.992,True,
2017-10-24,500,21,1.0,1.0,0.992,1.0,0.992,True,
2017-10-25,500,21,1.0,1.0,0.992,1.0,0.992,True,
2017-10-26,500,21,1.0,1.0,0.992,1.0,0.992,True,
2017-10-27,500,22,1.0,1.0,0.992,1.0,0.992,True,
2017-10-30,500,23,1.0,1.0,0.992,1.0,0.992,True,
2017-10-31,500,21,1.0,1.0,0.992,1.0,0.992,True,
2017-11-01,500,21,1.0,1.0,0.992,1.0,0.992,True,
2017-11-02,500,20,1.0,1.0,0.992,1.0,0.992,True,
2017-11-03,500,20,1.0,1.0,0.992,1.0,0.992,True,
2017-11-06,500,20,1.0,1.0,0.992,1.0,0.992,True,
2017-11-07,500,20,1.0,1.0,0.992,1.0,0.992,True,
2017-11-08,500,20,1.0,1.0,0.992,1.0,0.992,True,
2017-11-09,500,20,1.0,1.0,0.992,1.0,0.992,True,
2017-11-10,500,20,1.0,1.0,0.992,1.0,0.992,True,
2017-11-13,500,21,1.0,1.0,0.992,1.0,0.992,True,
2017-11-14,500,21,1.0,1.0,0.992,1.0,0.992,True,
2017-11-15,500,21,1.0,1.0,0.992,1.0,0.992,True,
2017-11-16,500,22,1.0,1.0,0.992,1.0,0.992,True,
2017-11-17,500,23,1.0,1.0,0.992,1.0,0.992,True,
2017-11-20,500,22,1.0,1.0,0.992,1.0,0.992,True,
2017-11-21,500,24,1.0,1.0,0.992,1.0,0.992,True,
2017-11-22,500,26,1.0,1.0,0.992,1.0,0.992,True,
2017-11-23,500,28,1.0,1.0,0.992,1.0,0.992,True,
2017-11-24,500,31,1.0,1.0,0.992,1.0,0.992,True,
2017-11-27,500,32,1.0,1.0,0.992,1.0,0.992,True,
2017-11-28,500,32,1.0,1.0,0.992,1.0,0.992,True,
2017-11-29,500,30,1.0,1.0,0.992,1.0,0.992,True,
2017-11-30,500,32,1.0,1.0,0.992,1.0,0.992,True,
2017-12-01,500,32,1.0,1.0,0.992,1.0,0.992,True,
2017-12-04,500,31,1.0,1.0,0.992,1.0,0.992,True,
2017-12-05,500,30,1.0,1.0,0.992,1.0,0.992,True,
2017-12-06,500,30,1.0,1.0,0.992,1.0,0.992,True,
2017-12-07,500,31,1.0,1.0,0.992,1.0,0.992,True,
2017-12-08,500,30,1.0,1.0,0.992,1.0,0.992,True,
2017-12-11,500,29,1.0,1.0,0.99,1.0,0.99,True,
2017-12-12,500,31,1.0,1.0,0.99,1.0,0.99,True,
2017-12-13,500,31,1.0,1.0,0.99,1.0,0.99,True,
2017-12-14,500,27,1.0,1.0,0.99,1.0,0.99,True,
2017-12-15,500,26,1.0,1.0,0.99,1.0,0.99,True,
2017-12-18,500,29,1.0,1.0,0.99,1.0,0.99,True,
2017-12-19,500,29,1.0,1.0,0.99,1.0,0.99,True,
2017-12-20,500,29,1.0,1.0,0.99,1.0,0.99,True,
2017-12-21,500,30,1.0,1.0,0.99,1.0,0.99,True,
2017-12-22,500,29,1.0,1.0,0.99,1.0,0.99,True,
2017-12-25,500,30,1.0,1.0,0.99,1.0,0.99,True,
2017-12-26,500,33,1.0,1.0,0.99,1.0,0.99,True,
2017-12-27,500,31,1.0,1.0,0.99,1.0,0.99,True,
2017-12-28,500,32,1.0,1.0,0.99,1.0,0.99,True,
2017-12-29,500,32,1.0,1.0,0.99,1.0,0.99,True,
2018-01-02,500,37,1.0,1.0,0.99,1.0,0.99,True,
2018-01-03,500,36,1.0,1.0,0.99,1.0,0.99,True,
2018-01-04,500,36,1.0,1.0,0.99,1.0,0.99,True,
2018-01-05,500,36,1.0,1.0,0.99,1.0,0.99,True,
2018-01-08,500,39,1.0,1.0,0.99,1.0,0.99,True,
2018-01-09,500,37,1.0,1.0,0.99,1.0,0.99,True,
2018-01-10,500,36,1.0,1.0,0.99,1.0,0.99,True,
2018-01-11,500,35,1.0,1.0,0.99,1.0,0.99,True,
2018-01-12,500,36,1.0,1.0,0.99,1.0,0.99,True,
2018-01-15,500,34,1.0,1.0,0.99,1.0,0.99,True,
2018-01-16,500,34,1.0,1.0,0.99,1.0,0.99,True,
2018-01-17,500,34,1.0,1.0,0.99,1.0,0.99,True,
2018-01-18,500,37,1.0,1.0,0.99,1.0,0.99,True,
2018-01-19,500,36,1.0,1.0,0.99,1.0,0.99,True,
2018-01-22,500,37,1.0,1.0,0.99,1.0,0.99,True,
2018-01-23,500,38,1.0,1.0,0.99,1.0,0.99,True,
2018-01-24,500,38,1.0,1.0,0.99,1.0,0.99,True,
2018-01-25,500,39,1.0,1.0,0.99,1.0,0.99,True,
2018-01-26,500,39,1.0,1.0,0.99,1.0,0.99,True,
2018-01-29,500,38,1.0,1.0,0.99,1.0,0.99,True,
2018-01-30,500,37,1.0,1.0,0.99,1.0,0.99,True,
2018-01-31,500,37,1.0,1.0,0.99,1.0,0.99,True,
2018-02-01,500,35,1.0,1.0,0.99,1.0,0.99,True,
2018-02-02,500,40,1.0,1.0,0.99,1.0,0.99,True,
2018-02-05,500,45,1.0,1.0,0.99,1.0,0.99,True,
2018-02-06,500,46,1.0,1.0,0.99,1.0,0.99,True,
2018-02-07,500,46,1.0,1.0,0.99,1.0,0.99,True,
2018-02-08,500,48,1.0,1.0,0.99,1.0,0.99,True,
2018-02-09,500,46,1.0,1.0,0.99,1.0,0.99,True,
2018-02-12,500,46,1.0,1.0,0.99,1.0,0.99,True,
2018-02-13,500,46,1.0,1.0,0.99,1.0,0.99,True,
2018-02-14,500,45,1.0,1.0,0.99,1.0,0.99,True,
2018-02-22,500,43,1.0,1.0,0.99,1.0,0.99,True,
2018-02-23,500,41,1.0,1.0,0.99,1.0,0.99,True,
2018-02-26,500,38,1.0,1.0,0.99,1.0,0.99,True,
2018-02-27,500,38,1.0,1.0,0.99,1.0,0.99,True,
2018-02-28,500,38,1.0,1.0,0.99,1.0,0.99,True,
2018-03-01,500,39,1.0,1.0,0.99,1.0,0.99,True,
2018-03-02,500,39,1.0,1.0,0.99,1.0,0.99,True,
2018-03-05,500,39,1.0,1.0,0.99,1.0,0.99,True,
2018-03-06,500,37,1.0,1.0,0.99,1.0,0.99,True,
2018-03-07,500,36,1.0,1.0,0.99,1.0,0.99,True,
2018-03-08,500,35,1.0,1.0,0.99,1.0,0.99,True,
2018-03-09,500,34,1.0,1.0,0.99,1.0,0.99,True,
2018-03-12,500,35,1.0,1.0,0.99,1.0,0.99,True,
2018-03-13,500,34,1.0,1.0,0.99,1.0,0.99,True,
2018-03-14,500,33,1.0,1.0,0.99,1.0,0.99,True,
2018-03-15,500,32,1.0,1.0,0.99,1.0,0.99,True,
2018-03-16,500,32,1.0,1.0,0.99,1.0,0.99,True,
2018-03-19,500,31,1.0,1.0,0.99,1.0,0.99,True,
2018-03-20,500,31,1.0,1.0,0.99,1.0,0.99,True,
2018-03-21,500,31,1.0,1.0,0.99,1.0,0.99,True,
2018-03-22,500,29,1.0,1.0,0.99,1.0,0.99,True,
2018-03-23,500,30,1.0,1.0,0.99,1.0,0.99,True,
2018-03-26,500,30,1.0,1.0,0.99,1.0,0.99,True,
2018-03-27,500,34,1.0,1.0,0.99,1.0,0.99,True,
2018-03-28,500,35,1.0,1.0,0.99,1.0,0.99,True,
2018-03-29,500,33,1.0,1.0,0.99,1.0,0.99,True,
2018-03-30,500,34,1.0,1.0,0.99,1.0,0.99,True,
2018-04-02,500,31,1.0,1.0,0.99,1.0,0.99,True,
2018-04-03,500,31,1.0,1.0,0.99,1.0,0.99,True,
2018-04-04,500,32,1.0,1.0,0.99,1.0,0.99,True,
2018-04-09,500,33,1.0,1.0,0.99,1.0,0.99,True,
2018-04-10,500,31,1.0,1.0,0.99,1.0,0.99,True,
2018-04-11,500,31,1.0,1.0,0.99,1.0,0.99,True,
2018-04-12,500,31,1.0,1.0,0.99,1.0,0.99,True,
2018-04-13,500,30,1.0,1.0,0.99,1.0,0.99,True,
2018-04-16,500,30,1.0,1.0,0.99,1.0,0.99,True,
2018-04-17,500,30,1.0,1.0,0.99,1.0,0.99,True,
2018-04-18,500,30,1.0,1.0,0.99,1.0,0.99,True,
2018-04-19,500,30,1.0,1.0,0.99,1.0,0.99,True,
2018-04-20,500,31,1.0,1.0,0.99,1.0,0.99,True,
2018-04-23,500,30,1.0,1.0,0.99,1.0,0.99,True,
2018-04-24,500,30,1.0,1.0,0.99,1.0,0.99,True,
2018-04-25,500,30,1.0,1.0,0.99,1.0,0.99,True,
2018-04-26,500,31,1.0,1.0,0.99,1.0,0.99,True,
2018-04-27,500,31,1.0,1.0,0.99,1.0,0.99,True,
2018-05-02,500,31,1.0,1.0,0.99,1.0,0.99,True,
2018-05-03,500,31,1.0,1.0,0.99,1.0,0.99,True,
2018-05-04,500,32,1.0,1.0,0.99,1.0,0.99,True,
2018-05-07,500,31,1.0,1.0,0.99,1.0,0.99,True,
2018-05-08,500,31,1.0,1.0,0.99,1.0,0.99,True,
2018-05-09,500,31,1.0,1.0,0.99,1.0,0.99,True,
2018-05-10,500,31,1.0,1.0,0.99,1.0,0.99,True,
2018-05-11,500,33,1.0,1.0,0.99,1.0,0.99,True,
2018-05-14,500,29,1.0,1.0,0.99,1.0,0.99,True,
2018-05-15,500,28,1.0,1.0,0.99,1.0,0.99,True,
2018-05-16,500,27,1.0,1.0,0.99,1.0,0.99,True,
2018-05-17,500,27,1.0,1.0,0.99,1.0,0.99,True,
2018-05-18,500,28,1.0,1.0,0.99,1.0,0.99,True,
2018-05-21,500,28,1.0,1.0,0.99,1.0,0.99,True,
2018-05-22,500,27,1.0,1.0,0.99,1.0,0.99,True,
2018-05-23,500,27,1.0,1.0,0.99,1.0,0.99,True,
2018-05-24,500,28,1.0,1.0,0.99,1.0,0.99,True,
2018-05-25,500,27,1.0,1.0,0.99,1.0,0.99,True,
2018-05-28,500,28,1.0,1.0,0.99,1.0,0.99,True,
2018-05-29,500,29,1.0,1.0,0.99,1.0,0.99,True,
2018-05-30,500,33,1.0,1.0,0.99,1.0,0.99,True,
2018-05-31,500,34,1.0,1.0,0.99,1.0,0.99,True,
2018-06-01,500,34,1.0,1.0,0.99,1.0,0.99,True,
2018-06-04,500,35,1.0,1.0,0.99,1.0,0.99,True,
2018-06-05,500,35,1.0,1.0,0.99,1.0,0.99,True,
2018-06-06,500,37,1.0,1.0,0.99,1.0,0.99,True,
2018-06-07,500,36,1.0,1.0,0.99,1.0,0.99,True,
2018-06-08,500,36,1.0,1.0,0.99,1.0,0.99,True,
2018-06-11,500,32,1.0,1.0,0.99,1.0,0.99,True,
2018-06-12,500,33,1.0,1.0,0.99,1.0,0.99,True,
2018-06-13,500,32,1.0,1.0,0.99,1.0,0.99,True,
2018-06-14,500,32,1.0,1.0,0.99,1.0,0.99,True,
2018-06-15,500,34,1.0,1.0,0.99,1.0,0.99,True,
2018-06-19,500,39,1.0,1.0,0.99,1.0,0.99,True,
2018-06-20,500,37,1.0,1.0,0.99,1.0,0.99,True,
2018-06-21,500,37,1.0,1.0,0.99,1.0,0.99,True,
2018-06-22,500,37,1.0,1.0,0.99,1.0,0.99,True,
2018-06-25,500,37,1.0,1.0,0.99,1.0,0.99,True,
2018-06-26,500,35,1.0,1.0,0.99,1.0,0.99,True,
2018-06-27,500,34,1.0,1.0,0.99,1.0,0.99,True,
2018-06-28,500,33,1.0,1.0,0.99,1.0,0.99,True,
2018-06-29,500,33,1.0,1.0,0.99,1.0,0.99,True,
2018-07-02,500,30,1.0,1.0,0.99,1.0,0.99,True,
2018-07-03,500,29,1.0,1.0,0.99,1.0,0.99,True,
2018-07-04,500,29,1.0,1.0,0.99,1.0,0.99,True,
2018-07-05,500,29,1.0,1.0,0.99,1.0,0.99,True,
2018-07-06,500,29,1.0,1.0,0.99,1.0,0.99,True,
2018-07-09,500,28,1.0,1.0,0.99,1.0,0.99,True,
2018-07-10,500,28,1.0,1.0,0.99,1.0,0.99,True,
2018-07-11,500,28,1.0,1.0,0.99,1.0,0.99,True,
2018-07-12,500,28,1.0,1.0,0.99,1.0,0.99,True,
2018-07-13,500,28,1.0,1.0,0.99,1.0,0.99,True,
2018-07-16,500,27,1.0,1.0,0.99,1.0,0.99,True,
2018-07-17,500,28,1.0,1.0,0.99,1.0,0.99,True,
2018-07-18,500,28,1.0,1.0,0.99,1.0,0.99,True,
2018-07-19,500,28,1.0,1.0,0.99,1.0,0.99,True,
2018-07-20,500,28,1.0,1.0,0.99,1.0,0.99,True,
2018-07-23,500,28,1.0,1.0,0.99,1.0,0.99,True,
2018-07-24,500,28,1.0,1.0,0.99,1.0,0.99,True,
2018-07-25,500,27,1.0,1.0,0.99,1.0,0.99,True,
2018-07-26,500,27,1.0,1.0,0.99,1.0,0.99,True,
2018-07-27,500,27,1.0,1.0,0.99,1.0,0.99,True,
2018-07-30,500,27,1.0,1.0,0.99,1.0,0.99,True,
2018-07-31,500,26,1.0,1.0,0.99,1.0,0.99,True,
2018-08-01,500,25,1.0,1.0,0.99,1.0,0.99,True,
2018-08-02,500,25,1.0,1.0,0.99,1.0,0.99,True,
2018-08-03,500,25,1.0,1.0,0.99,1.0,0.99,True,
2018-08-06,500,25,1.0,1.0,0.99,1.0,0.99,True,
2018-08-07,500,24,1.0,1.0,0.99,1.0,0.99,True,
2018-08-08,500,24,1.0,1.0,0.99,1.0,0.99,True,
2018-08-09,500,24,1.0,1.0,0.99,1.0,0.99,True,
2018-08-10,500,24,1.0,1.0,0.99,1.0,0.99,True,
2018-08-13,500,24,1.0,1.0,0.99,1.0,0.99,True,
2018-08-14,500,23,1.0,1.0,0.99,1.0,0.99,True,
2018-08-15,500,23,1.0,1.0,0.99,1.0,0.99,True,
2018-08-16,500,22,1.0,1.0,0.99,1.0,0.99,True,
2018-08-17,500,22,1.0,1.0,0.99,1.0,0.99,True,
2018-08-20,500,21,1.0,1.0,0.99,1.0,0.99,True,
2018-08-21,500,20,1.0,1.0,0.99,1.0,0.99,True,
2018-08-22,500,20,1.0,1.0,0.99,1.0,0.99,True,
2018-08-23,500,20,1.0,1.0,0.99,1.0,0.99,True,
2018-08-24,500,20,1.0,1.0,0.99,1.0,0.99,True,
2018-08-27,500,19,1.0,1.0,0.99,1.0,0.99,True,
2018-08-28,500,19,1.0,1.0,0.99,1.0,0.99,True,
2018-08-29,500,19,1.0,1.0,0.99,1.0,0.99,True,
2018-08-30,500,19,1.0,1.0,0.99,1.0,0.99,True,
2018-08-31,500,19,1.0,1.0,0.99,1.0,0.99,True,
2018-09-03,500,19,1.0,1.0,0.99,1.0,0.99,True,
2018-09-04,500,19,1.0,1.0,0.99,1.0,0.99,True,
2018-09-05,500,18,1.0,1.0,0.99,1.0,0.99,True,
2018-09-06,500,19,1.0,1.0,0.99,1.0,0.99,True,
2018-09-07,500,20,1.0,1.0,0.99,1.0,0.99,True,
2018-09-10,500,20,1.0,1.0,0.99,1.0,0.99,True,
2018-09-11,500,20,1.0,1.0,0.99,1.0,0.99,True,
2018-09-12,500,20,1.0,1.0,0.99,1.0,0.99,True,
2018-09-13,500,17,1.0,1.0,0.99,1.0,0.99,True,
2018-09-14,500,17,1.0,1.0,0.99,1.0,0.99,True,
2018-09-17,500,16,1.0,1.0,0.99,1.0,0.99,True,
2018-09-18,500,16,1.0,1.0,0.99,1.0,0.99,True,
2018-09-19,500,17,1.0,1.0,0.99,1.0,0.99,True,
2018-09-20,500,17,1.0,1.0,0.99,1.0,0.99,True,
2018-09-21,500,17,1.0,1.0,0.99,1.0,0.99,True,
2018-09-25,500,16,1.0,1.0,0.99,1.0,0.99,True,
2018-09-26,500,16,1.0,1.0,0.99,1.0,0.99,True,
2018-09-27,500,16,1.0,1.0,0.99,1.0,0.99,True,
2018-09-28,500,16,1.0,1.0,0.99,1.0,0.99,True,
2018-10-08,500,17,1.0,1.0,0.99,1.0,0.99,True,
2018-10-09,500,15,1.0,1.0,0.99,1.0,0.99,True,
2018-10-10,500,14,1.0,1.0,0.99,1.0,0.99,True,
2018-10-11,500,13,1.0,1.0,0.99,1.0,0.99,True,
2018-10-12,500,13,1.0,1.0,0.99,1.0,0.99,True,
2018-10-15,500,13,1.0,1.0,0.99,1.0,0.99,True,
2018-10-16,500,10,1.0,1.0,0.99,1.0,0.99,True,
2018-10-17,500,10,1.0,1.0,0.99,1.0,0.99,True,
2018-10-18,500,12,1.0,1.0,0.99,1.0,0.99,True,
2018-10-19,500,14,1.0,1.0,0.99,1.0,0.99,True,
2018-10-22,500,14,1.0,1.0,0.99,1.0,0.99,True,
2018-10-23,500,14,1.0,1.0,0.99,1.0,0.99,True,
2018-10-24,500,14,1.0,1.0,0.99,1.0,0.99,True,
2018-10-25,500,15,1.0,1.0,0.99,1.0,0.99,True,
2018-10-26,500,13,1.0,1.0,0.99,1.0,0.99,True,
2018-10-29,500,11,1.0,1.0,0.99,1.0,0.99,True,
2018-10-30,500,11,1.0,1.0,0.99,1.0,0.99,True,
2018-10-31,500,12,1.0,1.0,0.99,1.0,0.99,True,
2018-11-01,500,11,1.0,1.0,0.99,1.0,0.99,True,
2018-11-02,500,8,1.0,1.0,0.99,1.0,0.99,True,
2018-11-05,500,7,1.0,1.0,0.99,1.0,0.99,True,
2018-11-06,500,8,1.0,1.0,0.99,1.0,0.99,True,
2018-11-07,500,8,1.0,1.0,0.99,1.0,0.99,True,
2018-11-08,500,7,1.0,1.0,0.99,1.0,0.99,True,
2018-11-09,500,7,1.0,1.0,0.99,1.0,0.99,True,
2018-11-12,500,6,1.0,1.0,0.99,1.0,0.99,True,
2018-11-13,500,5,1.0,1.0,0.99,1.0,0.99,True,
2018-11-14,500,5,1.0,1.0,0.99,1.0,0.99,True,
2018-11-15,500,4,1.0,1.0,0.99,1.0,0.99,True,
2018-11-16,500,3,1.0,1.0,0.99,1.0,0.99,True,
2018-11-19,500,2,1.0,1.0,0.99,1.0,0.99,True,
2018-11-20,500,2,1.0,1.0,0.99,1.0,0.99,True,
2018-11-21,500,2,1.0,1.0,0.99,1.0,0.99,True,
2018-11-22,500,2,1.0,1.0,0.99,1.0,0.99,True,
2018-11-23,500,2,1.0,1.0,0.99,1.0,0.99,True,
2018-11-26,500,2,1.0,1.0,0.99,1.0,0.99,True,
2018-11-27,500,2,1.0,1.0,0.99,1.0,0.99,True,
2018-11-28,500,2,1.0,1.0,0.99,1.0,0.99,True,
2018-11-29,500,1,1.0,1.0,0.99,1.0,0.99,True,
2018-11-30,500,1,1.0,1.0,0.99,1.0,0.99,True,
2018-12-03,500,2,1.0,1.0,0.99,1.0,0.99,True,
2018-12-04,500,2,1.0,1.0,0.99,1.0,0.99,True,
2018-12-05,500,1,1.0,1.0,0.99,1.0,0.99,True,
2018-12-06,500,1,1.0,1.0,0.99,1.0,0.99,True,
2018-12-07,500,1,1.0,1.0,0.99,1.0,0.99,True,
2018-12-10,500,1,1.0,1.0,0.99,1.0,0.99,True,
2018-12-11,500,1,1.0,1.0,0.99,1.0,0.99,True,
2018-12-12,500,1,1.0,1.0,0.99,1.0,0.99,True,
2018-12-13,500,2,1.0,1.0,0.99,1.0,0.99,True,
2018-12-14,500,2,1.0,1.0,0.99,1.0,0.99,True,
2018-12-17,500,2,1.0,1.0,0.992,1.0,0.992,True,
2018-12-18,500,2,1.0,1.0,0.992,1.0,0.992,True,
2018-12-19,500,3,1.0,1.0,0.992,1.0,0.992,True,
2018-12-20,500,2,1.0,1.0,0.992,1.0,0.992,True,
2018-12-21,500,1,1.0,1.0,0.992,1.0,0.992,True,
2018-12-24,500,1,1.0,1.0,0.992,1.0,0.992,True,
2018-12-25,500,3,1.0,1.0,0.992,1.0,0.992,True,
2018-12-26,500,3,1.0,1.0,0.992,1.0,0.992,True,
2018-12-27,500,3,1.0,1.0,0.992,1.0,0.992,True,
2018-12-28,500,3,1.0,1.0,0.992,0.998,0.992,True,
2019-01-02,500,2,1.0,0.998,0.992,0.998,0.992,True,
2019-01-03,500,2,1.0,0.998,0.992,0.998,0.992,True,
2019-01-04,500,2,1.0,0.998,0.992,0.998,0.992,True,
2019-01-07,500,2,1.0,0.998,0.992,0.998,0.992,True,
2019-01-08,500,2,1.0,0.998,0.992,0.998,0.992,True,
2019-01-09,500,2,1.0,0.998,0.992,0.998,0.992,True,
2019-01-10,500,1,1.0,0.998,0.992,0.998,0.992,True,
2019-01-11,500,1,1.0,0.998,0.992,0.998,0.992,True,
2019-01-14,500,1,1.0,0.998,0.992,0.998,0.992,True,
2019-01-15,500,1,1.0,0.998,0.992,0.998,0.992,True,
2019-01-16,500,1,1.0,0.998,0.992,0.998,0.992,True,
2019-01-17,500,1,1.0,0.998,0.992,0.998,0.992,True,
2019-01-18,500,0,1.0,1.0,0.994,1.0,0.994,True,
2019-01-21,500,0,1.0,1.0,0.994,1.0,0.994,True,
2019-01-22,500,0,1.0,1.0,0.994,1.0,0.994,True,
2019-01-23,500,1,1.0,1.0,0.994,1.0,0.994,True,
2019-01-24,500,0,1.0,1.0,0.994,1.0,0.994,True,
2019-01-25,500,0,1.0,1.0,0.994,1.0,0.994,True,
2019-01-28,500,0,1.0,1.0,0.994,1.0,0.994,True,
2019-01-29,500,0,1.0,1.0,0.994,1.0,0.994,True,
2019-01-30,500,0,1.0,1.0,0.994,1.0,0.994,True,
2019-01-31,500,0,1.0,1.0,0.994,1.0,0.994,True,
2019-02-01,500,1,1.0,1.0,0.994,1.0,0.994,True,
2019-02-11,500,0,1.0,1.0,0.994,1.0,0.994,True,
2019-02-12,500,0,1.0,1.0,0.994,1.0,0.994,True,
2019-02-13,500,0,1.0,1.0,0.994,1.0,0.994,True,
2019-02-14,500,0,1.0,1.0,0.994,1.0,0.994,True,
2019-02-15,500,0,1.0,1.0,0.994,1.0,0.994,True,
2019-02-18,500,0,1.0,1.0,0.994,1.0,0.994,True,
2019-02-19,500,0,1.0,1.0,0.994,1.0,0.994,True,
2019-02-20,500,1,1.0,1.0,0.994,1.0,0.994,True,
2019-02-21,500,0,1.0,1.0,0.994,1.0,0.994,True,
2019-02-22,500,0,1.0,1.0,0.994,1.0,0.994,True,
2019-02-25,500,0,1.0,1.0,0.994,1.0,0.994,True,
2019-02-26,500,0,1.0,1.0,0.994,1.0,0.994,True,
2019-02-27,500,1,1.0,1.0,0.994,1.0,0.994,True,
2019-02-28,500,0,1.0,1.0,0.994,1.0,0.994,True,
2019-03-01,500,0,1.0,1.0,0.994,1.0,0.994,True,
2019-03-04,500,0,1.0,1.0,0.994,1.0,0.994,True,
2019-03-05,500,0,1.0,1.0,0.994,1.0,0.994,True,
2019-03-06,500,2,1.0,1.0,0.994,1.0,0.994,True,
2019-03-07,500,0,1.0,1.0,0.994,1.0,0.994,True,
2019-03-08,500,0,1.0,1.0,0.994,1.0,0.994,True,
2019-03-11,500,0,1.0,1.0,0.994,1.0,0.994,True,
2019-03-12,500,1,1.0,1.0,0.994,1.0,0.994,True,
2019-03-13,500,1,1.0,1.0,0.994,1.0,0.994,True,
2019-03-14,500,1,1.0,1.0,0.994,1.0,0.994,True,
2019-03-15,500,1,1.0,1.0,0.994,1.0,0.994,True,
2019-03-18,500,1,1.0,1.0,0.994,1.0,0.994,True,
2019-03-19,500,1,1.0,1.0,0.994,1.0,0.994,True,
2019-03-20,500,1,1.0,1.0,0.994,1.0,0.994,True,
2019-03-21,500,1,1.0,1.0,0.994,1.0,0.994,True,
2019-03-22,500,1,1.0,1.0,0.994,1.0,0.994,True,
2019-03-25,500,3,1.0,1.0,0.994,1.0,0.994,True,
2019-03-26,500,2,1.0,1.0,0.994,1.0,0.994,True,
2019-03-27,500,3,1.0,1.0,0.994,1.0,0.994,True,
2019-03-28,500,2,1.0,1.0,0.994,1.0,0.994,True,
2019-03-29,500,2,1.0,1.0,0.994,1.0,0.994,True,
2019-04-01,500,1,1.0,1.0,0.994,1.0,0.994,True,
2019-04-02,500,1,1.0,1.0,0.994,1.0,0.994,True,
2019-04-03,500,3,1.0,1.0,0.994,1.0,0.994,True,
2019-04-04,500,2,1.0,1.0,0.994,1.0,0.994,True,
2019-04-08,500,1,1.0,1.0,0.994,1.0,0.994,True,
2019-04-09,500,1,1.0,1.0,0.994,1.0,0.994,True,
2019-04-10,500,1,1.0,1.0,0.994,1.0,0.994,True,
2019-04-11,500,1,1.0,1.0,0.994,1.0,0.994,True,
2019-04-12,500,0,1.0,1.0,0.994,1.0,0.994,True,
2019-04-15,500,0,1.0,1.0,0.994,1.0,0.994,True,
2019-04-16,500,1,1.0,1.0,0.994,1.0,0.994,True,
2019-04-17,500,0,1.0,1.0,0.994,1.0,0.994,True,
2019-04-18,500,0,1.0,1.0,0.994,1.0,0.994,True,
2019-04-19,500,0,1.0,1.0,0.994,1.0,0.994,True,
2019-04-22,500,0,1.0,1.0,0.994,1.0,0.994,True,
2019-04-23,500,1,1.0,1.0,0.994,1.0,0.994,True,
2019-04-24,500,1,1.0,1.0,0.994,1.0,0.994,True,
2019-04-25,500,3,1.0,1.0,0.994,1.0,0.994,True,
2019-04-26,500,3,1.0,1.0,0.994,1.0,0.994,True,
2019-04-29,500,3,1.0,1.0,0.994,1.0,0.994,True,
2019-04-30,500,3,1.0,1.0,0.994,1.0,0.994,True,
2019-05-06,500,1,1.0,1.0,0.994,1.0,0.994,True,
2019-05-07,500,2,1.0,1.0,0.994,1.0,0.994,True,
2019-05-08,500,2,1.0,1.0,0.994,1.0,0.994,True,
2019-05-09,500,2,1.0,1.0,0.994,1.0,0.994,True,
2019-05-10,500,2,1.0,1.0,0.994,1.0,0.994,True,
2019-05-13,500,2,1.0,1.0,0.994,1.0,0.994,True,
2019-05-14,500,2,1.0,1.0,0.994,1.0,0.994,True,
2019-05-15,500,2,1.0,1.0,0.994,1.0,0.994,True,
2019-05-16,500,2,1.0,1.0,0.994,1.0,0.994,True,
2019-05-17,500,2,1.0,1.0,0.994,1.0,0.994,True,
2019-05-20,500,3,1.0,1.0,0.994,1.0,0.994,True,
2019-05-21,500,2,1.0,1.0,0.994,1.0,0.994,True,
2019-05-22,500,2,1.0,1.0,0.994,1.0,0.994,True,
2019-05-23,500,2,1.0,1.0,0.994,1.0,0.994,True,
2019-05-24,500,2,1.0,1.0,0.994,1.0,0.994,True,
2019-05-27,500,3,1.0,1.0,0.994,1.0,0.994,True,
2019-05-28,500,4,1.0,1.0,0.994,1.0,0.994,True,
2019-05-29,500,4,1.0,1.0,0.994,1.0,0.994,True,
2019-05-30,500,4,1.0,1.0,0.994,1.0,0.994,True,
2019-05-31,500,4,1.0,1.0,0.994,1.0,0.994,True,
2019-06-03,500,3,1.0,1.0,0.994,1.0,0.994,True,
2019-06-04,500,3,1.0,1.0,0.994,1.0,0.994,True,
2019-06-05,500,2,1.0,1.0,0.994,1.0,0.994,True,
2019-06-06,500,2,1.0,1.0,0.994,1.0,0.994,True,
2019-06-10,500,2,1.0,1.0,0.994,1.0,0.994,True,
2019-06-11,500,2,1.0,1.0,0.994,1.0,0.994,True,
2019-06-12,500,1,1.0,1.0,0.994,1.0,0.994,True,
2019-06-13,500,1,1.0,1.0,0.994,1.0,0.994,True,
2019-06-14,500,1,1.0,1.0,0.994,1.0,0.994,True,
2019-06-17,500,1,1.0,1.0,0.996,1.0,0.996,True,
2019-06-18,500,2,1.0,1.0,0.996,1.0,0.996,True,
2019-06-19,500,1,1.0,1.0,0.996,1.0,0.996,True,
2019-06-20,500,1,1.0,1.0,0.996,1.0,0.996,True,
2019-06-21,500,1,1.0,1.0,0.996,1.0,0.996,True,
2019-06-24,500,0,1.0,1.0,0.996,1.0,0.996,True,
2019-06-25,500,0,1.0,1.0,0.996,1.0,0.996,True,
2019-06-26,500,1,1.0,1.0,0.996,1.0,0.996,True,
2019-06-27,500,1,1.0,1.0,0.996,1.0,0.996,True,
2019-06-28,500,0,1.0,1.0,0.996,1.0,0.996,True,
2019-07-01,500,0,1.0,1.0,0.996,1.0,0.996,True,
2019-07-02,500,0,1.0,1.0,0.996,1.0,0.996,True,
2019-07-03,500,0,1.0,1.0,0.996,1.0,0.996,True,
2019-07-04,500,0,1.0,1.0,0.996,1.0,0.996,True,
2019-07-05,500,0,1.0,1.0,0.996,1.0,0.996,True,
2019-07-08,500,0,1.0,1.0,0.996,1.0,0.996,True,
2019-07-09,500,0,1.0,1.0,0.996,1.0,0.996,True,
2019-07-10,500,0,1.0,1.0,0.996,1.0,0.996,True,
2019-07-11,500,0,1.0,1.0,0.996,1.0,0.996,True,
2019-07-12,500,0,1.0,1.0,0.996,1.0,0.996,True,
2019-07-15,500,0,1.0,1.0,0.996,1.0,0.996,True,
2019-07-16,500,1,1.0,1.0,0.996,1.0,0.996,True,
2019-07-17,500,1,1.0,1.0,0.996,1.0,0.996,True,
2019-07-18,500,1,1.0,1.0,0.996,1.0,0.996,True,
2019-07-19,500,1,1.0,1.0,0.996,1.0,0.996,True,
2019-07-22,500,1,1.0,1.0,0.996,1.0,0.996,True,
2019-07-23,500,0,1.0,1.0,0.996,1.0,0.996,True,
2019-07-24,500,1,1.0,1.0,0.996,1.0,0.996,True,
2019-07-25,500,0,1.0,1.0,0.996,1.0,0.996,True,
2019-07-26,500,1,1.0,1.0,0.996,1.0,0.996,True,
2019-07-29,500,1,1.0,1.0,0.996,1.0,0.996,True,
2019-07-30,500,0,1.0,1.0,0.996,1.0,0.996,True,
2019-07-31,500,0,1.0,1.0,0.996,1.0,0.996,True,
2019-08-01,500,0,1.0,1.0,0.996,1.0,0.996,True,
2019-08-02,500,0,1.0,1.0,0.996,1.0,0.996,True,
2019-08-05,500,0,1.0,1.0,0.996,1.0,0.996,True,
2019-08-06,500,0,1.0,1.0,0.996,1.0,0.996,True,
2019-08-07,500,0,1.0,1.0,0.996,1.0,0.996,True,
2019-08-08,500,0,1.0,1.0,0.996,1.0,0.996,True,
2019-08-09,500,0,1.0,1.0,0.996,1.0,0.996,True,
2019-08-12,500,0,1.0,1.0,0.996,1.0,0.996,True,
2019-08-13,500,0,1.0,1.0,0.996,1.0,0.996,True,
2019-08-14,500,1,1.0,1.0,0.996,1.0,0.996,True,
2019-08-15,500,0,1.0,1.0,0.996,1.0,0.996,True,
2019-08-16,500,0,1.0,1.0,0.996,1.0,0.996,True,
2019-08-19,500,0,1.0,1.0,0.996,1.0,0.996,True,
2019-08-20,500,0,1.0,1.0,0.996,1.0,0.996,True,
2019-08-21,500,0,1.0,1.0,0.996,1.0,0.996,True,
2019-08-22,500,0,1.0,1.0,0.996,1.0,0.996,True,
2019-08-23,500,0,1.0,1.0,0.996,1.0,0.996,True,
2019-08-26,500,0,1.0,1.0,0.996,1.0,0.996,True,
2019-08-27,500,0,1.0,1.0,0.996,1.0,0.996,True,
2019-08-28,500,0,1.0,1.0,0.996,1.0,0.996,True,
2019-08-29,500,0,1.0,1.0,0.996,1.0,0.996,True,
2019-08-30,500,0,1.0,1.0,0.996,1.0,0.996,True,
2019-09-02,500,0,1.0,1.0,0.996,1.0,0.996,True,
2019-09-03,500,0,1.0,1.0,0.996,1.0,0.996,True,
2019-09-04,500,0,1.0,1.0,0.996,1.0,0.996,True,
2019-09-05,500,0,1.0,1.0,0.996,1.0,0.996,True,
2019-09-06,500,0,1.0,1.0,0.996,1.0,0.996,True,
2019-09-09,500,0,1.0,1.0,0.996,1.0,0.996,True,
2019-09-10,500,0,1.0,1.0,0.996,1.0,0.996,True,
2019-09-11,500,1,1.0,1.0,0.996,1.0,0.996,True,
2019-09-12,500,1,1.0,1.0,0.996,1.0,0.996,True,
2019-09-16,500,1,1.0,1.0,0.996,1.0,0.996,True,
2019-09-17,500,1,1.0,1.0,0.996,1.0,0.996,True,
2019-09-18,500,1,1.0,1.0,0.996,1.0,0.996,True,
2019-09-19,500,1,1.0,1.0,0.996,1.0,0.996,True,
2019-09-20,500,1,1.0,1.0,0.996,1.0,0.996,True,
2019-09-23,500,1,1.0,1.0,0.996,1.0,0.996,True,
2019-09-24,500,1,1.0,1.0,0.996,1.0,0.996,True,
2019-09-25,500,1,1.0,1.0,0.996,1.0,0.996,True,
2019-09-26,500,2,1.0,1.0,0.996,1.0,0.996,True,
2019-09-27,500,2,1.0,1.0,0.996,1.0,0.996,True,
2019-09-30,500,1,1.0,1.0,0.996,1.0,0.996,True,
2019-10-08,500,2,1.0,1.0,0.996,1.0,0.996,True,
2019-10-09,500,2,1.0,1.0,0.996,1.0,0.996,True,
2019-10-10,500,2,1.0,1.0,0.996,1.0,0.996,True,
2019-10-11,500,2,1.0,1.0,0.996,1.0,0.996,True,
2019-10-14,500,2,1.0,1.0,0.996,1.0,0.996,True,
2019-10-15,500,2,1.0,1.0,0.996,1.0,0.996,True,
2019-10-16,500,2,1.0,1.0,0.996,1.0,0.996,True,
2019-10-17,500,2,1.0,1.0,0.996,1.0,0.996,True,
2019-10-18,500,2,1.0,1.0,0.996,1.0,0.996,True,
2019-10-21,500,2,1.0,1.0,0.996,1.0,0.996,True,
2019-10-22,500,1,1.0,1.0,0.996,1.0,0.996,True,
2019-10-23,500,1,1.0,1.0,0.996,1.0,0.996,True,
2019-10-24,500,1,1.0,1.0,0.996,1.0,0.996,True,
2019-10-25,500,1,1.0,1.0,0.996,1.0,0.996,True,
2019-10-28,500,2,1.0,1.0,0.996,1.0,0.996,True,
2019-10-29,500,2,1.0,1.0,0.996,1.0,0.996,True,
2019-10-30,500,3,1.0,1.0,0.996,1.0,0.996,True,
2019-10-31,500,1,1.0,1.0,0.996,1.0,0.996,True,
2019-11-01,500,1,1.0,1.0,0.996,1.0,0.996,True,
2019-11-04,500,0,1.0,1.0,0.996,1.0,0.996,True,
2019-11-05,500,0,1.0,1.0,0.996,1.0,0.996,True,
2019-11-06,500,0,1.0,1.0,0.996,1.0,0.996,True,
2019-11-07,500,0,1.0,1.0,0.996,1.0,0.996,True,
2019-11-08,500,0,1.0,1.0,0.996,1.0,0.996,True,
2019-11-11,500,0,1.0,1.0,0.996,1.0,0.996,True,
2019-11-12,500,0,1.0,1.0,0.996,1.0,0.996,True,
2019-11-13,500,0,1.0,1.0,0.996,1.0,0.996,True,
2019-11-14,500,0,1.0,1.0,0.996,1.0,0.996,True,
2019-11-15,500,0,1.0,1.0,0.996,1.0,0.996,True,
2019-11-18,500,0,1.0,1.0,0.996,1.0,0.996,True,
2019-11-19,500,0,1.0,1.0,0.996,1.0,0.996,True,
2019-11-20,500,0,1.0,1.0,0.996,1.0,0.996,True,
2019-11-21,500,0,1.0,1.0,0.996,1.0,0.996,True,
2019-11-22,500,0,1.0,1.0,0.996,1.0,0.996,True,
2019-11-25,500,1,1.0,1.0,0.996,1.0,0.996,True,
2019-11-26,500,1,1.0,1.0,0.996,1.0,0.996,True,
2019-11-27,500,1,1.0,1.0,0.996,1.0,0.996,True,
2019-11-28,500,1,1.0,1.0,0.996,1.0,0.996,True,
2019-11-29,500,1,1.0,1.0,0.996,1.0,0.996,True,
2019-12-02,500,2,1.0,1.0,0.996,1.0,0.996,True,
2019-12-03,500,2,1.0,1.0,0.996,1.0,0.996,True,
2019-12-04,500,3,1.0,1.0,0.996,1.0,0.996,True,
2019-12-05,500,3,1.0,1.0,0.996,1.0,0.996,True,
2019-12-06,500,3,1.0,1.0,0.996,1.0,0.996,True,
2019-12-09,500,2,1.0,1.0,0.996,1.0,0.996,True,
2019-12-10,500,2,1.0,1.0,0.996,1.0,0.996,True,
2019-12-11,500,2,1.0,1.0,0.996,1.0,0.996,True,
2019-12-12,500,2,1.0,1.0,0.996,1.0,0.996,True,
2019-12-13,500,1,1.0,1.0,0.996,1.0,0.996,True,
2019-12-16,500,0,1.0,1.0,0.994,1.0,0.994,True,
2019-12-17,500,0,1.0,1.0,0.994,1.0,0.994,True,
2019-12-18,500,0,1.0,1.0,0.994,1.0,0.994,True,
2019-12-19,500,0,1.0,1.0,0.994,1.0,0.994,True,
2019-12-20,500,0,1.0,1.0,0.994,1.0,0.994,True,
2019-12-23,500,0,1.0,1.0,0.994,1.0,0.994,True,
2019-12-24,500,0,1.0,1.0,0.994,1.0,0.994,True,
2019-12-25,500,0,1.0,1.0,0.994,1.0,0.994,True,
2019-12-26,500,0,1.0,1.0,0.994,1.0,0.994,True,
2019-12-27,500,0,1.0,1.0,0.994,1.0,0.994,True,
2019-12-30,500,0,1.0,1.0,0.994,1.0,0.994,True,
2019-12-31,500,0,1.0,1.0,0.994,1.0,0.994,True,
2020-01-02,500,0,1.0,1.0,0.994,1.0,0.994,True,
2020-01-03,500,0,1.0,1.0,0.994,1.0,0.994,True,
2020-01-06,500,1,1.0,1.0,0.994,1.0,0.994,True,
2020-01-07,500,1,1.0,1.0,0.994,1.0,0.994,True,
2020-01-08,500,1,1.0,1.0,0.994,1.0,0.994,True,
2020-01-09,500,1,1.0,1.0,0.994,1.0,0.994,True,
2020-01-10,500,2,1.0,1.0,0.994,1.0,0.994,True,
2020-01-13,500,1,1.0,1.0,0.994,1.0,0.994,True,
2020-01-14,500,0,1.0,1.0,0.994,1.0,0.994,True,
2020-01-15,500,0,1.0,1.0,0.994,1.0,0.994,True,
2020-01-16,500,1,1.0,1.0,0.994,1.0,0.994,True,
2020-01-17,500,0,1.0,1.0,0.994,1.0,0.994,True,
2020-01-20,500,0,1.0,1.0,0.994,1.0,0.994,True,
2020-01-21,500,0,1.0,1.0,0.994,1.0,0.994,True,
2020-01-22,500,0,1.0,1.0,0.994,1.0,0.994,True,
2020-01-23,500,0,1.0,1.0,0.994,1.0,0.994,True,
2020-02-03,500,0,1.0,1.0,0.994,1.0,0.994,True,
2020-02-04,500,0,1.0,1.0,0.994,1.0,0.994,True,
2020-02-05,500,0,1.0,1.0,0.994,1.0,0.994,True,
2020-02-06,500,0,1.0,1.0,0.994,1.0,0.994,True,
2020-02-07,500,0,1.0,1.0,0.994,1.0,0.994,True,
2020-02-10,500,0,1.0,1.0,0.994,1.0,0.994,True,
2020-02-11,500,0,1.0,1.0,0.994,1.0,0.994,True,
2020-02-12,500,0,1.0,1.0,0.994,1.0,0.994,True,
2020-02-13,500,0,1.0,1.0,0.994,1.0,0.994,True,
2020-02-14,500,0,1.0,1.0,0.994,1.0,0.994,True,
2020-02-17,500,0,1.0,1.0,0.994,1.0,0.994,True,
2020-02-18,500,0,1.0,1.0,0.994,1.0,0.994,True,
2020-02-19,500,0,1.0,1.0,0.994,1.0,0.994,True,
2020-02-20,500,0,1.0,1.0,0.994,1.0,0.994,True,
2020-02-21,500,0,1.0,1.0,0.994,1.0,0.994,True,
2020-02-24,500,0,1.0,1.0,0.994,1.0,0.994,True,
2020-02-25,500,0,1.0,1.0,0.994,1.0,0.994,True,
2020-02-26,500,0,1.0,1.0,0.994,1.0,0.994,True,
2020-02-27,500,0,1.0,1.0,0.994,1.0,0.994,True,
2020-02-28,500,0,1.0,1.0,0.994,1.0,0.994,True,
2020-03-02,500,0,1.0,1.0,0.994,1.0,0.994,True,
2020-03-03,500,0,1.0,1.0,0.994,1.0,0.994,True,
2020-03-04,500,0,1.0,1.0,0.994,1.0,0.994,True,
2020-03-05,500,0,1.0,1.0,0.994,1.0,0.994,True,
2020-03-06,500,0,1.0,1.0,0.994,1.0,0.994,True,
2020-03-09,500,1,1.0,1.0,0.994,1.0,0.994,True,
2020-03-10,500,1,1.0,1.0,0.994,1.0,0.994,True,
2020-03-11,500,0,1.0,1.0,0.994,1.0,0.994,True,
2020-03-12,500,2,1.0,1.0,0.994,1.0,0.994,True,
2020-03-13,500,1,1.0,1.0,0.994,1.0,0.994,True,
2020-03-16,500,1,1.0,1.0,0.994,1.0,0.994,True,
2020-03-17,500,1,1.0,1.0,0.994,1.0,0.994,True,
2020-03-18,500,1,1.0,1.0,0.994,1.0,0.994,True,
2020-03-19,500,2,1.0,1.0,0.994,1.0,0.994,True,
2020-03-20,500,1,1.0,1.0,0.994,1.0,0.994,True,
2020-03-23,500,2,1.0,1.0,0.994,1.0,0.994,True,
2020-03-24,500,2,1.0,1.0,0.994,1.0,0.994,True,
2020-03-25,500,2,1.0,1.0,0.994,1.0,0.994,True,
2020-03-26,500,2,1.0,1.0,0.994,1.0,0.994,True,
2020-03-27,500,1,1.0,1.0,0.994,1.0,0.994,True,
2020-03-30,500,1,1.0,1.0,0.994,1.0,0.994,True,
2020-03-31,500,1,1.0,1.0,0.994,1.0,0.994,True,
2020-04-01,500,1,1.0,1.0,0.994,1.0,0.994,True,
2020-04-02,500,1,1.0,1.0,0.994,1.0,0.994,True,
2020-04-03,500,0,1.0,1.0,0.994,1.0,0.994,True,
2020-04-07,500,1,1.0,1.0,0.994,1.0,0.994,True,
2020-04-08,500,0,1.0,1.0,0.994,1.0,0.994,True,
2020-04-09,500,0,1.0,1.0,0.994,1.0,0.994,True,
2020-04-10,500,0,1.0,1.0,0.994,1.0,0.994,True,
2020-04-13,500,1,1.0,1.0,0.994,1.0,0.994,True,
2020-04-14,500,1,1.0,1.0,0.994,1.0,0.994,True,
2020-04-15,500,2,1.0,1.0,0.994,1.0,0.994,True,
2020-04-16,500,1,1.0,1.0,0.994,1.0,0.994,True,
2020-04-17,500,1,1.0,1.0,0.994,1.0,0.994,True,
2020-04-20,500,0,1.0,1.0,0.994,1.0,0.994,True,
2020-04-21,500,0,1.0,1.0,0.994,1.0,0.994,True,
2020-04-22,500,0,1.0,1.0,0.994,1.0,0.994,True,
2020-04-23,500,0,1.0,1.0,0.994,1.0,0.994,True,
2020-04-24,500,0,1.0,1.0,0.994,1.0,0.994,True,
2020-04-27,500,0,1.0,1.0,0.994,1.0,0.994,True,
2020-04-28,500,2,1.0,1.0,0.994,1.0,0.994,True,
2020-04-29,500,3,1.0,1.0,0.994,1.0,0.994,True,
2020-04-30,500,2,1.0,1.0,0.994,1.0,0.994,True,
2020-05-06,500,2,1.0,1.0,0.994,1.0,0.994,True,
2020-05-07,500,1,1.0,1.0,0.994,1.0,0.994,True,
2020-05-08,500,1,1.0,1.0,0.994,1.0,0.994,True,
2020-05-11,500,1,1.0,1.0,0.994,1.0,0.994,True,
2020-05-12,500,1,1.0,1.0,0.994,1.0,0.994,True,
2020-05-13,500,1,1.0,1.0,0.994,1.0,0.994,True,
2020-05-14,500,0,1.0,1.0,0.994,1.0,0.994,True,
2020-05-15,500,0,1.0,1.0,0.994,1.0,0.994,True,
2020-05-18,500,0,1.0,1.0,0.994,1.0,0.994,True,
2020-05-19,500,0,1.0,1.0,0.994,1.0,0.994,True,
2020-05-20,500,1,1.0,1.0,0.994,1.0,0.994,True,
2020-05-21,500,1,1.0,1.0,0.994,1.0,0.994,True,
2020-05-22,500,1,1.0,1.0,0.994,1.0,0.994,True,
2020-05-25,500,1,1.0,1.0,0.994,1.0,0.994,True,
2020-05-26,500,1,1.0,1.0,0.994,1.0,0.994,True,
2020-05-27,500,2,1.0,1.0,0.994,1.0,0.994,True,
2020-05-28,500,2,1.0,1.0,0.994,1.0,0.994,True,
2020-05-29,500,1,1.0,1.0,0.994,1.0,0.994,True,
2020-06-01,500,2,1.0,1.0,0.994,1.0,0.994,True,
2020-06-02,500,1,1.0,1.0,0.994,1.0,0.994,True,
2020-06-03,500,1,1.0,1.0,0.994,1.0,0.994,True,
2020-06-04,500,1,1.0,1.0,0.994,1.0,0.994,True,
2020-06-05,500,2,1.0,1.0,0.994,1.0,0.994,True,
2020-06-08,500,1,1.0,1.0,0.994,1.0,0.994,True,
2020-06-09,500,1,1.0,1.0,0.994,1.0,0.994,True,
2020-06-10,500,2,1.0,1.0,0.994,1.0,0.994,True,
2020-06-11,500,1,1.0,1.0,0.994,1.0,0.994,True,
2020-06-12,500,1,1.0,1.0,0.994,1.0,0.994,True,
2020-06-15,500,0,1.0,1.0,0.996,1.0,0.996,True,
2020-06-16,500,0,1.0,1.0,0.996,1.0,0.996,True,
2020-06-17,500,1,1.0,1.0,0.996,1.0,0.996,True,
2020-06-18,500,1,1.0,1.0,0.996,1.0,0.996,True,
2020-06-19,500,1,1.0,1.0,0.996,1.0,0.996,True,
2020-06-22,500,2,1.0,1.0,0.996,1.0,0.996,True,
2020-06-23,500,2,1.0,1.0,0.996,1.0,0.996,True,
2020-06-24,500,2,1.0,1.0,0.996,1.0,0.996,True,
2020-06-29,500,1,1.0,1.0,0.996,1.0,0.996,True,
2020-06-30,500,2,1.0,1.0,0.996,1.0,0.996,True,
2020-07-01,500,1,1.0,1.0,0.996,1.0,0.996,True,
2020-07-02,500,1,1.0,1.0,0.996,1.0,0.996,True,
2020-07-03,500,1,1.0,1.0,0.996,1.0,0.996,True,
2020-07-06,500,1,1.0,1.0,0.996,1.0,0.996,True,
2020-07-07,500,1,1.0,1.0,0.996,1.0,0.996,True,
2020-07-08,500,0,1.0,1.0,0.996,1.0,0.996,True,
2020-07-09,500,0,1.0,1.0,0.996,1.0,0.996,True,
2020-07-10,500,0,1.0,1.0,0.996,1.0,0.996,True,
2020-07-13,500,1,1.0,1.0,0.996,1.0,0.996,True,
2020-07-14,500,1,1.0,1.0,0.996,1.0,0.996,True,
2020-07-15,500,2,1.0,1.0,0.996,1.0,0.996,True,
2020-07-16,500,2,1.0,1.0,0.996,1.0,0.996,True,
2020-07-17,500,2,1.0,1.0,0.996,1.0,0.996,True,
2020-07-20,500,2,1.0,1.0,0.996,1.0,0.996,True,
2020-07-21,500,2,1.0,1.0,0.996,1.0,0.996,True,
2020-07-22,500,2,1.0,1.0,0.996,1.0,0.996,True,
2020-07-23,500,2,1.0,1.0,0.996,1.0,0.996,True,
2020-07-24,500,2,1.0,1.0,0.996,1.0,0.996,True,
2020-07-27,500,2,1.0,1.0,0.996,1.0,0.996,True,
2020-07-28,500,2,1.0,1.0,0.996,1.0,0.996,True,
2020-07-29,500,2,1.0,1.0,0.996,1.0,0.996,True,
2020-07-30,500,2,1.0,1.0,0.996,1.0,0.996,True,
2020-07-31,500,2,1.0,1.0,0.996,1.0,0.996,True,
2020-08-03,500,2,1.0,1.0,0.996,1.0,0.996,True,
2020-08-04,500,2,1.0,1.0,0.996,1.0,0.996,True,
2020-08-05,500,1,1.0,1.0,0.996,1.0,0.996,True,
2020-08-06,500,1,1.0,1.0,0.996,1.0,0.996,True,
2020-08-07,500,1,1.0,1.0,0.996,1.0,0.996,True,
2020-08-10,500,0,1.0,1.0,0.996,1.0,0.996,True,
2020-08-11,500,0,1.0,1.0,0.996,1.0,0.996,True,
2020-08-12,500,0,1.0,1.0,0.996,1.0,0.996,True,
2020-08-13,500,0,1.0,1.0,0.996,1.0,0.996,True,
2020-08-14,500,0,1.0,1.0,0.996,1.0,0.996,True,
2020-08-17,500,0,1.0,1.0,0.996,1.0,0.996,True,
2020-08-18,500,0,1.0,1.0,0.996,1.0,0.996,True,
2020-08-19,500,1,1.0,1.0,0.996,1.0,0.996,True,
2020-08-20,500,2,1.0,1.0,0.996,1.0,0.996,True,
2020-08-21,500,3,1.0,1.0,0.996,1.0,0.996,True,
2020-08-24,500,1,1.0,1.0,0.996,1.0,0.996,True,
2020-08-25,500,2,1.0,1.0,0.996,1.0,0.996,True,
2020-08-26,500,1,1.0,1.0,0.996,1.0,0.996,True,
2020-08-27,500,0,1.0,1.0,0.996,1.0,0.996,True,
2020-08-28,500,0,1.0,1.0,0.996,1.0,0.996,True,
2020-08-31,500,0,1.0,1.0,0.996,1.0,0.996,True,
2020-09-01,500,1,1.0,1.0,0.996,1.0,0.996,True,
2020-09-02,500,1,1.0,1.0,0.996,1.0,0.996,True,
2020-09-03,500,1,1.0,1.0,0.996,1.0,0.996,True,
2020-09-04,500,1,1.0,1.0,0.996,1.0,0.996,True,
2020-09-07,500,1,1.0,1.0,0.996,1.0,0.996,True,
2020-09-08,500,0,1.0,1.0,0.996,1.0,0.996,True,
2020-09-09,500,0,1.0,1.0,0.996,1.0,0.996,True,
2020-09-10,500,1,1.0,1.0,0.996,1.0,0.996,True,
2020-09-11,500,1,1.0,1.0,0.996,1.0,0.996,True,
2020-09-14,500,1,1.0,1.0,0.996,1.0,0.996,True,
2020-09-15,500,1,1.0,1.0,0.996,1.0,0.996,True,
2020-09-16,500,2,1.0,1.0,0.996,1.0,0.996,True,
2020-09-17,500,1,1.0,1.0,0.996,1.0,0.996,True,
2020-09-18,500,1,1.0,1.0,0.996,1.0,0.996,True,
2020-09-21,500,3,1.0,1.0,0.996,1.0,0.996,True,
2020-09-22,500,3,1.0,1.0,0.996,1.0,0.996,True,
2020-09-23,500,3,1.0,1.0,0.996,1.0,0.996,True,
2020-09-24,500,3,1.0,1.0,0.996,1.0,0.996,True,
2020-09-25,500,2,1.0,1.0,0.996,1.0,0.996,True,
2020-09-28,500,2,1.0,1.0,0.996,1.0,0.996,True,
2020-09-29,500,1,1.0,1.0,0.996,1.0,0.996,True,
2020-09-30,500,1,1.0,1.0,0.996,1.0,0.996,True,
2020-10-09,500,1,1.0,1.0,0.996,1.0,0.996,True,
2020-10-12,500,1,1.0,1.0,0.996,1.0,0.996,True,
2020-10-13,500,0,1.0,1.0,0.996,1.0,0.996,True,
2020-10-14,500,0,1.0,1.0,0.996,1.0,0.996,True,
2020-10-15,500,0,1.0,1.0,0.996,1.0,0.996,True,
2020-10-16,500,0,1.0,1.0,0.996,1.0,0.996,True,
2020-10-19,500,1,1.0,1.0,0.996,1.0,0.996,True,
2020-10-20,500,1,1.0,1.0,0.996,1.0,0.996,True,
2020-10-21,500,1,1.0,1.0,0.996,1.0,0.996,True,
2020-10-22,500,1,1.0,1.0,0.996,1.0,0.996,True,
2020-10-23,500,1,1.0,1.0,0.996,1.0,0.996,True,
2020-10-26,500,1,1.0,1.0,0.996,1.0,0.996,True,
2020-10-27,500,1,1.0,1.0,0.996,1.0,0.996,True,
2020-10-28,500,1,1.0,1.0,0.996,1.0,0.996,True,
2020-10-29,500,1,1.0,1.0,0.996,1.0,0.996,True,
2020-10-30,500,1,1.0,1.0,0.996,1.0,0.996,True,
2020-11-02,500,1,1.0,1.0,0.996,1.0,0.996,True,
2020-11-03,500,1,1.0,1.0,0.996,1.0,0.996,True,
2020-11-04,500,1,1.0,1.0,0.996,1.0,0.996,True,
2020-11-05,500,1,1.0,1.0,0.996,1.0,0.996,True,
2020-11-06,500,1,1.0,1.0,0.996,1.0,0.996,True,
2020-11-09,500,0,1.0,1.0,0.996,1.0,0.996,True,
2020-11-10,500,0,1.0,1.0,0.996,1.0,0.996,True,
2020-11-11,500,0,1.0,1.0,0.996,1.0,0.996,True,
2020-11-12,500,0,1.0,1.0,0.996,1.0,0.996,True,
2020-11-13,500,1,1.0,1.0,0.996,1.0,0.996,True,
2020-11-16,500,2,1.0,1.0,0.996,1.0,0.996,True,
2020-11-17,500,2,1.0,1.0,0.996,1.0,0.996,True,
2020-11-18,500,1,1.0,1.0,0.996,1.0,0.996,True,
2020-11-19,500,2,1.0,1.0,0.996,1.0,0.996,True,
2020-11-20,500,2,1.0,1.0,0.996,1.0,0.996,True,
2020-11-23,500,2,1.0,1.0,0.996,1.0,0.996,True,
2020-11-24,500,3,1.0,1.0,0.996,1.0,0.996,True,
2020-11-25,500,2,1.0,1.0,0.996,1.0,0.996,True,
2020-11-26,500,1,1.0,1.0,0.996,1.0,0.996,True,
2020-11-27,500,1,1.0,1.0,0.996,1.0,0.996,True,
2020-11-30,500,1,1.0,1.0,0.996,1.0,0.996,True,
2020-12-01,500,1,1.0,1.0,0.996,1.0,0.996,True,
2020-12-02,500,3,1.0,1.0,0.996,1.0,0.996,True,
2020-12-03,500,2,1.0,1.0,0.996,1.0,0.996,True,
2020-12-04,500,2,1.0,1.0,0.996,1.0,0.996,True,
2020-12-07,500,3,1.0,1.0,0.996,1.0,0.996,True,
2020-12-08,500,1,1.0,1.0,0.996,1.0,0.996,True,
2020-12-09,500,1,1.0,1.0,0.996,1.0,0.996,True,
2020-12-10,500,1,1.0,1.0,0.996,1.0,0.996,True,
2020-12-11,500,1,1.0,1.0,0.996,1.0,0.996,True,
2020-12-14,500,1,1.0,1.0,0.996,1.0,0.996,True,
2020-12-15,500,1,1.0,1.0,0.996,1.0,0.996,True,
2020-12-16,500,0,1.0,1.0,0.996,1.0,0.996,True,
2020-12-17,500,0,1.0,1.0,0.996,1.0,0.996,True,
2020-12-18,500,0,1.0,1.0,0.996,1.0,0.996,True,
2020-12-21,500,0,1.0,1.0,0.996,1.0,0.996,True,
2020-12-22,500,0,1.0,1.0,0.996,1.0,0.996,True,
2020-12-23,500,0,1.0,1.0,0.996,1.0,0.996,True,
2020-12-24,500,0,1.0,1.0,0.996,1.0,0.996,True,
2020-12-25,500,0,1.0,1.0,0.996,1.0,0.996,True,
2020-12-28,500,0,1.0,1.0,0.996,1.0,0.996,True,
2020-12-29,500,0,1.0,1.0,0.996,1.0,0.996,True,
2020-12-30,500,1,1.0,1.0,0.996,1.0,0.996,True,
2020-12-31,500,1,1.0,1.0,0.996,1.0,0.996,True,
2021-01-04,500,1,1.0,1.0,0.996,1.0,0.996,True,
2021-01-05,500,1,1.0,1.0,0.996,1.0,0.996,True,
2021-01-06,500,2,1.0,1.0,0.996,1.0,0.996,True,
2021-01-07,500,1,1.0,1.0,0.996,1.0,0.996,True,
2021-01-08,500,0,1.0,1.0,0.996,1.0,0.996,True,
2021-01-11,500,1,1.0,1.0,0.996,1.0,0.996,True,
2021-01-12,500,1,1.0,1.0,0.996,1.0,0.996,True,
2021-01-13,500,1,1.0,1.0,0.996,1.0,0.996,True,
2021-01-14,500,2,1.0,1.0,0.996,1.0,0.996,True,
2021-01-15,500,4,1.0,1.0,0.996,1.0,0.996,True,
2021-01-18,500,5,1.0,1.0,0.996,1.0,0.996,True,
2021-01-19,500,5,1.0,1.0,0.996,1.0,0.996,True,
2021-01-20,500,5,1.0,1.0,0.996,1.0,0.996,True,
2021-01-21,500,5,1.0,1.0,0.996,1.0,0.996,True,
2021-01-22,500,4,1.0,1.0,0.996,1.0,0.996,True,
2021-01-25,500,3,1.0,1.0,0.996,1.0,0.996,True,
2021-01-26,500,3,1.0,1.0,0.996,1.0,0.996,True,
2021-01-27,500,3,1.0,1.0,0.996,1.0,0.996,True,
2021-01-28,500,2,1.0,1.0,0.996,1.0,0.996,True,
2021-01-29,500,1,1.0,1.0,0.996,1.0,0.996,True,
2021-02-01,500,0,1.0,1.0,0.996,1.0,0.996,True,
2021-02-02,500,0,1.0,1.0,0.996,1.0,0.996,True,
2021-02-03,500,0,1.0,1.0,0.996,1.0,0.996,True,
2021-02-04,500,0,1.0,1.0,0.996,1.0,0.996,True,
2021-02-05,500,0,1.0,1.0,0.996,1.0,0.996,True,
2021-02-08,500,0,1.0,1.0,0.996,1.0,0.996,True,
2021-02-09,500,0,1.0,1.0,0.996,1.0,0.996,True,
2021-02-10,500,0,1.0,1.0,0.996,1.0,0.996,True,
2021-02-18,500,2,1.0,1.0,0.996,1.0,0.996,True,
2021-02-19,500,0,1.0,1.0,0.996,1.0,0.996,True,
2021-02-22,500,0,1.0,1.0,0.996,1.0,0.996,True,
2021-02-23,500,1,1.0,1.0,0.996,1.0,0.996,True,
2021-02-24,500,0,1.0,1.0,0.996,1.0,0.996,True,
2021-02-25,500,0,1.0,1.0,0.996,1.0,0.996,True,
2021-02-26,500,0,1.0,1.0,0.996,1.0,0.996,True,
2021-03-01,500,1,1.0,1.0,0.996,1.0,0.996,True,
2021-03-02,500,1,1.0,1.0,0.996,1.0,0.996,True,
2021-03-03,500,1,1.0,1.0,0.996,1.0,0.996,True,
2021-03-04,500,1,1.0,1.0,0.996,1.0,0.996,True,
2021-03-05,500,1,1.0,1.0,0.996,1.0,0.996,True,
2021-03-08,500,0,1.0,1.0,0.996,1.0,0.996,True,
2021-03-09,500,0,1.0,1.0,0.996,1.0,0.996,True,
2021-03-10,500,0,1.0,1.0,0.996,1.0,0.996,True,
2021-03-11,500,0,1.0,1.0,0.996,1.0,0.996,True,
2021-03-12,500,0,1.0,1.0,0.996,1.0,0.996,True,
2021-03-15,500,0,1.0,1.0,0.996,1.0,0.996,True,
2021-03-16,500,0,1.0,1.0,0.996,1.0,0.996,True,
2021-03-17,500,0,1.0,1.0,0.996,1.0,0.996,True,
2021-03-18,500,1,1.0,1.0,0.996,1.0,0.996,True,
2021-03-19,500,1,1.0,1.0,0.996,1.0,0.996,True,
2021-03-22,500,1,1.0,1.0,0.996,1.0,0.996,True,
2021-03-23,500,1,1.0,1.0,0.996,1.0,0.996,True,
2021-03-24,500,2,1.0,1.0,0.996,1.0,0.996,True,
2021-03-25,500,1,1.0,1.0,0.996,1.0,0.996,True,
2021-03-26,500,1,1.0,1.0,0.996,1.0,0.996,True,
2021-03-29,500,1,1.0,1.0,0.996,1.0,0.996,True,
2021-03-30,500,1,1.0,1.0,0.996,1.0,0.996,True,
2021-03-31,500,2,1.0,1.0,0.996,1.0,0.996,True,
2021-04-01,500,0,1.0,1.0,0.996,1.0,0.996,True,
2021-04-02,500,0,1.0,1.0,0.996,1.0,0.996,True,
2021-04-06,500,0,1.0,1.0,0.996,1.0,0.996,True,
2021-04-07,500,0,1.0,1.0,0.996,1.0,0.996,True,
2021-04-08,500,0,1.0,1.0,0.996,1.0,0.996,True,
2021-04-09,500,0,1.0,1.0,0.996,1.0,0.996,True,
2021-04-12,500,0,1.0,1.0,0.996,1.0,0.996,True,
2021-04-13,500,0,1.0,1.0,0.996,1.0,0.996,True,
2021-04-14,500,0,1.0,1.0,0.996,1.0,0.996,True,
2021-04-15,500,0,1.0,1.0,0.996,1.0,0.996,True,
2021-04-16,500,0,1.0,1.0,0.996,1.0,0.996,True,
2021-04-19,500,0,1.0,1.0,0.996,1.0,0.996,True,
2021-04-20,500,0,1.0,1.0,0.996,1.0,0.996,True,
2021-04-21,500,0,1.0,1.0,0.996,1.0,0.996,True,
2021-04-22,500,0,1.0,1.0,0.996,1.0,0.996,True,
2021-04-23,500,0,1.0,1.0,0.996,1.0,0.996,True,
2021-04-26,500,1,1.0,1.0,0.996,1.0,0.996,True,
2021-04-27,500,1,1.0,1.0,0.996,1.0,0.996,True,
2021-04-28,500,1,1.0,1.0,0.996,1.0,0.996,True,
2021-04-29,500,1,1.0,1.0,0.996,1.0,0.996,True,
2021-04-30,500,3,1.0,1.0,0.996,1.0,0.996,True,
2021-05-06,500,2,1.0,1.0,0.996,1.0,0.996,True,
2021-05-07,500,1,1.0,1.0,0.996,1.0,0.996,True,
2021-05-10,500,1,1.0,1.0,0.996,1.0,0.996,True,
2021-05-11,500,1,1.0,1.0,0.996,1.0,0.996,True,
2021-05-12,500,1,1.0,1.0,0.996,1.0,0.996,True,
2021-05-13,500,0,1.0,1.0,0.996,1.0,0.996,True,
2021-05-14,500,0,1.0,1.0,0.996,1.0,0.996,True,
2021-05-17,500,0,1.0,1.0,0.996,1.0,0.996,True,
2021-05-18,500,0,1.0,1.0,0.996,1.0,0.996,True,
2021-05-19,500,0,1.0,1.0,0.996,1.0,0.996,True,
2021-05-20,500,0,1.0,1.0,0.996,1.0,0.996,True,
2021-05-21,500,0,1.0,1.0,0.996,1.0,0.996,True,
2021-05-24,500,0,1.0,1.0,0.996,1.0,0.996,True,
2021-05-25,500,0,1.0,1.0,0.996,1.0,0.996,True,
2021-05-26,500,0,1.0,1.0,0.996,1.0,0.996,True,
2021-05-27,500,0,1.0,1.0,0.996,1.0,0.996,True,
2021-05-28,500,0,1.0,1.0,0.996,1.0,0.996,True,
2021-05-31,500,0,1.0,1.0,0.996,1.0,0.996,True,
2021-06-01,500,0,1.0,1.0,0.996,1.0,0.996,True,
2021-06-02,500,1,1.0,1.0,0.996,1.0,0.996,True,
2021-06-03,500,1,1.0,1.0,0.996,1.0,0.996,True,
2021-06-04,500,1,1.0,1.0,0.996,1.0,0.996,True,
2021-06-07,500,1,1.0,1.0,0.996,1.0,0.996,True,
2021-06-08,500,1,1.0,1.0,0.996,1.0,0.996,True,
2021-06-09,500,1,1.0,1.0,0.996,1.0,0.996,True,
2021-06-10,500,0,1.0,1.0,0.996,1.0,0.996,True,
2021-06-11,500,0,1.0,1.0,0.996,1.0,0.996,True,
2021-06-15,500,0,1.0,1.0,0.994,1.0,0.994,True,
2021-06-16,500,0,1.0,1.0,0.994,1.0,0.994,True,
2021-06-17,500,0,1.0,1.0,0.994,1.0,0.994,True,
2021-06-18,500,0,1.0,1.0,0.994,1.0,0.994,True,
2021-06-21,500,0,1.0,1.0,0.994,1.0,0.994,True,
2021-06-22,500,0,1.0,1.0,0.994,1.0,0.994,True,
2021-06-23,500,0,1.0,1.0,0.994,1.0,0.994,True,
2021-06-24,500,0,1.0,1.0,0.994,1.0,0.994,True,
2021-06-25,500,0,1.0,1.0,0.994,1.0,0.994,True,
2021-06-28,500,0,1.0,1.0,0.994,1.0,0.994,True,
2021-06-29,500,0,1.0,1.0,0.994,1.0,0.994,True,
2021-06-30,500,2,1.0,1.0,0.994,1.0,0.994,True,
2021-07-01,500,1,1.0,1.0,0.994,1.0,0.994,True,
2021-07-02,500,1,1.0,1.0,0.994,1.0,0.994,True,
2021-07-05,500,1,1.0,1.0,0.994,1.0,0.994,True,
2021-07-06,500,1,1.0,1.0,0.994,1.0,0.994,True,
2021-07-07,500,2,1.0,1.0,0.994,1.0,0.994,True,
2021-07-08,500,1,1.0,1.0,0.994,1.0,0.994,True,
2021-07-09,500,1,1.0,1.0,0.994,1.0,0.994,True,
2021-07-12,500,1,1.0,1.0,0.994,1.0,0.994,True,
2021-07-13,500,1,1.0,1.0,0.994,1.0,0.994,True,
2021-07-14,500,0,1.0,1.0,0.994,1.0,0.994,True,
2021-07-15,500,0,1.0,1.0,0.994,1.0,0.994,True,
2021-07-16,500,0,1.0,1.0,0.994,1.0,0.994,True,
2021-07-19,500,1,1.0,1.0,0.994,1.0,0.994,True,
2021-07-20,500,1,1.0,1.0,0.994,1.0,0.994,True,
2021-07-21,500,1,1.0,1.0,0.994,1.0,0.994,True,
2021-07-22,500,1,1.0,1.0,0.994,1.0,0.994,True,
2021-07-23,500,1,1.0,1.0,0.994,1.0,0.994,True,
2021-07-26,500,0,1.0,1.0,0.994,1.0,0.994,True,
2021-07-27,500,0,1.0,1.0,0.994,1.0,0.994,True,
2021-07-28,500,0,1.0,1.0,0.994,1.0,0.994,True,
2021-07-29,500,0,1.0,1.0,0.994,1.0,0.994,True,
2021-07-30,500,0,1.0,1.0,0.994,1.0,0.994,True,
2021-08-02,500,0,1.0,1.0,0.994,1.0,0.994,True,
2021-08-03,500,0,1.0,1.0,0.994,1.0,0.994,True,
2021-08-04,500,0,1.0,1.0,0.994,1.0,0.994,True,
2021-08-05,500,0,1.0,1.0,0.994,1.0,0.994,True,
2021-08-06,500,0,1.0,1.0,0.994,1.0,0.994,True,
2021-08-09,500,1,1.0,1.0,0.994,1.0,0.994,True,
2021-08-10,500,1,1.0,1.0,0.994,1.0,0.994,True,
2021-08-11,500,2,1.0,1.0,0.994,1.0,0.994,True,
2021-08-12,500,2,1.0,1.0,0.994,1.0,0.994,True,
2021-08-13,500,1,1.0,1.0,0.994,1.0,0.994,True,
2021-08-16,500,2,1.0,1.0,0.994,1.0,0.994,True,
2021-08-17,500,1,1.0,1.0,0.994,1.0,0.994,True,
2021-08-18,500,2,1.0,1.0,0.994,1.0,0.994,True,
2021-08-19,500,2,1.0,1.0,0.994,1.0,0.994,True,
2021-08-20,500,0,1.0,1.0,0.994,1.0,0.994,True,
2021-08-23,500,0,1.0,1.0,0.994,1.0,0.994,True,
2021-08-24,500,0,1.0,1.0,0.994,1.0,0.994,True,
2021-08-25,500,2,1.0,1.0,0.994,1.0,0.994,True,
2021-08-26,500,0,1.0,1.0,0.994,1.0,0.994,True,
2021-08-27,500,0,1.0,1.0,0.994,1.0,0.994,True,
2021-08-30,500,1,1.0,1.0,0.994,1.0,0.994,True,
2021-08-31,500,1,1.0,1.0,0.994,1.0,0.994,True,
2021-09-01,500,1,1.0,1.0,0.994,1.0,0.994,True,
2021-09-02,500,2,1.0,1.0,0.994,1.0,0.994,True,
2021-09-03,500,2,1.0,1.0,0.994,1.0,0.994,True,
2021-09-06,500,2,1.0,1.0,0.994,1.0,0.994,True,
2021-09-07,500,2,1.0,1.0,0.994,1.0,0.994,True,
2021-09-08,500,2,1.0,1.0,0.994,1.0,0.994,True,
2021-09-09,500,2,1.0,1.0,0.994,1.0,0.994,True,
2021-09-10,500,2,1.0,1.0,0.994,1.0,0.994,True,
2021-09-13,500,1,1.0,1.0,0.996,0.998,0.996,True,
2021-09-14,500,1,1.0,0.998,0.996,0.998,0.996,True,
2021-09-15,500,1,1.0,0.998,0.996,0.998,0.996,True,
2021-09-16,500,2,1.0,0.998,0.996,0.998,0.996,True,
2021-09-17,500,2,1.0,0.998,0.996,0.998,0.996,True,
2021-09-22,500,2,1.0,0.998,0.996,0.998,0.996,True,
2021-09-23,500,2,1.0,0.998,0.996,0.998,0.996,True,
2021-09-24,500,3,1.0,0.998,0.996,0.998,0.996,True,
2021-09-27,500,2,1.0,0.998,0.996,0.998,0.996,True,
2021-09-28,500,0,1.0,1.0,0.998,1.0,0.998,True,
2021-09-29,500,0,1.0,1.0,0.998,1.0,0.998,True,
2021-09-30,500,1,1.0,1.0,0.998,1.0,0.998,True,
2021-10-08,500,1,1.0,1.0,0.998,1.0,0.998,True,
2021-10-11,500,1,1.0,1.0,0.998,1.0,0.998,True,
2021-10-12,500,1,1.0,1.0,0.998,1.0,0.998,True,
2021-10-13,500,1,1.0,1.0,0.998,1.0,0.998,True,
2021-10-14,500,1,1.0,1.0,0.998,1.0,0.998,True,
2021-10-15,500,1,1.0,1.0,0.998,1.0,0.998,True,
2021-10-18,500,1,1.0,1.0,0.998,1.0,0.998,True,
2021-10-19,500,1,1.0,1.0,0.998,1.0,0.998,True,
2021-10-20,500,2,1.0,1.0,0.998,1.0,0.998,True,
2021-10-21,500,1,1.0,1.0,0.998,1.0,0.998,True,
2021-10-22,500,1,1.0,1.0,0.998,1.0,0.998,True,
2021-10-25,500,1,1.0,1.0,0.998,1.0,0.998,True,
2021-10-26,500,1,1.0,1.0,0.998,1.0,0.998,True,
2021-10-27,500,0,1.0,1.0,0.998,1.0,0.998,True,
2021-10-28,500,0,1.0,1.0,0.998,1.0,0.998,True,
2021-10-29,500,0,1.0,1.0,0.998,1.0,0.998,True,
2021-11-01,500,0,1.0,1.0,0.998,1.0,0.998,True,
2021-11-02,500,0,1.0,1.0,0.998,1.0,0.998,True,
2021-11-03,500,0,1.0,1.0,0.998,1.0,0.998,True,
2021-11-04,500,0,1.0,1.0,0.998,1.0,0.998,True,
2021-11-05,500,0,1.0,1.0,0.998,1.0,0.998,True,
2021-11-08,500,0,1.0,1.0,0.998,1.0,0.998,True,
2021-11-09,500,0,1.0,1.0,0.998,1.0,0.998,True,
2021-11-10,500,0,1.0,1.0,0.998,1.0,0.998,True,
2021-11-11,500,0,1.0,1.0,0.998,1.0,0.998,True,
2021-11-12,500,0,1.0,1.0,0.998,1.0,0.998,True,
2021-11-15,500,0,1.0,1.0,0.998,1.0,0.998,True,
2021-11-16,500,0,1.0,1.0,0.998,1.0,0.998,True,
2021-11-17,500,0,1.0,1.0,0.998,1.0,0.998,True,
2021-11-18,500,0,1.0,1.0,0.998,1.0,0.998,True,
2021-11-19,500,0,1.0,1.0,0.998,1.0,0.998,True,
2021-11-22,500,0,1.0,1.0,0.998,1.0,0.998,True,
2021-11-23,500,0,1.0,1.0,0.998,1.0,0.998,True,
2021-11-24,500,0,1.0,1.0,0.998,1.0,0.998,True,
2021-11-25,500,0,1.0,1.0,0.998,1.0,0.998,True,
2021-11-26,500,1,1.0,1.0,0.998,1.0,0.998,True,
2021-11-29,500,1,1.0,1.0,0.998,1.0,0.998,True,
2021-11-30,500,1,1.0,1.0,0.998,1.0,0.998,True,
2021-12-01,500,1,1.0,1.0,0.998,1.0,0.998,True,
2021-12-02,500,1,1.0,1.0,0.998,1.0,0.998,True,
2021-12-03,500,2,1.0,1.0,0.998,1.0,0.998,True,
2021-12-06,500,1,1.0,1.0,0.998,1.0,0.998,True,
2021-12-07,500,1,1.0,1.0,0.998,1.0,0.998,True,
2021-12-08,500,1,1.0,1.0,0.998,1.0,0.998,True,
2021-12-09,500,1,1.0,1.0,0.998,1.0,0.998,True,
2021-12-10,500,1,1.0,1.0,0.998,1.0,0.998,True,
2021-12-13,500,0,1.0,1.0,0.998,1.0,0.998,True,
2021-12-14,500,0,1.0,1.0,0.998,1.0,0.998,True,
2021-12-15,500,1,1.0,1.0,0.998,1.0,0.998,True,
2021-12-16,500,1,1.0,1.0,0.998,1.0,0.998,True,
2021-12-17,500,1,1.0,1.0,0.998,1.0,0.998,True,
2021-12-20,500,2,1.0,1.0,0.998,1.0,0.998,True,
2021-12-21,500,2,1.0,1.0,0.998,1.0,0.998,True,
2021-12-22,500,2,1.0,1.0,0.998,1.0,0.998,True,
2021-12-23,500,1,1.0,1.0,0.998,1.0,0.998,True,
2021-12-24,500,1,1.0,1.0,0.998,1.0,0.998,True,
2021-12-27,500,1,1.0,1.0,0.998,1.0,0.998,True,
2021-12-28,500,1,1.0,1.0,0.998,1.0,0.998,True,
2021-12-29,500,1,1.0,1.0,0.998,1.0,0.998,True,
2021-12-30,500,1,1.0,1.0,0.998,1.0,0.998,True,
2021-12-31,500,1,1.0,1.0,0.998,1.0,0.998,True,
2022-01-04,500,0,1.0,1.0,0.998,1.0,0.998,True,
2022-01-05,500,1,1.0,1.0,0.998,1.0,0.998,True,
2022-01-06,500,1,1.0,1.0,0.998,1.0,0.998,True,
2022-01-07,500,1,1.0,1.0,0.998,1.0,0.998,True,
2022-01-10,500,1,1.0,1.0,0.998,1.0,0.998,True,
2022-01-11,500,1,1.0,1.0,0.998,1.0,0.998,True,
2022-01-12,500,1,1.0,1.0,0.998,1.0,0.998,True,
2022-01-13,500,0,1.0,1.0,0.998,1.0,0.998,True,
2022-01-14,500,1,1.0,1.0,0.998,1.0,0.998,True,
2022-01-17,500,2,1.0,1.0,0.998,1.0,0.998,True,
2022-01-18,500,2,1.0,1.0,0.998,1.0,0.998,True,
2022-01-19,500,2,1.0,1.0,0.998,1.0,0.998,True,
2022-01-20,500,2,1.0,1.0,0.998,1.0,0.998,True,
2022-01-21,500,2,1.0,1.0,0.998,1.0,0.998,True,
2022-01-24,500,2,1.0,1.0,0.998,1.0,0.998,True,
2022-01-25,500,2,1.0,1.0,0.998,1.0,0.998,True,
2022-01-26,500,2,1.0,1.0,0.998,1.0,0.998,True,
2022-01-27,500,2,1.0,1.0,0.998,1.0,0.998,True,
2022-01-28,500,1,1.0,1.0,0.998,1.0,0.998,True,
2022-02-07,500,0,1.0,1.0,0.998,1.0,0.998,True,
2022-02-08,500,0,1.0,1.0,0.998,1.0,0.998,True,
2022-02-09,500,0,1.0,1.0,0.998,1.0,0.998,True,
2022-02-10,500,0,1.0,1.0,0.998,1.0,0.998,True,
2022-02-11,500,0,1.0,1.0,0.998,1.0,0.998,True,
2022-02-14,500,0,1.0,1.0,0.998,1.0,0.998,True,
2022-02-15,500,0,1.0,1.0,0.998,1.0,0.998,True,
2022-02-16,500,1,1.0,1.0,0.998,1.0,0.998,True,
2022-02-17,500,1,1.0,1.0,0.998,1.0,0.998,True,
2022-02-18,500,1,1.0,1.0,0.998,1.0,0.998,True,
2022-02-21,500,1,1.0,1.0,0.998,1.0,0.998,True,
2022-02-22,500,2,1.0,1.0,0.998,1.0,0.998,True,
2022-02-23,500,2,1.0,1.0,0.998,1.0,0.998,True,
2022-02-24,500,1,1.0,1.0,0.998,1.0,0.998,True,
2022-02-25,500,1,1.0,1.0,0.998,1.0,0.998,True,
2022-02-28,500,2,1.0,1.0,0.998,1.0,0.998,True,
2022-03-01,500,1,1.0,1.0,0.998,1.0,0.998,True,
2022-03-02,500,2,1.0,1.0,0.998,1.0,0.998,True,
2022-03-03,500,1,1.0,1.0,0.998,1.0,0.998,True,
2022-03-04,500,1,1.0,1.0,0.998,1.0,0.998,True,
2022-03-07,500,2,1.0,1.0,0.998,1.0,0.998,True,
2022-03-08,500,2,1.0,1.0,0.998,1.0,0.998,True,
2022-03-09,500,2,1.0,1.0,0.998,1.0,0.998,True,
2022-03-10,500,2,1.0,1.0,0.998,1.0,0.998,True,
2022-03-11,500,2,1.0,1.0,0.998,1.0,0.998,True,
2022-03-14,500,0,1.0,1.0,0.998,1.0,0.998,True,
2022-03-15,500,0,1.0,1.0,0.998,1.0,0.998,True,
2022-03-16,500,0,1.0,1.0,0.998,1.0,0.998,True,
2022-03-17,500,0,1.0,1.0,0.998,1.0,0.998,True,
2022-03-18,500,0,1.0,1.0,0.998,1.0,0.998,True,
2022-03-21,500,0,1.0,1.0,0.998,1.0,0.998,True,
2022-03-22,500,0,1.0,1.0,0.998,1.0,0.998,True,
2022-03-23,500,0,1.0,1.0,0.998,1.0,0.998,True,
2022-03-24,500,0,1.0,1.0,0.998,1.0,0.998,True,
2022-03-25,500,0,1.0,1.0,0.998,1.0,0.998,True,
2022-03-28,500,0,1.0,1.0,0.998,1.0,0.998,True,
2022-03-29,500,0,1.0,1.0,0.998,1.0,0.998,True,
2022-03-30,500,0,1.0,1.0,0.998,1.0,0.998,True,
2022-03-31,500,0,1.0,1.0,0.998,1.0,0.998,True,
2022-04-01,500,0,1.0,1.0,0.998,1.0,0.998,True,
2022-04-06,500,0,1.0,1.0,0.998,1.0,0.998,True,
2022-04-07,500,0,1.0,1.0,0.998,1.0,0.998,True,
2022-04-08,500,0,1.0,1.0,0.998,1.0,0.998,True,
2022-04-11,500,0,1.0,1.0,0.998,1.0,0.998,True,
2022-04-12,500,0,1.0,1.0,0.998,1.0,0.998,True,
2022-04-13,500,0,1.0,1.0,0.998,1.0,0.998,True,
2022-04-14,500,0,1.0,1.0,0.998,1.0,0.998,True,
2022-04-15,500,0,1.0,1.0,0.998,1.0,0.998,True,
2022-04-18,500,1,1.0,1.0,0.998,1.0,0.998,True,
2022-04-19,500,1,1.0,1.0,0.998,1.0,0.998,True,
2022-04-20,500,1,1.0,1.0,0.998,1.0,0.998,True,
2022-04-21,500,1,1.0,1.0,0.998,1.0,0.998,True,
2022-04-22,500,1,1.0,1.0,0.998,1.0,0.998,True,
2022-04-25,500,1,1.0,1.0,0.998,1.0,0.998,True,
2022-04-26,500,1,1.0,1.0,0.998,1.0,0.998,True,
2022-04-27,500,1,1.0,1.0,0.998,1.0,0.998,True,
2022-04-28,500,1,1.0,1.0,0.998,1.0,0.998,True,
2022-04-29,500,1,1.0,1.0,0.998,1.0,0.998,True,
2022-05-05,500,0,1.0,1.0,0.998,1.0,0.998,True,
2022-05-06,500,0,1.0,1.0,0.998,1.0,0.998,True,
2022-05-09,500,0,1.0,1.0,0.998,1.0,0.998,True,
2022-05-10,500,0,1.0,1.0,0.998,1.0,0.998,True,
2022-05-11,500,0,1.0,1.0,0.998,1.0,0.998,True,
2022-05-12,500,0,1.0,1.0,0.998,1.0,0.998,True,
2022-05-13,500,0,1.0,1.0,0.998,1.0,0.998,True,
2022-05-16,500,0,1.0,1.0,0.998,1.0,0.998,True,
2022-05-17,500,0,1.0,1.0,0.998,1.0,0.998,True,
2022-05-18,500,0,1.0,1.0,0.998,1.0,0.998,True,
2022-05-19,500,0,1.0,1.0,0.998,1.0,0.998,True,
2022-05-20,500,0,1.0,1.0,0.998,1.0,0.998,True,
2022-05-23,500,0,1.0,1.0,0.998,1.0,0.998,True,
2022-05-24,500,0,1.0,1.0,0.998,1.0,0.998,True,
2022-05-25,500,1,1.0,1.0,0.998,1.0,0.998,True,
2022-05-26,500,1,1.0,1.0,0.998,1.0,0.998,True,
2022-05-27,500,3,1.0,1.0,0.998,1.0,0.998,True,
2022-05-30,500,3,1.0,1.0,0.998,1.0,0.998,True,
2022-05-31,500,2,1.0,1.0,0.998,1.0,0.998,True,
2022-06-01,500,3,1.0,1.0,0.998,1.0,0.998,True,
2022-06-02,500,3,1.0,1.0,0.998,1.0,0.998,True,
2022-06-06,500,3,1.0,1.0,0.998,1.0,0.998,True,
2022-06-07,500,3,1.0,1.0,0.998,1.0,0.998,True,
2022-06-08,500,3,1.0,1.0,0.998,1.0,0.998,True,
2022-06-09,500,3,1.0,1.0,0.998,1.0,0.998,True,
2022-06-10,500,3,1.0,1.0,0.998,1.0,0.998,True,
2022-06-13,500,2,1.0,1.0,0.998,1.0,0.998,True,
2022-06-14,500,2,1.0,1.0,0.998,1.0,0.998,True,
2022-06-15,500,2,1.0,1.0,0.998,1.0,0.998,True,
2022-06-16,500,2,1.0,1.0,0.998,1.0,0.998,True,
2022-06-17,500,2,1.0,1.0,0.998,1.0,0.998,True,
2022-06-20,500,1,1.0,1.0,0.998,1.0,0.998,True,
2022-06-21,500,1,1.0,1.0,0.998,1.0,0.998,True,
2022-06-22,500,1,1.0,1.0,0.998,1.0,0.998,True,
2022-06-23,500,1,1.0,1.0,0.998,1.0,0.998,True,
2022-06-24,500,1,1.0,1.0,0.998,1.0,0.998,True,
2022-06-27,500,1,1.0,1.0,0.998,1.0,0.998,True,
2022-06-28,500,1,1.0,1.0,0.998,1.0,0.998,True,
2022-06-29,500,1,1.0,1.0,0.998,1.0,0.998,True,
2022-06-30,500,1,1.0,1.0,0.998,1.0,0.998,True,
2022-07-01,500,1,1.0,1.0,0.998,1.0,0.998,True,
2022-07-04,500,1,1.0,1.0,0.998,1.0,0.998,True,
2022-07-05,500,1,1.0,1.0,0.998,1.0,0.998,True,
2022-07-06,500,1,1.0,1.0,0.998,1.0,0.998,True,
2022-07-07,500,1,1.0,1.0,0.998,1.0,0.998,True,
2022-07-08,500,1,1.0,1.0,0.998,1.0,0.998,True,
2022-07-11,500,1,1.0,1.0,0.998,1.0,0.998,True,
2022-07-12,500,1,1.0,1.0,0.998,1.0,0.998,True,
2022-07-13,500,1,1.0,1.0,0.998,1.0,0.998,True,
2022-07-14,500,0,1.0,1.0,0.998,1.0,0.998,True,
2022-07-15,500,0,1.0,1.0,0.998,1.0,0.998,True,
2022-07-18,500,0,1.0,1.0,0.998,1.0,0.998,True,
2022-07-19,500,0,1.0,1.0,0.998,1.0,0.998,True,
2022-07-20,500,0,1.0,1.0,0.998,1.0,0.998,True,
2022-07-21,500,0,1.0,1.0,0.998,1.0,0.998,True,
2022-07-22,500,0,1.0,1.0,0.998,1.0,0.998,True,
2022-07-25,500,1,1.0,1.0,0.998,1.0,0.998,True,
2022-07-26,500,1,1.0,1.0,0.998,1.0,0.998,True,
2022-07-27,500,0,1.0,1.0,0.998,1.0,0.998,True,
2022-07-28,500,0,1.0,1.0,0.998,1.0,0.998,True,
2022-07-29,500,0,1.0,1.0,0.998,1.0,0.998,True,
2022-08-01,500,0,1.0,1.0,0.998,1.0,0.998,True,
2022-08-02,500,0,1.0,1.0,0.998,1.0,0.998,True,
2022-08-03,500,0,1.0,1.0,0.998,1.0,0.998,True,
2022-08-04,500,0,1.0,1.0,0.998,1.0,0.998,True,
2022-08-05,500,0,1.0,1.0,0.998,1.0,0.998,True,
2022-08-08,500,0,1.0,1.0,0.998,1.0,0.998,True,
2022-08-09,500,0,1.0,1.0,0.998,1.0,0.998,True,
2022-08-10,500,0,1.0,1.0,0.998,1.0,0.998,True,
2022-08-11,500,0,1.0,1.0,0.998,1.0,0.998,True,
2022-08-12,500,0,1.0,1.0,0.998,1.0,0.998,True,
2022-08-15,500,1,1.0,1.0,0.998,1.0,0.998,True,
2022-08-16,500,1,1.0,1.0,0.998,1.0,0.998,True,
2022-08-17,500,1,1.0,1.0,0.998,1.0,0.998,True,
2022-08-18,500,1,1.0,1.0,0.998,1.0,0.998,True,
2022-08-19,500,1,1.0,1.0,0.998,1.0,0.998,True,
2022-08-22,500,1,1.0,1.0,0.998,1.0,0.998,True,
2022-08-23,500,1,1.0,1.0,0.998,1.0,0.998,True,
2022-08-24,500,1,1.0,1.0,0.998,1.0,0.998,True,
2022-08-25,500,1,1.0,1.0,0.998,1.0,0.998,True,
2022-08-26,500,1,1.0,1.0,0.998,1.0,0.998,True,
2022-08-29,500,0,1.0,1.0,0.998,1.0,0.998,True,
2022-08-30,500,0,1.0,1.0,0.998,1.0,0.998,True,
2022-08-31,500,0,1.0,1.0,0.998,1.0,0.998,True,
2022-09-01,500,1,1.0,1.0,0.998,1.0,0.998,True,
2022-09-02,500,0,1.0,1.0,0.998,1.0,0.998,True,
2022-09-05,500,0,1.0,1.0,0.998,1.0,0.998,True,
2022-09-06,500,0,1.0,1.0,0.998,1.0,0.998,True,
2022-09-07,500,0,1.0,1.0,0.998,1.0,0.998,True,
2022-09-08,500,0,1.0,1.0,0.998,1.0,0.998,True,
2022-09-09,500,0,1.0,1.0,0.998,1.0,0.998,True,
2022-09-13,500,1,1.0,1.0,0.998,1.0,0.998,True,
2022-09-14,500,1,1.0,1.0,0.998,1.0,0.998,True,
2022-09-15,500,1,1.0,1.0,0.998,1.0,0.998,True,
2022-09-16,500,0,1.0,1.0,0.998,1.0,0.998,True,
2022-09-19,500,0,1.0,1.0,0.998,1.0,0.998,True,
2022-09-20,500,0,1.0,1.0,0.998,1.0,0.998,True,
2022-09-21,500,0,1.0,1.0,0.998,1.0,0.998,True,
2022-09-22,500,0,1.0,1.0,0.998,1.0,0.998,True,
2022-09-23,500,0,1.0,1.0,0.998,1.0,0.998,True,
2022-09-26,500,0,1.0,1.0,0.998,1.0,0.998,True,
2022-09-27,500,0,1.0,1.0,0.998,1.0,0.998,True,
2022-09-28,500,0,1.0,1.0,0.998,1.0,0.998,True,
2022-09-29,500,0,1.0,1.0,0.998,1.0,0.998,True,
2022-09-30,500,1,1.0,1.0,0.998,1.0,0.998,True,
2022-10-10,500,0,1.0,1.0,0.998,1.0,0.998,True,
2022-10-11,500,0,1.0,1.0,0.998,1.0,0.998,True,
2022-10-12,500,0,1.0,1.0,0.998,1.0,0.998,True,
2022-10-13,500,0,1.0,1.0,0.998,1.0,0.998,True,
2022-10-14,500,0,1.0,1.0,0.998,1.0,0.998,True,
2022-10-17,500,1,1.0,1.0,0.998,1.0,0.998,True,
2022-10-18,500,1,1.0,1.0,0.998,1.0,0.998,True,
2022-10-19,500,1,1.0,1.0,0.998,1.0,0.998,True,
2022-10-20,500,0,1.0,1.0,0.998,1.0,0.998,True,
2022-10-21,500,0,1.0,1.0,0.998,1.0,0.998,True,
2022-10-24,500,0,1.0,1.0,0.998,1.0,0.998,True,
2022-10-25,500,0,1.0,1.0,0.998,1.0,0.998,True,
2022-10-26,500,0,1.0,1.0,0.998,1.0,0.998,True,
2022-10-27,500,1,1.0,1.0,0.998,1.0,0.998,True,
2022-10-28,500,0,1.0,1.0,0.998,1.0,0.998,True,
2022-10-31,500,0,1.0,1.0,0.998,1.0,0.998,True,
2022-11-01,500,0,1.0,1.0,0.998,1.0,0.998,True,
2022-11-02,500,0,1.0,1.0,0.998,1.0,0.998,True,
2022-11-03,500,0,1.0,1.0,0.998,1.0,0.998,True,
2022-11-04,500,0,1.0,1.0,0.998,1.0,0.998,True,
2022-11-07,500,0,1.0,1.0,0.998,1.0,0.998,True,
2022-11-08,500,0,1.0,1.0,0.998,1.0,0.998,True,
2022-11-09,500,0,1.0,1.0,0.998,1.0,0.998,True,
2022-11-10,500,0,1.0,1.0,0.998,1.0,0.998,True,
2022-11-11,500,0,1.0,1.0,0.998,1.0,0.998,True,
2022-11-14,500,0,1.0,1.0,0.998,1.0,0.998,True,
2022-11-15,500,0,1.0,1.0,0.998,1.0,0.998,True,
2022-11-16,500,0,1.0,1.0,0.998,1.0,0.998,True,
2022-11-17,500,0,1.0,1.0,0.998,1.0,0.998,True,
2022-11-18,500,1,1.0,1.0,0.998,1.0,0.998,True,
2022-11-21,500,1,1.0,1.0,0.998,1.0,0.998,True,
2022-11-22,500,1,1.0,1.0,0.998,1.0,0.998,True,
2022-11-23,500,1,1.0,1.0,0.998,1.0,0.998,True,
2022-11-24,500,1,1.0,1.0,0.998,1.0,0.998,True,
2022-11-25,500,1,1.0,1.0,0.998,1.0,0.998,True,
2022-11-28,500,0,1.0,1.0,0.998,1.0,0.998,True,
2022-11-29,500,0,1.0,1.0,0.998,1.0,0.998,True,
2022-11-30,500,0,1.0,1.0,0.998,1.0,0.998,True,
2022-12-01,500,0,1.0,1.0,0.998,1.0,0.998,True,
2022-12-02,500,1,1.0,1.0,0.998,1.0,0.998,True,
2022-12-05,500,2,1.0,1.0,0.998,1.0,0.998,True,
2022-12-06,500,2,1.0,1.0,0.998,1.0,0.998,True,
2022-12-07,500,2,1.0,1.0,0.998,1.0,0.998,True,
2022-12-08,500,2,1.0,1.0,0.998,1.0,0.998,True,
2022-12-09,500,2,1.0,1.0,0.998,1.0,0.998,True,
2022-12-12,500,2,1.0,1.0,0.998,1.0,0.998,True,
2022-12-13,500,2,1.0,1.0,0.998,1.0,0.998,True,
2022-12-14,500,2,1.0,1.0,0.998,1.0,0.998,True,
2022-12-15,500,2,1.0,1.0,0.998,1.0,0.998,True,
2022-12-16,500,1,1.0,1.0,0.998,1.0,0.998,True,
2022-12-19,500,1,1.0,1.0,0.998,1.0,0.998,True,
2022-12-20,500,1,1.0,1.0,0.998,1.0,0.998,True,
2022-12-21,500,2,1.0,1.0,0.998,1.0,0.998,True,
2022-12-22,500,1,1.0,1.0,0.998,1.0,0.998,True,
2022-12-23,500,1,1.0,1.0,0.998,1.0,0.998,True,
2022-12-26,500,1,1.0,1.0,0.998,1.0,0.998,True,
2022-12-27,500,1,1.0,1.0,0.998,1.0,0.998,True,
2022-12-28,500,1,1.0,1.0,0.998,1.0,0.998,True,
2022-12-29,500,1,1.0,1.0,0.998,1.0,0.998,True,
2022-12-30,500,2,1.0,1.0,0.998,1.0,0.998,True,
2023-01-03,500,2,1.0,1.0,0.998,1.0,0.998,True,
2023-01-04,500,2,1.0,1.0,0.998,1.0,0.998,True,
2023-01-05,500,2,1.0,1.0,0.998,1.0,0.998,True,
2023-01-06,500,2,1.0,1.0,0.998,1.0,0.998,True,
2023-01-09,500,3,1.0,1.0,0.998,1.0,0.998,True,
2023-01-10,500,1,1.0,1.0,0.998,1.0,0.998,True,
2023-01-11,500,1,1.0,1.0,0.998,1.0,0.998,True,
2023-01-12,500,2,1.0,1.0,0.998,1.0,0.998,True,
2023-01-13,500,1,1.0,1.0,0.998,1.0,0.998,True,
2023-01-16,500,0,1.0,1.0,0.998,1.0,0.998,True,
2023-01-17,500,0,1.0,1.0,0.998,1.0,0.998,True,
2023-01-18,500,0,1.0,1.0,0.998,1.0,0.998,True,
2023-01-19,500,0,1.0,1.0,0.998,1.0,0.998,True,
2023-01-20,500,0,1.0,1.0,0.998,1.0,0.998,True,
2023-01-30,500,0,1.0,1.0,0.998,1.0,0.998,True,
2023-01-31,500,0,1.0,1.0,0.998,1.0,0.998,True,
2023-02-01,500,1,1.0,1.0,0.998,1.0,0.998,True,
2023-02-02,500,1,1.0,1.0,0.998,1.0,0.998,True,
2023-02-03,500,1,1.0,1.0,0.998,1.0,0.998,True,
2023-02-06,500,1,1.0,1.0,0.998,1.0,0.998,True,
2023-02-07,500,1,1.0,1.0,0.998,1.0,0.998,True,
2023-02-08,500,2,1.0,1.0,0.998,1.0,0.998,True,
2023-02-09,500,2,1.0,1.0,0.998,1.0,0.998,True,
2023-02-10,500,2,1.0,1.0,0.998,1.0,0.998,True,
2023-02-13,500,2,1.0,1.0,0.998,1.0,0.998,True,
2023-02-14,500,2,1.0,1.0,0.998,1.0,0.998,True,
2023-02-15,500,1,1.0,1.0,0.998,1.0,0.998,True,
2023-02-16,500,1,1.0,1.0,0.998,1.0,0.998,True,
2023-02-17,500,0,1.0,1.0,0.998,1.0,0.998,True,
2023-02-20,500,0,1.0,1.0,0.998,1.0,0.998,True,
2023-02-21,500,0,1.0,1.0,0.998,1.0,0.998,True,
2023-02-22,500,0,1.0,1.0,0.998,1.0,0.998,True,
2023-02-23,500,0,1.0,1.0,0.998,1.0,0.998,True,
2023-02-24,500,0,1.0,1.0,0.998,1.0,0.998,True,
2023-02-27,500,0,1.0,1.0,0.998,1.0,0.998,True,
2023-02-28,500,0,1.0,1.0,0.998,1.0,0.998,True,
2023-03-01,500,0,1.0,1.0,0.998,1.0,0.998,True,
2023-03-02,500,0,1.0,1.0,0.998,1.0,0.998,True,
2023-03-03,500,0,1.0,1.0,0.998,1.0,0.998,True,
2023-03-06,500,0,1.0,1.0,0.998,1.0,0.998,True,
2023-03-07,500,0,1.0,1.0,0.998,1.0,0.998,True,
2023-03-08,500,0,1.0,1.0,0.998,1.0,0.998,True,
2023-03-09,500,0,1.0,1.0,0.998,1.0,0.998,True,
2023-03-10,500,0,1.0,1.0,0.998,1.0,0.998,True,
2023-03-13,500,0,1.0,1.0,0.998,1.0,0.998,True,
2023-03-14,500,0,1.0,1.0,0.998,1.0,0.998,True,
2023-03-15,500,0,1.0,1.0,0.998,1.0,0.998,True,
2023-03-16,500,0,1.0,1.0,0.998,1.0,0.998,True,
2023-03-17,500,0,1.0,1.0,0.998,1.0,0.998,True,
2023-03-20,500,0,1.0,1.0,0.998,1.0,0.998,True,
2023-03-21,500,0,1.0,1.0,0.998,1.0,0.998,True,
2023-03-22,500,0,1.0,1.0,0.998,1.0,0.998,True,
2023-03-23,500,0,1.0,1.0,0.998,1.0,0.998,True,
2023-03-24,500,0,1.0,1.0,0.998,1.0,0.998,True,
2023-03-27,500,0,1.0,1.0,0.998,1.0,0.998,True,
2023-03-28,500,0,1.0,1.0,0.998,1.0,0.998,True,
2023-03-29,500,0,1.0,1.0,0.998,1.0,0.998,True,
2023-03-30,500,0,1.0,1.0,0.998,1.0,0.998,True,
2023-03-31,500,0,1.0,1.0,0.998,1.0,0.998,True,
2023-04-03,500,0,1.0,1.0,0.998,1.0,0.998,True,
2023-04-04,500,0,1.0,1.0,0.998,1.0,0.998,True,
2023-04-06,500,0,1.0,1.0,0.998,1.0,0.998,True,
2023-04-07,500,0,1.0,1.0,0.998,1.0,0.998,True,
2023-04-10,500,0,1.0,1.0,0.998,1.0,0.998,True,
2023-04-11,500,0,1.0,1.0,0.998,1.0,0.998,True,
2023-04-12,500,0,1.0,1.0,0.998,1.0,0.998,True,
2023-04-13,500,0,1.0,1.0,0.998,1.0,0.998,True,
2023-04-14,500,0,1.0,1.0,0.998,1.0,0.998,True,
2023-04-17,500,1,1.0,1.0,0.998,1.0,0.998,True,
2023-04-18,500,0,1.0,1.0,0.998,1.0,0.998,True,
2023-04-19,500,0,1.0,1.0,0.998,1.0,0.998,True,
2023-04-20,500,0,1.0,1.0,0.998,1.0,0.998,True,
2023-04-21,500,0,1.0,1.0,0.998,1.0,0.998,True,
2023-04-24,500,0,1.0,1.0,0.998,1.0,0.998,True,
2023-04-25,500,0,1.0,1.0,0.998,1.0,0.998,True,
2023-04-26,500,1,1.0,1.0,0.998,1.0,0.998,True,
2023-04-27,500,1,1.0,1.0,0.998,1.0,0.998,True,
2023-04-28,500,1,1.0,1.0,0.998,1.0,0.998,True,
2023-05-04,500,2,1.0,1.0,0.998,1.0,0.998,True,
2023-05-05,500,0,1.0,1.0,0.998,1.0,0.998,True,
2023-05-08,500,0,1.0,1.0,0.998,1.0,0.998,True,
2023-05-09,500,0,1.0,1.0,0.998,1.0,0.998,True,
2023-05-10,500,0,1.0,1.0,0.998,1.0,0.998,True,
2023-05-11,500,0,1.0,1.0,0.998,1.0,0.998,True,
2023-05-12,500,0,1.0,1.0,0.998,1.0,0.998,True,
2023-05-15,500,0,1.0,1.0,0.998,1.0,0.998,True,
2023-05-16,500,0,1.0,1.0,0.998,1.0,0.998,True,
2023-05-17,500,0,1.0,1.0,0.998,1.0,0.998,True,
2023-05-18,500,0,1.0,1.0,0.998,1.0,0.998,True,
2023-05-19,500,1,1.0,1.0,0.998,1.0,0.998,True,
2023-05-22,500,1,1.0,1.0,0.998,1.0,0.998,True,
2023-05-23,500,1,1.0,1.0,0.998,1.0,0.998,True,
2023-05-24,500,1,1.0,1.0,0.998,1.0,0.998,True,
2023-05-25,500,1,1.0,1.0,0.998,1.0,0.998,True,
2023-05-26,500,2,1.0,1.0,0.998,1.0,0.998,True,
2023-05-29,500,2,1.0,1.0,0.998,1.0,0.998,True,
2023-05-30,500,2,1.0,1.0,0.998,1.0,0.998,True,
2023-05-31,500,2,1.0,1.0,0.998,1.0,0.998,True,
2023-06-01,500,2,1.0,0.998,0.998,1.0,0.998,True,
2023-06-02,500,2,1.0,0.998,0.998,1.0,0.998,True,
2023-06-05,500,2,1.0,0.998,0.998,1.0,0.998,True,
2023-06-06,500,2,1.0,0.998,0.998,1.0,0.998,True,
2023-06-07,500,3,1.0,0.998,0.998,1.0,0.998,True,
2023-06-08,500,3,1.0,0.998,0.998,1.0,0.998,True,
2023-06-09,500,2,1.0,0.998,0.998,1.0,0.998,True,
2023-06-12,500,0,1.0,1.0,0.998,1.0,0.998,True,
2023-06-13,500,0,1.0,1.0,0.998,1.0,0.998,True,
2023-06-14,500,0,1.0,1.0,0.998,1.0,0.998,True,
2023-06-15,500,0,1.0,1.0,0.998,1.0,0.998,True,
2023-06-16,500,0,1.0,1.0,0.998,1.0,0.998,True,
2023-06-19,500,0,1.0,1.0,0.998,1.0,0.998,True,
2023-06-20,500,0,1.0,1.0,0.998,1.0,0.998,True,
2023-06-21,500,0,1.0,1.0,0.998,1.0,0.998,True,
2023-06-26,500,0,1.0,1.0,0.998,1.0,0.998,True,
2023-06-27,500,0,1.0,1.0,0.998,1.0,0.998,True,
2023-06-28,500,1,1.0,0.998,0.998,1.0,0.998,True,
2023-06-29,500,1,1.0,0.998,0.998,1.0,0.998,True,
2023-06-30,500,1,1.0,0.998,0.998,1.0,0.998,True,
2023-07-03,500,0,1.0,1.0,0.998,1.0,0.998,True,
2023-07-04,500,0,1.0,1.0,0.998,1.0,0.998,True,
2023-07-05,500,0,1.0,1.0,0.998,1.0,0.998,True,
2023-07-06,500,0,1.0,1.0,0.998,1.0,0.998,True,
2023-07-07,500,0,1.0,1.0,0.998,1.0,0.998,True,
2023-07-10,500,0,1.0,1.0,0.998,1.0,0.998,True,
2023-07-11,500,0,1.0,1.0,0.998,1.0,0.998,True,
2023-07-12,500,0,1.0,1.0,0.998,1.0,0.998,True,
2023-07-13,500,0,1.0,1.0,0.998,1.0,0.998,True,
2023-07-14,500,0,1.0,1.0,0.998,1.0,0.998,True,
2023-07-17,500,0,1.0,1.0,0.998,1.0,0.998,True,
2023-07-18,500,0,1.0,1.0,0.998,1.0,0.998,True,
2023-07-19,500,0,1.0,1.0,0.998,1.0,0.998,True,
2023-07-20,500,0,1.0,1.0,0.998,1.0,0.998,True,
2023-07-21,500,0,1.0,1.0,0.998,1.0,0.998,True,
2023-07-24,500,0,1.0,1.0,0.998,1.0,0.998,True,
2023-07-25,500,0,1.0,1.0,0.998,1.0,0.998,True,
2023-07-26,500,1,1.0,1.0,0.998,1.0,0.998,True,
2023-07-27,500,1,1.0,1.0,0.998,1.0,0.998,True,
2023-07-28,500,1,1.0,1.0,0.998,1.0,0.998,True,
2023-07-31,500,1,1.0,1.0,0.998,1.0,0.998,True,
2023-08-01,500,1,1.0,1.0,0.998,1.0,0.998,True,
2023-08-02,500,0,1.0,1.0,0.998,1.0,0.998,True,
2023-08-03,500,0,1.0,1.0,0.998,1.0,0.998,True,
2023-08-04,500,0,1.0,1.0,0.998,1.0,0.998,True,
2023-08-07,500,0,1.0,1.0,0.998,1.0,0.998,True,
2023-08-08,500,0,1.0,1.0,0.998,1.0,0.998,True,
2023-08-09,500,0,1.0,1.0,0.998,1.0,0.998,True,
2023-08-10,500,0,1.0,1.0,0.998,1.0,0.998,True,
2023-08-11,500,0,1.0,1.0,0.998,1.0,0.998,True,
2023-08-14,500,0,1.0,1.0,0.998,1.0,0.998,True,
2023-08-15,500,0,1.0,1.0,0.998,1.0,0.998,True,
2023-08-16,500,0,1.0,1.0,0.998,1.0,0.998,True,
2023-08-17,500,0,1.0,1.0,0.998,1.0,0.998,True,
2023-08-18,500,0,1.0,1.0,0.998,1.0,0.998,True,
2023-08-21,500,0,1.0,1.0,0.998,1.0,0.998,True,
2023-08-22,500,0,1.0,1.0,0.998,1.0,0.998,True,
2023-08-23,500,0,1.0,1.0,0.998,1.0,0.998,True,
2023-08-24,500,0,1.0,1.0,0.998,1.0,0.998,True,
2023-08-25,500,0,1.0,1.0,0.998,1.0,0.998,True,
2023-08-28,500,0,1.0,1.0,0.998,1.0,0.998,True,
2023-08-29,500,0,1.0,1.0,0.998,1.0,0.998,True,
2023-08-30,500,0,1.0,1.0,0.998,1.0,0.998,True,
2023-08-31,500,0,1.0,1.0,0.998,1.0,0.998,True,
2023-09-01,500,0,1.0,1.0,0.998,1.0,0.998,True,
2023-09-04,500,0,1.0,1.0,0.998,1.0,0.998,True,
2023-09-05,500,0,1.0,1.0,0.998,1.0,0.998,True,
2023-09-06,500,0,1.0,1.0,0.998,1.0,0.998,True,
2023-09-07,500,0,1.0,1.0,0.998,1.0,0.998,True,
2023-09-08,500,0,1.0,1.0,0.998,1.0,0.998,True,
2023-09-11,500,0,1.0,1.0,0.998,1.0,0.998,True,
2023-09-12,500,0,1.0,1.0,0.998,1.0,0.998,True,
2023-09-13,500,0,1.0,1.0,0.998,1.0,0.998,True,
2023-09-14,500,0,1.0,1.0,0.998,1.0,0.998,True,
2023-09-15,500,0,1.0,1.0,0.998,1.0,0.998,True,
2023-09-18,500,0,1.0,1.0,0.998,1.0,0.998,True,
2023-09-19,500,0,1.0,1.0,0.998,1.0,0.998,True,
2023-09-20,500,0,1.0,1.0,0.998,1.0,0.998,True,
2023-09-21,500,0,1.0,1.0,0.998,1.0,0.998,True,
2023-09-22,500,0,1.0,1.0,0.998,1.0,0.998,True,
2023-09-25,500,0,1.0,1.0,0.998,1.0,0.998,True,
2023-09-26,500,0,1.0,1.0,0.998,1.0,0.998,True,
2023-09-27,500,0,1.0,1.0,0.998,1.0,0.998,True,
2023-09-28,500,0,1.0,1.0,0.998,1.0,0.998,True,
2023-10-09,500,0,1.0,1.0,0.998,1.0,0.998,True,
2023-10-10,500,0,1.0,1.0,0.998,1.0,0.998,True,
2023-10-11,500,0,1.0,1.0,0.998,1.0,0.998,True,
2023-10-12,500,0,1.0,1.0,0.998,1.0,0.998,True,
2023-10-13,500,0,1.0,1.0,0.998,1.0,0.998,True,
2023-10-16,500,0,1.0,1.0,0.998,1.0,0.998,True,
2023-10-17,500,0,1.0,1.0,0.998,1.0,0.998,True,
2023-10-18,500,0,1.0,1.0,0.998,1.0,0.998,True,
2023-10-19,500,0,1.0,1.0,0.998,1.0,0.998,True,
2023-10-20,500,0,1.0,1.0,0.998,1.0,0.998,True,
2023-10-23,500,0,1.0,1.0,0.998,1.0,0.998,True,
2023-10-24,500,0,1.0,1.0,0.998,1.0,0.998,True,
2023-10-25,500,0,1.0,1.0,0.998,1.0,0.998,True,
2023-10-26,500,0,1.0,1.0,0.998,1.0,0.998,True,
2023-10-27,500,0,1.0,1.0,0.998,1.0,0.998,True,
2023-10-30,500,0,1.0,1.0,0.998,1.0,0.998,True,
2023-10-31,500,0,1.0,1.0,0.998,1.0,0.998,True,
2023-11-01,500,0,1.0,1.0,0.998,1.0,0.998,True,
2023-11-02,500,0,1.0,1.0,0.998,1.0,0.998,True,
2023-11-03,500,0,1.0,1.0,0.998,1.0,0.998,True,
2023-11-06,500,1,1.0,1.0,0.998,1.0,0.998,True,
2023-11-07,500,1,1.0,1.0,0.998,1.0,0.998,True,
2023-11-08,500,1,1.0,1.0,0.998,1.0,0.998,True,
2023-11-09,500,1,1.0,1.0,0.998,1.0,0.998,True,
2023-11-10,500,0,1.0,1.0,0.998,1.0,0.998,True,
2023-11-13,500,0,1.0,1.0,0.998,1.0,0.998,True,
2023-11-14,500,0,1.0,1.0,0.998,1.0,0.998,True,
2023-11-15,500,0,1.0,1.0,0.998,1.0,0.998,True,
2023-11-16,500,0,1.0,1.0,0.998,1.0,0.998,True,
2023-11-17,500,0,1.0,1.0,0.998,1.0,0.998,True,
2023-11-20,500,0,1.0,1.0,0.998,1.0,0.998,True,
2023-11-21,500,0,1.0,1.0,0.998,1.0,0.998,True,
2023-11-22,500,0,1.0,1.0,0.998,1.0,0.998,True,
2023-11-23,500,0,1.0,1.0,0.998,1.0,0.998,True,
2023-11-24,500,0,1.0,1.0,0.998,1.0,0.998,True,
2023-11-27,500,0,1.0,1.0,0.998,1.0,0.998,True,
2023-11-28,500,0,1.0,1.0,0.998,1.0,0.998,True,
2023-11-29,500,0,1.0,1.0,0.998,1.0,0.998,True,
2023-11-30,500,0,1.0,1.0,0.998,1.0,0.998,True,
2023-12-01,500,0,1.0,1.0,0.998,1.0,0.998,True,
2023-12-04,500,0,1.0,1.0,0.998,1.0,0.998,True,
2023-12-05,500,0,1.0,1.0,0.998,1.0,0.998,True,
2023-12-06,500,1,1.0,1.0,0.998,1.0,0.998,True,
2023-12-07,500,1,1.0,1.0,0.998,1.0,0.998,True,
2023-12-08,500,1,1.0,1.0,0.998,1.0,0.998,True,
2023-12-11,500,1,1.0,1.0,0.998,1.0,0.998,True,
2023-12-12,500,1,1.0,1.0,0.998,1.0,0.998,True,
2023-12-13,500,0,1.0,1.0,0.998,1.0,0.998,True,
2023-12-14,500,0,1.0,1.0,0.998,1.0,0.998,True,
2023-12-15,500,0,1.0,1.0,0.998,1.0,0.998,True,
2023-12-18,500,1,1.0,1.0,0.998,1.0,0.998,True,
2023-12-19,500,1,1.0,1.0,0.998,1.0,0.998,True,
2023-12-20,500,1,1.0,1.0,0.998,1.0,0.998,True,
2023-12-21,500,0,1.0,1.0,0.998,1.0,0.998,True,
2023-12-22,500,0,1.0,1.0,0.998,1.0,0.998,True,
2023-12-25,500,0,1.0,1.0,0.998,1.0,0.998,True,
2023-12-26,500,0,1.0,1.0,0.998,1.0,0.998,True,
2023-12-27,500,0,1.0,1.0,0.998,1.0,0.998,True,
2023-12-28,500,0,1.0,1.0,0.998,1.0,0.998,True,
2023-12-29,500,0,1.0,1.0,0.998,1.0,0.998,True,
2024-01-02,500,0,1.0,1.0,0.998,1.0,0.998,True,
2024-01-03,500,0,1.0,1.0,0.998,1.0,0.998,True,
2024-01-04,500,0,1.0,1.0,0.998,1.0,0.998,True,
2024-01-05,500,0,1.0,1.0,0.998,1.0,0.998,True,
2024-01-08,500,0,1.0,1.0,0.998,1.0,0.998,True,
2024-01-09,500,0,1.0,1.0,0.998,1.0,0.998,True,
2024-01-10,500,0,1.0,1.0,0.998,1.0,0.998,True,
2024-01-11,500,0,1.0,1.0,0.998,1.0,0.998,True,
2024-01-12,500,1,1.0,1.0,0.998,1.0,0.998,True,
2024-01-15,500,0,1.0,1.0,0.998,1.0,0.998,True,
2024-01-16,500,0,1.0,1.0,0.998,1.0,0.998,True,
2024-01-17,500,0,1.0,1.0,0.998,1.0,0.998,True,
2024-01-18,500,0,1.0,1.0,0.998,1.0,0.998,True,
2024-01-19,500,0,1.0,1.0,0.998,1.0,0.998,True,
2024-01-22,500,0,1.0,1.0,0.998,1.0,0.998,True,
2024-01-23,500,0,1.0,1.0,0.998,1.0,0.998,True,
2024-01-24,500,0,1.0,1.0,0.998,1.0,0.998,True,
2024-01-25,500,0,1.0,1.0,0.998,1.0,0.998,True,
2024-01-26,500,0,1.0,1.0,0.998,1.0,0.998,True,
2024-01-29,500,0,1.0,1.0,0.998,1.0,0.998,True,
2024-01-30,500,0,1.0,1.0,0.998,1.0,0.998,True,
2024-01-31,500,0,1.0,1.0,0.998,1.0,0.998,True,
2024-02-01,500,0,1.0,1.0,0.998,1.0,0.998,True,
2024-02-02,500,0,1.0,1.0,0.998,1.0,0.998,True,
2024-02-05,500,0,1.0,1.0,0.998,1.0,0.998,True,
2024-02-06,500,0,1.0,1.0,0.998,1.0,0.998,True,
2024-02-07,500,0,1.0,1.0,0.998,1.0,0.998,True,
2024-02-08,500,0,1.0,1.0,0.998,1.0,0.998,True,
2024-02-19,500,0,1.0,1.0,0.998,1.0,0.998,True,
2024-02-20,500,0,1.0,1.0,0.998,1.0,0.998,True,
2024-02-21,500,0,1.0,1.0,0.998,1.0,0.998,True,
2024-02-22,500,0,1.0,1.0,0.998,1.0,0.998,True,
2024-02-23,500,0,1.0,1.0,0.998,1.0,0.998,True,
2024-02-26,500,0,1.0,1.0,0.998,1.0,0.998,True,
2024-02-27,500,0,1.0,1.0,0.998,1.0,0.998,True,
2024-02-28,500,0,1.0,1.0,0.998,1.0,0.998,True,
2024-02-29,500,0,1.0,1.0,0.998,1.0,0.998,True,
2024-03-01,500,0,1.0,1.0,0.998,1.0,0.998,True,
2024-03-04,500,0,1.0,1.0,0.998,1.0,0.998,True,
2024-03-05,500,0,1.0,1.0,0.998,1.0,0.998,True,
2024-03-06,500,0,1.0,1.0,0.998,1.0,0.998,True,
2024-03-07,500,0,1.0,1.0,0.998,1.0,0.998,True,
2024-03-08,500,0,1.0,1.0,0.998,1.0,0.998,True,
2024-03-11,500,0,1.0,1.0,0.998,1.0,0.998,True,
2024-03-12,500,0,1.0,1.0,0.998,1.0,0.998,True,
2024-03-13,500,0,1.0,1.0,0.998,1.0,0.998,True,
2024-03-14,500,0,1.0,1.0,0.998,1.0,0.998,True,
2024-03-15,500,0,1.0,1.0,0.998,1.0,0.998,True,
2024-03-18,500,0,1.0,1.0,0.998,1.0,0.998,True,
2024-03-19,500,0,1.0,1.0,0.998,1.0,0.998,True,
2024-03-20,500,0,1.0,1.0,0.998,1.0,0.998,True,
2024-03-21,500,0,1.0,1.0,0.998,1.0,0.998,True,
2024-03-22,500,0,1.0,1.0,0.998,1.0,0.998,True,
2024-03-25,500,0,1.0,1.0,0.998,1.0,0.998,True,
2024-03-26,500,0,1.0,1.0,0.998,1.0,0.998,True,
2024-03-27,500,0,1.0,1.0,0.998,1.0,0.998,True,
2024-03-28,500,0,1.0,1.0,0.998,1.0,0.998,True,
2024-03-29,500,0,1.0,1.0,0.998,1.0,0.998,True,
2024-04-01,500,0,1.0,1.0,0.998,1.0,0.998,True,
2024-04-02,500,0,1.0,1.0,0.998,1.0,0.998,True,
2024-04-03,500,0,1.0,1.0,0.998,1.0,0.998,True,
2024-04-08,500,0,1.0,1.0,0.998,1.0,0.998,True,
2024-04-09,500,0,1.0,1.0,0.998,1.0,0.998,True,
2024-04-10,500,0,1.0,1.0,0.998,1.0,0.998,True,
2024-04-11,500,0,1.0,1.0,0.998,1.0,0.998,True,
2024-04-12,500,0,1.0,1.0,0.998,1.0,0.998,True,
2024-04-15,500,0,1.0,1.0,0.998,1.0,0.998,True,
2024-04-16,500,0,1.0,1.0,0.998,1.0,0.998,True,
2024-04-17,500,1,1.0,1.0,0.998,1.0,0.998,True,
2024-04-18,500,1,1.0,1.0,0.998,1.0,0.998,True,
2024-04-19,500,1,1.0,1.0,0.998,1.0,0.998,True,
2024-04-22,500,1,1.0,1.0,0.998,1.0,0.998,True,
2024-04-23,500,1,1.0,1.0,0.998,1.0,0.998,True,
2024-04-24,500,1,1.0,1.0,0.998,1.0,0.998,True,
2024-04-25,500,1,1.0,1.0,0.998,1.0,0.998,True,
2024-04-26,500,2,1.0,1.0,0.998,1.0,0.998,True,
2024-04-29,500,2,1.0,1.0,0.998,1.0,0.998,True,
2024-04-30,500,2,1.0,1.0,0.998,1.0,0.998,True,
2024-05-06,500,1,1.0,1.0,0.998,1.0,0.998,True,
2024-05-07,500,1,1.0,1.0,0.998,1.0,0.998,True,
2024-05-08,500,1,1.0,1.0,0.998,1.0,0.998,True,
2024-05-09,500,1,1.0,1.0,0.998,1.0,0.998,True,
2024-05-10,500,1,1.0,1.0,0.998,1.0,0.998,True,
2024-05-13,500,1,1.0,1.0,0.998,1.0,0.998,True,
2024-05-14,500,1,1.0,1.0,0.998,1.0,0.998,True,
2024-05-15,500,0,1.0,1.0,0.998,1.0,0.998,True,
2024-05-16,500,0,1.0,1.0,0.998,1.0,0.998,True,
2024-05-17,500,0,1.0,1.0,0.998,1.0,0.998,True,
2024-05-20,500,1,1.0,1.0,0.998,1.0,0.998,True,
2024-05-21,500,0,1.0,1.0,0.998,1.0,0.998,True,
2024-05-22,500,0,1.0,1.0,0.998,1.0,0.998,True,
2024-05-23,500,0,1.0,1.0,0.998,1.0,0.998,True,
2024-05-24,500,0,1.0,1.0,0.998,1.0,0.998,True,
2024-05-27,500,0,1.0,1.0,0.998,1.0,0.998,True,
2024-05-28,500,0,1.0,1.0,0.998,1.0,0.998,True,
2024-05-29,500,0,1.0,1.0,0.998,1.0,0.998,True,
2024-05-30,500,0,1.0,1.0,0.998,1.0,0.998,True,
2024-05-31,500,0,1.0,1.0,0.998,1.0,0.998,True,
2024-06-03,500,0,1.0,1.0,0.998,1.0,0.998,True,
2024-06-04,500,0,1.0,1.0,0.998,1.0,0.998,True,
2024-06-05,500,0,1.0,1.0,0.998,1.0,0.998,True,
2024-06-06,500,0,1.0,1.0,0.998,1.0,0.998,True,
2024-06-07,500,0,1.0,1.0,0.998,1.0,0.998,True,
2024-06-11,500,0,1.0,1.0,0.998,1.0,0.998,True,
2024-06-12,500,0,1.0,1.0,0.998,1.0,0.998,True,
2024-06-13,500,0,1.0,1.0,0.998,1.0,0.998,True,
2024-06-14,500,0,1.0,1.0,0.998,1.0,0.998,True,
2024-06-17,500,0,1.0,1.0,0.998,1.0,0.998,True,
2024-06-18,500,0,1.0,1.0,0.998,1.0,0.998,True,
2024-06-19,500,0,1.0,1.0,0.998,1.0,0.998,True,
2024-06-20,500,0,1.0,1.0,0.998,1.0,0.998,True,
2024-06-21,500,0,1.0,1.0,0.998,1.0,0.998,True,
2024-06-24,500,0,1.0,1.0,0.998,1.0,0.998,True,
2024-06-25,500,0,1.0,1.0,0.998,1.0,0.998,True,
2024-06-26,500,0,1.0,1.0,0.998,1.0,0.998,True,
2024-06-27,500,0,1.0,1.0,0.998,1.0,0.998,True,
2024-06-28,500,0,1.0,1.0,0.998,1.0,0.998,True,
2024-07-01,500,0,1.0,1.0,0.998,1.0,0.998,True,
2024-07-02,500,0,1.0,1.0,0.998,1.0,0.998,True,
2024-07-03,500,0,1.0,1.0,0.998,1.0,0.998,True,
2024-07-04,500,0,1.0,1.0,0.998,1.0,0.998,True,
2024-07-05,500,0,1.0,1.0,0.998,1.0,0.998,True,
2024-07-08,500,0,1.0,1.0,0.998,1.0,0.998,True,
2024-07-09,500,0,1.0,1.0,0.998,1.0,0.998,True,
2024-07-10,500,1,1.0,1.0,0.998,1.0,0.998,True,
2024-07-11,500,1,1.0,1.0,0.998,1.0,0.998,True,
2024-07-12,500,1,1.0,1.0,0.998,1.0,0.998,True,
2024-07-15,500,0,1.0,1.0,0.998,1.0,0.998,True,
2024-07-16,500,0,1.0,1.0,0.998,1.0,0.998,True,
2024-07-17,500,0,1.0,1.0,0.998,1.0,0.998,True,
2024-07-18,500,0,1.0,1.0,0.998,1.0,0.998,True,
2024-07-19,500,0,1.0,1.0,0.998,1.0,0.998,True,
2024-07-22,500,0,1.0,1.0,0.998,1.0,0.998,True,
2024-07-23,500,0,1.0,1.0,0.998,1.0,0.998,True,
2024-07-24,500,0,1.0,1.0,0.998,1.0,0.998,True,
2024-07-25,500,1,1.0,1.0,0.998,1.0,0.998,True,
2024-07-26,500,1,1.0,1.0,0.998,1.0,0.998,True,
2024-07-29,500,1,1.0,1.0,0.998,1.0,0.998,True,
2024-07-30,500,1,1.0,1.0,0.998,1.0,0.998,True,
2024-07-31,500,1,1.0,1.0,0.998,1.0,0.998,True,
2024-08-01,500,2,1.0,1.0,0.998,1.0,0.998,True,
2024-08-02,500,2,1.0,1.0,0.998,1.0,0.998,True,
2024-08-05,500,1,1.0,1.0,0.998,1.0,0.998,True,
2024-08-06,500,1,1.0,1.0,0.998,1.0,0.998,True,
2024-08-07,500,1,1.0,1.0,0.998,1.0,0.998,True,
2024-08-08,500,0,1.0,1.0,0.998,1.0,0.998,True,
2024-08-09,500,0,1.0,1.0,0.998,1.0,0.998,True,
2024-08-12,500,0,1.0,1.0,0.998,1.0,0.998,True,
2024-08-13,500,0,1.0,1.0,0.998,1.0,0.998,True,
2024-08-14,500,0,1.0,1.0,0.998,1.0,0.998,True,
2024-08-15,500,0,1.0,1.0,0.998,1.0,0.998,True,
2024-08-16,500,0,1.0,1.0,0.998,1.0,0.998,True,
2024-08-19,500,0,1.0,1.0,0.998,1.0,0.998,True,
2024-08-20,500,0,1.0,1.0,0.998,1.0,0.998,True,
2024-08-21,500,0,1.0,1.0,0.998,1.0,0.998,True,
2024-08-22,500,0,1.0,1.0,0.998,1.0,0.998,True,
2024-08-23,500,0,1.0,1.0,0.998,1.0,0.998,True,
2024-08-26,500,0,1.0,1.0,0.998,1.0,0.998,True,
2024-08-27,500,0,1.0,1.0,0.998,1.0,0.998,True,
2024-08-28,500,0,1.0,1.0,0.998,1.0,0.998,True,
2024-08-29,500,0,1.0,1.0,0.998,1.0,0.998,True,
2024-08-30,500,0,1.0,1.0,0.998,1.0,0.998,True,
2024-09-02,500,0,1.0,1.0,0.998,1.0,0.998,True,
2024-09-03,500,0,1.0,1.0,0.998,1.0,0.998,True,
2024-09-04,500,0,1.0,1.0,0.998,1.0,0.998,True,
2024-09-05,500,0,1.0,1.0,0.998,1.0,0.998,True,
2024-09-06,500,0,1.0,1.0,0.998,1.0,0.998,True,
2024-09-09,500,0,1.0,1.0,0.998,1.0,0.998,True,
2024-09-10,500,0,1.0,1.0,0.998,1.0,0.998,True,
2024-09-11,500,0,1.0,1.0,0.998,1.0,0.998,True,
2024-09-12,500,0,1.0,1.0,0.998,1.0,0.998,True,
2024-09-13,500,0,1.0,1.0,0.998,1.0,0.998,True,
2024-09-18,500,0,1.0,1.0,0.998,1.0,0.998,True,
2024-09-19,500,0,1.0,1.0,0.998,1.0,0.998,True,
2024-09-20,500,0,1.0,1.0,0.998,1.0,0.998,True,
2024-09-23,500,0,1.0,1.0,0.998,1.0,0.998,True,
2024-09-24,500,0,1.0,1.0,0.998,1.0,0.998,True,
2024-09-25,500,0,1.0,1.0,0.998,1.0,0.998,True,
2024-09-26,500,0,1.0,1.0,0.998,1.0,0.998,True,
2024-09-27,500,0,1.0,1.0,0.998,1.0,0.998,True,
2024-09-30,500,1,1.0,1.0,0.998,1.0,0.998,True,
2024-10-08,500,1,1.0,1.0,0.998,1.0,0.998,True,
2024-10-09,500,1,1.0,1.0,0.998,1.0,0.998,True,
2024-10-10,500,1,1.0,1.0,0.998,1.0,0.998,True,
2024-10-11,500,1,1.0,1.0,0.998,1.0,0.998,True,
2024-10-14,500,1,1.0,1.0,0.998,1.0,0.998,True,
2024-10-15,500,1,1.0,1.0,0.998,1.0,0.998,True,
2024-10-16,500,1,1.0,1.0,0.998,1.0,0.998,True,
2024-10-17,500,1,1.0,1.0,0.998,1.0,0.998,True,
2024-10-18,500,1,1.0,1.0,0.998,1.0,0.998,True,
2024-10-21,500,0,1.0,1.0,0.998,1.0,0.998,True,
2024-10-22,500,0,1.0,1.0,0.998,1.0,0.998,True,
2024-10-23,500,0,1.0,1.0,0.998,1.0,0.998,True,
2024-10-24,500,0,1.0,1.0,0.998,1.0,0.998,True,
2024-10-25,500,0,1.0,1.0,0.998,1.0,0.998,True,
2024-10-28,500,0,1.0,1.0,0.998,1.0,0.998,True,
2024-10-29,500,1,1.0,1.0,0.998,1.0,0.998,True,
2024-10-30,500,2,1.0,1.0,0.998,1.0,0.998,True,
2024-10-31,500,2,1.0,1.0,0.998,1.0,0.998,True,
2024-11-01,500,2,1.0,1.0,0.998,1.0,0.998,True,
2024-11-04,500,1,1.0,1.0,0.998,1.0,0.998,True,
2024-11-05,500,1,1.0,1.0,0.998,1.0,0.998,True,
2024-11-06,500,0,1.0,1.0,0.998,1.0,0.998,True,
2024-11-07,500,0,1.0,1.0,0.998,1.0,0.998,True,
2024-11-08,500,0,1.0,1.0,0.998,1.0,0.998,True,
2024-11-11,500,0,1.0,1.0,0.998,1.0,0.998,True,
2024-11-12,500,0,1.0,1.0,0.998,1.0,0.998,True,
2024-11-13,500,0,1.0,1.0,0.998,1.0,0.998,True,
2024-11-14,500,0,1.0,1.0,0.998,1.0,0.998,True,
2024-11-15,500,0,1.0,1.0,0.998,1.0,0.998,True,
2024-11-18,500,0,1.0,1.0,0.998,1.0,0.998,True,
2024-11-19,500,0,1.0,1.0,0.998,1.0,0.998,True,
2024-11-20,500,0,1.0,1.0,0.998,1.0,0.998,True,
2024-11-21,500,0,1.0,1.0,0.998,1.0,0.998,True,
2024-11-22,500,0,1.0,1.0,0.998,1.0,0.998,True,
2024-11-25,500,1,1.0,1.0,0.998,1.0,0.998,True,
2024-11-26,500,1,1.0,1.0,0.998,1.0,0.998,True,
2024-11-27,500,1,1.0,1.0,0.998,1.0,0.998,True,
2024-11-28,500,1,1.0,1.0,0.998,1.0,0.998,True,
2024-11-29,500,1,1.0,1.0,0.998,1.0,0.998,True,
2024-12-02,500,1,1.0,1.0,0.998,1.0,0.998,True,
2024-12-03,500,1,1.0,1.0,0.998,1.0,0.998,True,
2024-12-04,500,1,1.0,1.0,0.998,1.0,0.998,True,
2024-12-05,500,1,1.0,1.0,0.998,1.0,0.998,True,
2024-12-06,500,1,1.0,1.0,0.998,1.0,0.998,True,
2024-12-09,500,0,1.0,1.0,0.998,1.0,0.998,True,
2024-12-10,500,0,1.0,1.0,0.998,1.0,0.998,True,
2024-12-11,500,0,1.0,1.0,0.998,1.0,0.998,True,
2024-12-12,500,0,1.0,1.0,0.998,1.0,0.998,True,
2024-12-13,500,0,1.0,1.0,0.998,1.0,0.998,True,
2024-12-16,500,0,1.0,1.0,0.998,1.0,0.998,True,
2024-12-17,500,0,1.0,1.0,0.998,1.0,0.998,True,
2024-12-18,500,0,1.0,1.0,0.998,1.0,0.998,True,
2024-12-19,500,0,1.0,1.0,0.998,1.0,0.998,True,
2024-12-20,500,0,1.0,1.0,0.998,1.0,0.998,True,
2024-12-23,500,0,1.0,1.0,0.998,1.0,0.998,True,
2024-12-24,500,0,1.0,1.0,0.998,1.0,0.998,True,
2024-12-25,500,0,1.0,1.0,0.998,1.0,0.998,True,
2024-12-26,500,0,1.0,1.0,0.998,1.0,0.998,True,
2024-12-27,500,0,1.0,1.0,0.998,1.0,0.998,True,
2024-12-30,500,0,1.0,1.0,0.998,1.0,0.998,True,
2024-12-31,500,0,1.0,1.0,0.998,1.0,0.998,True,
2025-01-02,500,1,1.0,1.0,0.998,1.0,0.998,True,
2025-01-03,500,1,1.0,1.0,0.998,1.0,0.998,True,
2025-01-06,500,0,1.0,1.0,0.998,1.0,0.998,True,
2025-01-07,500,0,1.0,1.0,0.998,1.0,0.998,True,
2025-01-08,500,0,1.0,1.0,0.998,1.0,0.998,True,
2025-01-09,500,0,1.0,1.0,0.998,1.0,0.998,True,
2025-01-10,500,0,1.0,1.0,0.998,1.0,0.998,True,
2025-01-13,500,0,1.0,1.0,0.998,1.0,0.998,True,
2025-01-14,500,0,1.0,1.0,0.998,1.0,0.998,True,
2025-01-15,500,0,1.0,1.0,0.998,1.0,0.998,True,
2025-01-16,500,0,1.0,1.0,0.998,1.0,0.998,True,
2025-01-17,500,0,1.0,1.0,0.998,1.0,0.998,True,
2025-01-20,500,0,1.0,1.0,0.998,1.0,0.998,True,
2025-01-21,500,0,1.0,1.0,0.998,1.0,0.998,True,
2025-01-22,500,0,1.0,1.0,0.998,1.0,0.998,True,
2025-01-23,500,0,1.0,1.0,0.998,1.0,0.998,True,
2025-01-24,500,0,1.0,1.0,0.998,1.0,0.998,True,
2025-01-27,500,0,1.0,1.0,0.998,1.0,0.998,True,
2025-02-05,500,0,1.0,1.0,0.998,1.0,0.998,True,
2025-02-06,500,0,1.0,1.0,0.998,1.0,0.998,True,
2025-02-07,500,0,1.0,1.0,0.998,1.0,0.998,True,
2025-02-10,500,0,1.0,1.0,0.998,1.0,0.998,True,
2025-02-11,500,1,1.0,1.0,0.998,1.0,0.998,True,
2025-02-12,500,1,1.0,1.0,0.998,1.0,0.998,True,
2025-02-13,500,1,1.0,1.0,0.998,1.0,0.998,True,
2025-02-14,500,1,1.0,1.0,0.998,1.0,0.998,True,
2025-02-17,500,1,1.0,1.0,0.998,1.0,0.998,True,
2025-02-18,500,1,1.0,1.0,0.998,1.0,0.998,True,
2025-02-19,500,1,1.0,1.0,0.998,1.0,0.998,True,
2025-02-20,500,1,1.0,1.0,0.998,1.0,0.998,True,
2025-02-21,500,0,1.0,1.0,0.998,1.0,0.998,True,
2025-02-24,500,0,1.0,1.0,0.998,1.0,0.998,True,
2025-02-25,500,0,1.0,1.0,0.998,1.0,0.998,True,
2025-02-26,500,0,1.0,1.0,0.998,1.0,0.998,True,
2025-02-27,500,0,1.0,1.0,0.998,1.0,0.998,True,
2025-02-28,500,0,1.0,1.0,0.998,1.0,0.998,True,
2025-03-03,500,0,1.0,1.0,0.998,1.0,0.998,True,
2025-03-04,500,0,1.0,1.0,0.998,1.0,0.998,True,
2025-03-05,500,0,1.0,1.0,0.998,1.0,0.998,True,
2025-03-06,500,0,1.0,1.0,0.998,1.0,0.998,True,
2025-03-07,500,0,1.0,1.0,0.998,1.0,0.998,True,
2025-03-10,500,0,1.0,1.0,0.998,1.0,0.998,True,
2025-03-11,500,0,1.0,1.0,0.998,1.0,0.998,True,
2025-03-12,500,0,1.0,1.0,0.998,1.0,0.998,True,
2025-03-13,500,1,1.0,1.0,0.998,1.0,0.998,True,
2025-03-14,500,1,1.0,1.0,0.998,1.0,0.998,True,
2025-03-17,500,2,1.0,1.0,0.998,1.0,0.998,True,
2025-03-18,500,2,1.0,1.0,0.998,1.0,0.998,True,
2025-03-19,500,2,1.0,1.0,0.998,1.0,0.998,True,
2025-03-20,500,2,1.0,1.0,0.998,1.0,0.998,True,
2025-03-21,500,2,1.0,1.0,0.998,1.0,0.998,True,
2025-03-24,500,2,1.0,1.0,0.998,1.0,0.998,True,
2025-03-25,500,2,1.0,1.0,0.998,1.0,0.998,True,
2025-03-26,500,2,1.0,1.0,0.998,1.0,0.998,True,
2025-03-27,500,1,1.0,1.0,0.998,1.0,0.998,True,
2025-03-28,500,1,1.0,1.0,0.998,1.0,0.998,True,
2025-03-31,500,0,1.0,1.0,0.998,1.0,0.998,True,
2025-04-01,500,0,1.0,1.0,0.998,1.0,0.998,True,
2025-04-02,500,0,1.0,1.0,0.998,1.0,0.998,True,
2025-04-03,500,0,1.0,1.0,0.998,1.0,0.998,True,
2025-04-07,500,0,1.0,1.0,0.998,1.0,0.998,True,
2025-04-08,500,0,1.0,1.0,0.998,1.0,0.998,True,
2025-04-09,500,0,1.0,1.0,0.998,1.0,0.998,True,
2025-04-10,500,0,1.0,1.0,0.998,1.0,0.998,True,
2025-04-11,500,0,1.0,1.0,0.998,1.0,0.998,True,
2025-04-14,500,0,1.0,1.0,0.998,1.0,0.998,True,
2025-04-15,500,0,1.0,1.0,0.998,1.0,0.998,True,
2025-04-16,500,0,1.0,1.0,0.998,1.0,0.998,True,
2025-04-17,500,0,1.0,1.0,0.998,1.0,0.998,True,
2025-04-18,500,0,1.0,1.0,0.998,1.0,0.998,True,
2025-04-21,500,0,1.0,1.0,0.998,1.0,0.998,True,
2025-04-22,500,1,1.0,1.0,0.998,1.0,0.998,True,
2025-04-23,500,1,1.0,1.0,0.998,1.0,0.998,True,
2025-04-24,500,1,1.0,1.0,0.998,1.0,0.998,True,
2025-04-25,500,0,1.0,1.0,0.998,1.0,0.998,True,
2025-04-28,500,0,1.0,1.0,0.998,1.0,0.998,True,
2025-04-29,500,0,1.0,1.0,0.998,1.0,0.998,True,
2025-04-30,500,0,1.0,1.0,0.998,1.0,0.998,True,
2025-05-06,500,1,1.0,1.0,0.998,1.0,0.998,True,
2025-05-07,500,1,1.0,1.0,0.998,1.0,0.998,True,
2025-05-08,500,1,1.0,1.0,0.998,1.0,0.998,True,
2025-05-09,500,1,1.0,1.0,0.998,1.0,0.998,True,
2025-05-12,500,1,1.0,1.0,0.998,1.0,0.998,True,
2025-05-13,500,2,1.0,1.0,0.998,1.0,0.998,True,
2025-05-14,500,2,1.0,1.0,0.998,1.0,0.998,True,
2025-05-15,500,2,1.0,1.0,0.998,1.0,0.998,True,
2025-05-16,500,2,1.0,1.0,0.998,1.0,0.998,True,
2025-05-19,500,1,1.0,1.0,0.998,1.0,0.998,True,
2025-05-20,500,1,1.0,1.0,0.998,1.0,0.998,True,
2025-05-21,500,1,1.0,1.0,0.998,1.0,0.998,True,
2025-05-22,500,1,1.0,1.0,0.998,1.0,0.998,True,
2025-05-23,500,1,1.0,1.0,0.998,1.0,0.998,True,
2025-05-26,500,0,1.0,1.0,0.998,1.0,0.998,True,
2025-05-27,500,0,1.0,1.0,0.998,1.0,0.998,True,
2025-05-28,500,0,1.0,1.0,0.998,1.0,0.998,True,
2025-05-29,500,0,1.0,1.0,0.998,1.0,0.998,True,
2025-05-30,500,0,1.0,1.0,0.998,1.0,0.998,True,
2025-06-03,500,0,1.0,1.0,0.998,1.0,0.998,True,
2025-06-04,500,0,1.0,1.0,0.998,1.0,0.998,True,
2025-06-05,500,0,1.0,1.0,0.998,1.0,0.998,True,
2025-06-06,500,1,1.0,1.0,0.998,1.0,0.998,True,
2025-06-09,500,1,1.0,1.0,0.998,1.0,0.998,True,
2025-06-10,500,0,1.0,1.0,0.998,1.0,0.998,True,
2025-06-11,500,0,1.0,1.0,0.998,1.0,0.998,True,
2025-06-12,500,0,1.0,1.0,0.998,1.0,0.998,True,
2025-06-13,500,0,1.0,1.0,0.998,1.0,0.998,True,
2025-06-16,500,0,1.0,1.0,0.998,1.0,0.998,True,
2025-06-17,500,0,1.0,1.0,0.998,1.0,0.998,True,
2025-06-18,500,0,1.0,1.0,0.998,1.0,0.998,True,
2025-06-19,500,0,1.0,1.0,0.998,1.0,0.998,True,
2025-06-20,500,0,1.0,1.0,0.998,1.0,0.998,True,
2025-06-23,500,0,1.0,1.0,0.998,1.0,0.998,True,
2025-06-24,500,0,1.0,1.0,0.998,1.0,0.998,True,
2025-06-25,500,0,1.0,1.0,0.998,1.0,0.998,True,
2025-06-26,500,0,1.0,1.0,0.998,1.0,0.998,True,
2025-06-27,500,0,1.0,1.0,0.998,1.0,0.998,True,
2025-06-30,500,0,1.0,1.0,0.998,1.0,0.998,True,
2025-07-01,500,0,1.0,1.0,0.998,1.0,0.998,True,
2025-07-02,500,0,1.0,1.0,0.998,1.0,0.998,True,
2025-07-03,500,0,1.0,1.0,0.998,1.0,0.998,True,
2025-07-04,500,0,1.0,1.0,0.998,1.0,0.998,True,
2025-07-07,500,0,1.0,1.0,0.998,1.0,0.998,True,
2025-07-08,500,0,1.0,1.0,0.998,1.0,0.998,True,
2025-07-09,500,0,1.0,1.0,0.998,1.0,0.998,True,
2025-07-10,500,0,1.0,1.0,0.998,1.0,0.998,True,
2025-07-11,500,0,1.0,1.0,0.998,1.0,0.998,True,
2025-07-14,500,0,1.0,1.0,0.998,1.0,0.998,True,
2025-07-15,500,0,1.0,1.0,0.998,1.0,0.998,True,
2025-07-16,500,0,1.0,1.0,0.998,1.0,0.998,True,
2025-07-17,500,0,1.0,1.0,0.998,1.0,0.998,True,
2025-07-18,500,1,1.0,1.0,0.998,1.0,0.998,True,
2025-07-21,500,0,1.0,1.0,0.998,1.0,0.998,True,
2025-07-22,500,0,1.0,1.0,0.998,1.0,0.998,True,
2025-07-23,500,0,1.0,1.0,0.998,1.0,0.998,True,
2025-07-24,500,0,1.0,1.0,0.998,1.0,0.998,True,
2025-07-25,500,0,1.0,1.0,0.998,1.0,0.998,True,
2025-07-28,500,0,1.0,1.0,0.998,1.0,0.998,True,
2025-07-29,500,0,1.0,1.0,0.998,1.0,0.998,True,
2025-07-30,500,1,1.0,1.0,0.998,1.0,0.998,True,
2025-07-31,500,1,1.0,1.0,0.998,1.0,0.998,True,
2025-08-01,500,1,1.0,1.0,0.998,1.0,0.998,True,
2025-08-04,500,1,1.0,1.0,0.998,1.0,0.998,True,
2025-08-05,500,1,1.0,1.0,0.998,1.0,0.998,True,
2025-08-06,500,1,1.0,1.0,0.998,1.0,0.998,True,
2025-08-07,500,1,1.0,1.0,0.998,1.0,0.998,True,
2025-08-08,500,1,1.0,1.0,0.998,1.0,0.998,True,
2025-08-11,500,1,1.0,1.0,0.998,1.0,0.998,True,
2025-08-12,500,1,1.0,1.0,0.998,1.0,0.998,True,
2025-08-13,500,0,1.0,1.0,0.998,1.0,0.998,True,
2025-08-14,500,0,1.0,1.0,0.998,1.0,0.998,True,
2025-08-15,500,0,1.0,1.0,0.998,1.0,0.998,True,
2025-08-18,500,0,1.0,1.0,0.998,1.0,0.998,True,
2025-08-19,500,0,1.0,1.0,0.998,1.0,0.998,True,
2025-08-20,500,0,1.0,1.0,0.998,1.0,0.998,True,
2025-08-21,500,0,1.0,1.0,0.998,1.0,0.998,True,
2025-08-22,500,0,1.0,1.0,0.998,1.0,0.998,True,
2025-08-25,500,0,1.0,1.0,0.998,1.0,0.998,True,
2025-08-26,500,0,1.0,1.0,0.998,1.0,0.998,True,
2025-08-27,500,0,1.0,1.0,0.998,1.0,0.998,True,
2025-08-28,500,0,1.0,1.0,0.998,1.0,0.998,True,
2025-08-29,500,1,1.0,1.0,0.998,1.0,0.998,True,
2025-09-01,500,1,1.0,1.0,0.998,1.0,0.998,True,
2025-09-02,500,1,1.0,1.0,0.998,1.0,0.998,True,
2025-09-03,500,1,1.0,1.0,0.998,1.0,0.998,True,
2025-09-04,500,1,1.0,1.0,0.998,1.0,0.998,True,
2025-09-05,500,1,1.0,1.0,0.998,1.0,0.998,True,
2025-09-08,500,1,1.0,1.0,0.998,1.0,0.998,True,
2025-09-09,500,1,1.0,1.0,0.998,1.0,0.998,True,
2025-09-10,500,1,1.0,1.0,0.998,1.0,0.998,True,
2025-09-11,500,1,1.0,1.0,0.998,1.0,0.998,True,
2025-09-12,500,0,1.0,1.0,0.998,1.0,0.998,True,
2025-09-15,500,0,1.0,1.0,0.998,1.0,0.998,True,
2025-09-16,500,0,1.0,1.0,0.998,1.0,0.998,True,
2025-09-17,500,0,1.0,1.0,0.998,1.0,0.998,True,
2025-09-18,500,0,1.0,1.0,0.998,1.0,0.998,True,
2025-09-19,500,0,1.0,1.0,0.998,1.0,0.998,True,
2025-09-22,500,0,1.0,1.0,0.998,1.0,0.998,True,
2025-09-23,500,0,1.0,1.0,0.998,1.0,0.998,True,
2025-09-24,500,0,1.0,1.0,0.998,1.0,0.998,True,
2025-09-25,500,1,1.0,1.0,0.998,1.0,0.998,True,
2025-09-26,500,1,1.0,1.0,0.998,1.0,0.998,True,
2025-09-29,500,1,1.0,1.0,0.998,1.0,0.998,True,
2025-09-30,500,1,1.0,1.0,0.998,1.0,0.998,True,
2025-10-09,500,1,1.0,1.0,0.998,1.0,0.998,True,
2025-10-10,500,1,1.0,1.0,0.998,1.0,0.998,True,
2025-10-13,500,1,1.0,1.0,0.998,1.0,0.998,True,
2025-10-14,500,1,1.0,1.0,0.998,1.0,0.998,True,
2025-10-15,500,1,1.0,1.0,0.998,1.0,0.998,True,
2025-10-16,500,1,1.0,1.0,0.998,1.0,0.998,True,
2025-10-17,500,0,1.0,1.0,0.998,1.0,0.998,True,
2025-10-20,500,0,1.0,1.0,0.998,1.0,0.998,True,
2025-10-21,500,0,1.0,1.0,0.998,1.0,0.998,True,
2025-10-22,500,0,1.0,1.0,0.998,1.0,0.998,True,
2025-10-23,500,0,1.0,1.0,0.998,1.0,0.998,True,
2025-10-24,500,0,1.0,1.0,0.998,1.0,0.998,True,
2025-10-27,500,0,1.0,1.0,0.998,1.0,0.998,True,
2025-10-28,500,0,1.0,1.0,0.998,1.0,0.998,True,
2025-10-29,500,0,1.0,1.0,0.998,1.0,0.998,True,
2025-10-30,500,0,1.0,1.0,0.998,1.0,0.998,True,
2025-10-31,500,0,1.0,1.0,0.998,1.0,0.998,True,
2025-11-03,500,0,1.0,1.0,0.998,1.0,0.998,True,
2025-11-04,500,0,1.0,1.0,0.998,1.0,0.998,True,
2025-11-05,500,0,1.0,1.0,0.998,1.0,0.998,True,
2025-11-06,500,0,1.0,1.0,0.998,1.0,0.998,True,
2025-11-07,500,0,1.0,1.0,0.998,1.0,0.998,True,
2025-11-10,500,0,1.0,1.0,0.998,1.0,0.998,True,
2025-11-11,500,0,1.0,1.0,0.998,1.0,0.998,True,
2025-11-12,500,0,1.0,1.0,0.998,1.0,0.998,True,
2025-11-13,500,0,1.0,1.0,0.998,1.0,0.998,True,
2025-11-14,500,0,1.0,1.0,0.998,1.0,0.998,True,
2025-11-17,500,0,1.0,1.0,0.998,1.0,0.998,True,
2025-11-18,500,0,1.0,1.0,0.998,1.0,0.998,True,
2025-11-19,500,0,1.0,1.0,0.998,1.0,0.998,True,
2025-11-20,500,1,1.0,1.0,0.998,1.0,0.998,True,
2025-11-21,500,1,1.0,1.0,0.998,1.0,0.998,True,
2025-11-24,500,1,1.0,1.0,0.998,1.0,0.998,True,
2025-11-25,500,1,1.0,1.0,0.998,1.0,0.998,True,
2025-11-26,500,1,1.0,1.0,0.998,1.0,0.998,True,
2025-11-27,500,1,1.0,1.0,0.998,1.0,0.998,True,
2025-11-28,500,1,1.0,1.0,0.998,1.0,0.998,True,
2025-12-01,500,1,1.0,1.0,0.998,1.0,0.998,True,
2025-12-02,500,1,1.0,1.0,0.998,1.0,0.998,True,
2025-12-03,500,1,1.0,1.0,0.998,1.0,0.998,True,
2025-12-04,500,1,1.0,1.0,0.998,1.0,0.998,True,
2025-12-05,500,1,1.0,1.0,0.998,1.0,0.998,True,
2025-12-08,500,1,1.0,1.0,0.998,1.0,0.998,True,
2025-12-09,500,1,1.0,1.0,0.998,1.0,0.998,True,
2025-12-10,500,1,1.0,1.0,0.998,1.0,0.998,True,
2025-12-11,500,1,1.0,1.0,0.998,1.0,0.998,True,
2025-12-12,500,1,1.0,1.0,0.998,1.0,0.998,True,
2025-12-15,500,2,1.0,1.0,0.998,1.0,0.998,True,
2025-12-16,500,1,1.0,1.0,0.998,1.0,0.998,True,
2025-12-17,500,1,1.0,1.0,0.998,1.0,0.998,True,
2025-12-18,500,0,1.0,1.0,0.998,1.0,0.998,True,
2025-12-19,500,0,1.0,1.0,0.998,1.0,0.998,True,
2025-12-22,500,0,1.0,1.0,0.998,1.0,0.998,True,
2025-12-23,500,0,1.0,1.0,0.998,1.0,0.998,True,
2025-12-24,500,0,1.0,1.0,0.998,1.0,0.998,True,
2025-12-25,500,0,1.0,1.0,0.998,1.0,0.998,True,
2025-12-26,500,0,1.0,1.0,0.998,1.0,0.998,True,
2025-12-29,500,0,1.0,1.0,0.998,1.0,0.998,True,
2025-12-30,500,0,1.0,1.0,0.998,1.0,0.998,True,
2025-12-31,500,0,1.0,1.0,0.998,1.0,0.998,True,
2026-01-05,500,0,1.0,1.0,0.998,1.0,0.998,True,
2026-01-06,500,0,1.0,1.0,0.998,1.0,0.998,True,
2026-01-07,500,0,1.0,1.0,0.998,1.0,0.998,True,
2026-01-08,500,0,1.0,1.0,0.998,1.0,0.998,True,
2026-01-09,500,0,1.0,1.0,0.998,1.0,0.998,True,
2026-01-12,500,1,1.0,1.0,0.998,1.0,0.998,True,
2026-01-13,500,2,1.0,1.0,0.998,1.0,0.998,True,
2026-01-14,500,2,1.0,1.0,0.998,1.0,0.998,True,
2026-01-15,500,3,1.0,1.0,0.998,1.0,0.998,True,
2026-01-16,500,4,1.0,1.0,0.998,1.0,0.998,True,
2026-01-19,500,4,1.0,1.0,0.998,1.0,0.998,True,
2026-01-20,500,4,1.0,1.0,0.998,1.0,0.998,True,
2026-01-21,500,3,1.0,1.0,0.998,1.0,0.998,True,
2026-01-22,500,3,1.0,1.0,0.998,1.0,0.998,True,
2026-01-23,500,2,1.0,1.0,0.998,1.0,0.998,True,
2026-01-26,500,1,1.0,1.0,0.998,1.0,0.998,True,
2026-01-27,500,1,1.0,1.0,0.998,1.0,0.998,True,
2026-01-28,500,1,1.0,1.0,0.998,1.0,0.998,True,
2026-01-29,500,0,1.0,1.0,0.998,1.0,0.998,True,
2026-01-30,500,0,1.0,1.0,0.998,1.0,0.998,True,
2026-02-02,500,0,1.0,1.0,0.998,1.0,0.998,True,
2026-02-03,500,0,1.0,1.0,0.998,1.0,0.998,True,
2026-02-04,500,0,1.0,1.0,0.998,1.0,0.998,True,
2026-02-05,500,0,1.0,1.0,0.998,1.0,0.998,True,
2026-02-06,500,0,1.0,1.0,0.998,1.0,0.998,True,
2026-02-09,500,0,1.0,1.0,0.998,1.0,0.998,True,
2026-02-10,500,0,1.0,1.0,0.998,1.0,0.998,True,
2026-02-11,500,0,1.0,1.0,0.998,1.0,0.998,True,
2026-02-12,500,0,1.0,1.0,0.998,1.0,0.998,True,
2026-02-13,500,0,1.0,1.0,0.998,1.0,0.998,True,
2026-02-24,500,1,1.0,1.0,0.998,1.0,0.998,True,
2026-02-25,500,1,1.0,1.0,0.998,1.0,0.998,True,
2026-02-26,500,1,1.0,1.0,0.998,1.0,0.998,True,
2026-02-27,500,1,1.0,1.0,0.998,1.0,0.998,True,
2026-03-02,500,2,1.0,1.0,0.998,1.0,0.998,True,
2026-03-03,500,2,1.0,1.0,0.998,1.0,0.998,True,
2026-03-04,500,2,1.0,1.0,0.998,1.0,0.998,True,
2026-03-05,500,2,1.0,1.0,0.998,1.0,0.998,True,
2026-03-06,500,2,1.0,1.0,0.998,1.0,0.998,True,
2026-03-09,500,1,1.0,1.0,0.998,1.0,0.998,True,
2026-03-10,500,1,1.0,1.0,0.998,1.0,0.998,True,
2026-03-11,500,1,1.0,1.0,0.998,1.0,0.998,True,
2026-03-12,500,1,1.0,1.0,0.998,1.0,0.998,True,
2026-03-13,500,1,1.0,1.0,0.998,1.0,0.998,True,
2026-03-16,500,0,1.0,1.0,0.998,1.0,0.998,True,
2026-03-17,500,1,1.0,1.0,0.998,1.0,0.998,True,
2026-03-18,500,1,1.0,1.0,0.998,1.0,0.998,True,
2026-03-19,500,1,1.0,1.0,0.998,1.0,0.998,True,
2026-03-20,500,1,1.0,1.0,0.998,1.0,0.998,True,
2026-03-23,500,0,1.0,1.0,0.998,1.0,0.998,True,
2026-03-24,500,0,1.0,1.0,0.998,1.0,0.998,True,
2026-03-25,500,0,1.0,1.0,0.998,1.0,0.998,True,
2026-03-26,500,0,1.0,1.0,0.998,1.0,0.998,True,
2026-03-27,500,1,1.0,1.0,0.998,1.0,0.998,True,
2026-03-30,500,1,1.0,1.0,0.998,1.0,0.998,True,
2026-03-31,500,1,1.0,1.0,0.998,1.0,0.998,True,
2026-04-01,500,1,1.0,1.0,0.998,1.0,0.998,True,
2026-04-02,500,1,1.0,1.0,0.998,1.0,0.998,True,
2026-04-03,500,1,1.0,1.0,0.998,1.0,0.998,True,
2026-04-07,500,1,1.0,1.0,0.998,1.0,0.998,True,
2026-04-08,500,1,1.0,1.0,0.998,1.0,0.998,True,
2026-04-09,500,1,1.0,1.0,0.998,1.0,0.998,True,
2026-04-10,500,1,1.0,1.0,0.998,1.0,0.998,True,
2026-04-13,500,0,1.0,1.0,0.998,1.0,0.998,True,
2026-04-14,500,0,1.0,1.0,0.998,1.0,0.998,True,
2026-04-15,500,0,1.0,1.0,0.998,1.0,0.998,True,
2026-04-16,500,0,1.0,1.0,0.998,1.0,0.998,True,
2026-04-17,500,0,1.0,1.0,0.998,1.0,0.998,True,
2026-04-20,500,0,1.0,1.0,0.998,1.0,0.998,True,
2026-04-21,500,0,1.0,1.0,0.998,1.0,0.998,True,
2026-04-22,500,0,1.0,1.0,0.998,1.0,0.998,True,
2026-04-23,500,0,1.0,1.0,0.998,1.0,0.998,True,
2026-04-24,500,0,1.0,1.0,0.998,1.0,0.998,True,
2026-04-27,500,0,1.0,1.0,0.998,1.0,0.998,True,
2026-04-28,500,0,1.0,1.0,0.998,1.0,0.998,True,
2026-04-29,500,0,1.0,1.0,0.998,1.0,0.998,True,
2026-04-30,500,0,1.0,1.0,0.998,1.0,0.998,True,
2026-05-06,500,0,1.0,1.0,0.998,1.0,0.998,True,
2026-05-07,500,0,1.0,1.0,0.998,1.0,0.998,True,
2026-05-08,500,0,1.0,1.0,0.998,1.0,0.998,True,
2026-05-11,500,0,1.0,1.0,0.998,1.0,0.998,True,
2026-05-12,500,0,1.0,1.0,0.998,1.0,0.998,True,
2026-05-13,500,0,1.0,1.0,0.998,1.0,0.998,True,
2026-05-14,500,0,1.0,1.0,0.998,1.0,0.998,True,
2026-05-15,500,0,1.0,1.0,0.998,1.0,0.998,True,
2026-05-18,500,0,1.0,1.0,0.998,1.0,0.998,True,
2026-05-19,500,0,1.0,1.0,0.998,1.0,0.998,True,
2026-05-20,500,0,1.0,1.0,0.998,1.0,0.998,True,
2026-05-21,500,0,1.0,1.0,0.998,1.0,0.998,True,
2026-05-22,500,0,1.0,1.0,0.998,1.0,0.998,True,
2026-05-25,500,0,1.0,1.0,0.998,1.0,0.998,True,
2026-05-26,500,0,1.0,1.0,0.998,1.0,0.998,True,
2026-05-27,500,0,1.0,1.0,0.998,1.0,0.998,True,
2026-05-28,500,0,1.0,1.0,0.998,1.0,0.998,True,
2026-05-29,500,0,1.0,1.0,0.998,1.0,0.998,True,
2026-06-01,500,0,1.0,1.0,0.998,1.0,0.998,True,
2026-06-02,500,0,1.0,1.0,0.998,1.0,0.998,True,
2026-06-03,500,0,1.0,1.0,0.998,1.0,0.998,True,
2026-06-04,500,0,1.0,1.0,0.998,1.0,0.998,True,
2026-06-05,500,0,1.0,1.0,0.998,1.0,0.998,True,
2026-06-08,500,0,1.0,1.0,0.998,1.0,0.998,True,
2026-06-09,500,0,1.0,1.0,0.998,1.0,0.998,True,
2026-06-10,500,0,1.0,1.0,0.998,1.0,0.998,True,
2026-06-11,500,0,1.0,1.0,0.998,1.0,0.998,True,
2026-06-12,500,0,1.0,1.0,0.998,1.0,0.998,True,
2026-06-15,500,0,1.0,1.0,0.998,1.0,0.998,True,
2026-06-16,500,0,1.0,1.0,0.998,1.0,0.998,True,
2026-06-17,500,0,1.0,1.0,0.998,1.0,0.998,True,
2026-06-18,500,0,1.0,1.0,0.998,1.0,0.998,True,
2026-06-22,500,0,1.0,1.0,0.998,1.0,0.998,True,
2026-06-23,500,0,1.0,1.0,0.998,1.0,0.998,True,
2026-06-24,500,0,1.0,1.0,0.998,1.0,0.998,True,
2026-06-25,500,0,1.0,1.0,0.998,1.0,0.998,True,
2026-06-26,500,0,1.0,1.0,0.998,1.0,0.998,True,
2026-06-29,500,0,1.0,1.0,0.998,1.0,0.998,True,
2026-06-30,500,0,1.0,1.0,0.998,1.0,0.998,True,
