ts_code,return_contribution
000019.SZ,-0.0012406880015931356
000024.SZ,-0.0009447101290460603
000041.SZ,-0.0008409211363235448
000056.SZ,-0.0006903053587368069
000038.SZ,-0.0006173893391003271
000011.SZ,-0.0006098946545799566
000021.SZ,-0.0005734822545633511
000044.SZ,-0.0005343712152895018
000058.SZ,-0.0004555372156143389
000043.SZ,-0.000440076996277885
