commission,stamp_tax,slippage,impact,total_cost,cost_to_gross_return
0.00040295785133651367,9.840481616922784e-05,0.0006715964188941894,0.0002686385675576758,1441.6145247578797,200251.74266804743
