commission,stamp_tax,slippage,impact,total_cost,cost_to_gross_return
0.002280323461768643,0.0016532881163529585,0.0038005391029477392,0.0015202156411790956,11616.943837713949,31041.75163618489
