industry_code,avg_weight,return_contribution,observation_count
BANK,0.02,0.004974040286508976,36
INDUSTRIAL,0.02,0.003946201559813534,36
ENERGY,0.019999999999999997,0.003736951282785137,29
HEALTH,0.02,0.002969417155292968,35
CONSUMER,0.02,0.0011619613317725406,30
TECH,0.02,-8.544773635650333e-05,34
