ts_code,return_contribution
000013.SZ,0.0015578701209773339
000023.SZ,0.0013943494493280273
000052.SZ,0.0013799624412599676
000045.SZ,0.001341873216800662
000031.SZ,0.001316577440322586
000033.SZ,0.0013012439569756217
000049.SZ,0.0012898069796196299
000036.SZ,0.0012781471124882948
000042.SZ,0.001147716111998458
000002.SZ,0.0010731940337865486
