year,return,annual_volatility,max_drawdown,turnover
2022,0.005761051602985123,0.10143231561926988,-0.09532182792879074,0.00373109121607883
