year,return,annual_volatility,max_drawdown,turnover
2022,0.3616042778357358,0.219825519214486,-0.09529107256806557,0.021114106127487438
